level,instance,scenario_seed,algorithm_seed,event_index,event_time,event_type,event_size,strategy,budget,oracle_status,reference_cost,reused_legs,computed_legs,warm_start_fe,routing_fe,total_fe,response_time,fitness,distance,total_late,obstacle_violation,is_feasible,gap_to_reference,route_disruption
Mild,1,3101,7810,1,90,cancel,1,Restart,500,FEASIBLE,3341.27440164087,256,50,0,480,480,0.0461968,15202.4625690875,5577.49470476324,96.2496786432425,0,0,3.54989945202396,0.375
Mild,1,3101,8310,1,90,cancel,1,Restart,1000,FEASIBLE,3341.27440164087,256,50,0,990,990,0.0872543,9689.19551708922,4751.53638523247,49.3765913185675,0,0,1.89985028237458,0.5
Mild,1,3101,8810,1,90,cancel,1,Restart,1500,FEASIBLE,3341.27440164087,256,50,0,1500,1500,0.1220433,7651.75944343269,4829.06912816644,28.2269031526624,0,0,1.29007214722472,0.5625
Mild,1,3101,9810,1,90,cancel,1,Restart,2500,FEASIBLE,3341.27440164087,256,50,0,2490,2490,0.1984759,15903.3606301412,5042.70920448018,108.60651425661,0,0,3.75966913173345,0.5
Mild,1,3101,7810,1,90,cancel,1,WarmStart,500,FEASIBLE,3341.27440164087,256,50,49,450,499,0.0583265,8532.28302198672,4106.23425486704,44.2604876711968,0,0,1.55360140962879,0.1875
Mild,1,3101,8310,1,90,cancel,1,WarmStart,1000,FEASIBLE,3341.27440164087,256,50,49,930,979,0.0805484,7077.28592206659,3944.56791043147,31.3271801163513,0,0,1.11813968903332,0.125
Mild,1,3101,8810,1,90,cancel,1,WarmStart,1500,FEASIBLE,3341.27440164087,256,50,49,1440,1489,0.1281032,7067.91700268995,4076.57292830638,29.9134407438357,0,0,1.11533569323698,0.125
Mild,1,3101,9810,1,90,cancel,1,WarmStart,2500,FEASIBLE,3341.27440164087,256,50,49,2430,2479,0.1973503,5645.90026773217,3911.30398875318,17.3459627897899,0,0,0.689744567210498,0.1875
Mild,1,3101,7810,1,90,cancel,1,Repair,500,FEASIBLE,3341.27440164087,256,50,0,1,1,0.0036704,10920.3665815025,4357.25897798898,65.6310760351348,0,0,2.26832377973493,0
Mild,1,3101,8310,1,90,cancel,1,Repair,1000,FEASIBLE,3341.27440164087,256,50,0,1,1,0.0003583,10920.3665815025,4357.25897798898,65.6310760351348,0,0,2.26832377973493,0
Mild,1,3101,8810,1,90,cancel,1,Repair,1500,FEASIBLE,3341.27440164087,256,50,0,1,1,0.0003207,10920.3665815025,4357.25897798898,65.6310760351348,0,0,2.26832377973493,0
Mild,1,3101,9810,1,90,cancel,1,Repair,2500,FEASIBLE,3341.27440164087,256,50,0,1,1,0.0004494,10920.3665815025,4357.25897798898,65.6310760351348,0,0,2.26832377973493,0
Mild,1,3101,7820,2,150,add,1,Restart,500,UNKNOWN,NaN,169,71,0,480,480,0.0355233,7016.05803552648,3613.84972283665,34.0220831268983,0,0,NaN,0.538461538461538
Mild,1,3101,8320,2,150,add,1,Restart,1000,UNKNOWN,NaN,169,71,0,990,990,0.0722825,11866.1842950105,4039.86999898155,78.2631429602898,0,0,NaN,0.769230769230769
Mild,1,3101,8820,2,150,add,1,Restart,1500,UNKNOWN,NaN,169,71,0,1500,1500,0.1045954,9597.267756851,4009.31718323629,55.8795057361471,0,0,NaN,0.615384615384615
Mild,1,3101,9820,2,150,add,1,Restart,2500,UNKNOWN,NaN,169,71,0,2490,2490,0.1723506,15137.0293324156,4150.21366542702,109.868156669886,0,0,NaN,0.615384615384615
Mild,1,3101,7820,2,150,add,1,WarmStart,500,UNKNOWN,NaN,169,71,74,420,494,0.0423901,9440.79977148165,3537.37325831134,59.0342651317031,0,0,NaN,0.153846153846154
Mild,1,3101,8320,2,150,add,1,WarmStart,1000,UNKNOWN,NaN,169,71,73,900,973,0.0674364,5885.20603664624,3234.9527604263,26.5025327621994,0,0,NaN,0.153846153846154
Mild,1,3101,8820,2,150,add,1,WarmStart,1500,UNKNOWN,NaN,169,71,71,1410,1481,0.1076324,5885.20603664624,3234.9527604263,26.5025327621994,0,0,NaN,0.153846153846154
Mild,1,3101,9820,2,150,add,1,WarmStart,2500,UNKNOWN,NaN,169,71,72,2400,2472,0.1669226,5885.20603664624,3234.9527604263,26.5025327621994,0,0,NaN,0.153846153846154
Mild,1,3101,7820,2,150,add,1,Repair,500,UNKNOWN,NaN,169,71,0,15,15,0.0062354,12329.9360848984,3635.25696542326,86.9467911947511,0,0,NaN,0
Mild,1,3101,8320,2,150,add,1,Repair,1000,UNKNOWN,NaN,169,71,0,15,15,0.0021683,12329.9360848984,3635.25696542326,86.9467911947511,0,0,NaN,0
Mild,1,3101,8820,2,150,add,1,Repair,1500,UNKNOWN,NaN,169,71,0,15,15,0.0014464,12329.9360848984,3635.25696542326,86.9467911947511,0,0,NaN,0
Mild,1,3101,9820,2,150,add,1,Repair,2500,UNKNOWN,NaN,169,71,0,15,15,0.0012292,12329.9360848984,3635.25696542326,86.9467911947511,0,0,NaN,0
Mild,2,3102,7910,1,90,cancel,1,Restart,500,FEASIBLE,3029.86877584629,225,47,0,480,480,0.0353225,3704.02855485342,3704.02855485342,0,0,1,0.222504612866882,0.8
Mild,2,3102,8410,1,90,cancel,1,Restart,1000,FEASIBLE,3029.86877584629,225,47,0,990,990,0.0719671,6278.20433544673,4652.2971816893,16.2590715375744,0,0,1.07210437148161,0.533333333333333
Mild,2,3102,8910,1,90,cancel,1,Restart,1500,FEASIBLE,3029.86877584629,225,47,0,1500,1500,0.1097757,3693.04900100077,3693.04900100077,0,0,1,0.218880840794581,0.266666666666667
Mild,2,3102,9910,1,90,cancel,1,Restart,2500,FEASIBLE,3029.86877584629,225,47,0,2490,2490,0.18035,8459.97296586783,4121.68668770388,43.3828627816395,0,0,1.79219121082392,0.6
Mild,2,3102,7910,1,90,cancel,1,WarmStart,500,FEASIBLE,3029.86877584629,225,47,46,450,496,0.0387625,3591.6260388496,3591.6260388496,0,0,1,0.185406466273909,0.0666666666666667
Mild,2,3102,8410,1,90,cancel,1,WarmStart,1000,FEASIBLE,3029.86877584629,225,47,41,930,971,0.0702357,3591.6260388496,3591.6260388496,0,0,1,0.185406466273909,0.0666666666666667
Mild,2,3102,8910,1,90,cancel,1,WarmStart,1500,FEASIBLE,3029.86877584629,225,47,47,1440,1487,0.1157838,3591.6260388496,3591.6260388496,0,0,1,0.185406466273909,0.0666666666666667
Mild,2,3102,9910,1,90,cancel,1,WarmStart,2500,FEASIBLE,3029.86877584629,225,47,43,2430,2473,0.1768957,3591.6260388496,3591.6260388496,0,0,1,0.185406466273909,0.0666666666666667
Mild,2,3102,7910,1,90,cancel,1,Repair,500,FEASIBLE,3029.86877584629,225,47,0,1,1,0.0011716,3850.29365740464,3850.29365740464,0,0,1,0.270779014622241,0
Mild,2,3102,8410,1,90,cancel,1,Repair,1000,FEASIBLE,3029.86877584629,225,47,0,1,1,0.0001632,3850.29365740464,3850.29365740464,0,0,1,0.270779014622241,0
Mild,2,3102,8910,1,90,cancel,1,Repair,1500,FEASIBLE,3029.86877584629,225,47,0,1,1,9.42e-05,3850.29365740464,3850.29365740464,0,0,1,0.270779014622241,0
Mild,2,3102,9910,1,90,cancel,1,Repair,2500,FEASIBLE,3029.86877584629,225,47,0,1,1,8.72e-05,3850.29365740464,3850.29365740464,0,0,1,0.270779014622241,0
Mild,2,3102,7920,2,150,add,1,Restart,500,FEASIBLE,3028.64196405046,144,66,0,480,480,0.0334609,3883.97176376861,3809.26238308185,0.747093806867611,0,0,0.282413639469698,0.166666666666667
Mild,2,3102,8420,2,150,add,1,Restart,1000,FEASIBLE,3028.64196405046,144,66,0,990,990,0.0650749,4737.66179003652,3754.46415910578,9.83197630930744,0,0,0.564285856919331,0.166666666666667
Mild,2,3102,8920,2,150,add,1,Restart,1500,FEASIBLE,3028.64196405046,144,66,0,1500,1500,0.097352,7674.21120342053,4567.31027101223,31.069009324083,0,0,1.53387864743086,0.75
Mild,2,3102,9920,2,150,add,1,Restart,2500,FEASIBLE,3028.64196405046,144,66,0,2490,2490,0.1561479,3028.64196405046,3028.64196405046,0,0,1,-1.50148930208407e-16,0.0833333333333334
Mild,2,3102,7920,2,150,add,1,WarmStart,500,FEASIBLE,3028.64196405046,144,66,72,420,492,0.0328112,3028.64196405046,3028.64196405046,0,0,1,-1.50148930208407e-16,0.0833333333333334
Mild,2,3102,8420,2,150,add,1,WarmStart,1000,FEASIBLE,3028.64196405046,144,66,72,900,972,0.0629117,3028.64196405046,3028.64196405046,0,0,1,-1.50148930208407e-16,0.0833333333333334
Mild,2,3102,8920,2,150,add,1,WarmStart,1500,FEASIBLE,3028.64196405046,144,66,70,1410,1480,0.0958184,3028.64196405046,3028.64196405046,0,0,1,-1.50148930208407e-16,0.0833333333333334
Mild,2,3102,9920,2,150,add,1,WarmStart,2500,FEASIBLE,3028.64196405046,144,66,70,2430,2500,0.156821,3028.64196405046,3028.64196405046,0,0,1,-1.50148930208407e-16,0.0833333333333334
Mild,2,3102,7920,2,150,add,1,Repair,500,FEASIBLE,3028.64196405046,144,66,0,14,14,0.0022729,3232.7172593301,3232.7172593301,0,0,1,0.0673817828921268,0
Mild,2,3102,8420,2,150,add,1,Repair,1000,FEASIBLE,3028.64196405046,144,66,0,14,14,0.0010056,3232.7172593301,3232.7172593301,0,0,1,0.0673817828921268,0
Mild,2,3102,8920,2,150,add,1,Repair,1500,FEASIBLE,3028.64196405046,144,66,0,14,14,0.0009313,3232.7172593301,3232.7172593301,0,0,1,0.0673817828921268,0
Mild,2,3102,9920,2,150,add,1,Repair,2500,FEASIBLE,3028.64196405046,144,66,0,14,14,0.000862,3232.7172593301,3232.7172593301,0,0,1,0.0673817828921268,0
Moderate,1,3201,7810,1,90,cancel,2,Restart,500,FEASIBLE,2763.17676345423,196,44,0,480,480,0.0374774,7845.47700005869,4625.28793605494,32.2018906400374,0,0,1.83929609709482,0.642857142857143
Moderate,1,3201,8310,1,90,cancel,2,Restart,1000,FEASIBLE,2763.17676345423,196,44,0,990,990,0.0685051,3486.30057957563,3486.30057957563,0,0,1,0.26170016543474,0.357142857142857
Moderate,1,3201,8810,1,90,cancel,2,Restart,1500,FEASIBLE,2763.17676345423,196,44,0,1500,1500,0.1047384,3778.2571186354,3778.2571186354,0,0,1,0.367359905673288,0.5
Moderate,1,3201,9810,1,90,cancel,2,Restart,2500,FEASIBLE,2763.17676345423,196,44,0,2490,2490,0.1766474,3728.75638830675,3728.75638830675,0,0,1,0.349445477981458,0.5
Moderate,1,3201,7810,1,90,cancel,2,WarmStart,500,FEASIBLE,2763.17676345423,196,44,45,450,495,0.0357825,4042.38401135053,3919.68119784133,1.22702813509204,0,0,0.462948033153395,0.214285714285714
Moderate,1,3201,8310,1,90,cancel,2,WarmStart,1000,FEASIBLE,2763.17676345423,196,44,42,930,972,0.0724168,3914.40663415219,3914.40663415219,0,0,1,0.416632727201574,0.0714285714285714
Moderate,1,3201,8810,1,90,cancel,2,WarmStart,1500,FEASIBLE,2763.17676345423,196,44,45,1440,1485,0.1104033,3519.62632837573,3519.62632837573,0,0,1,0.273760830261134,0.142857142857143
Moderate,1,3201,9810,1,90,cancel,2,WarmStart,2500,FEASIBLE,2763.17676345423,196,44,45,2430,2475,0.1687956,4193.29049395615,3978.0030657591,2.15287428197047,0,0,0.517561434873293,0.142857142857143
Moderate,1,3201,7810,1,90,cancel,2,Repair,500,FEASIBLE,2763.17676345423,196,44,0,1,1,0.0011815,4332.20097822731,4005.78516261333,3.26415815613979,0,0,0.567833457318037,0
Moderate,1,3201,8310,1,90,cancel,2,Repair,1000,FEASIBLE,2763.17676345423,196,44,0,1,1,9.8e-05,4332.20097822731,4005.78516261333,3.26415815613979,0,0,0.567833457318037,0
Moderate,1,3201,8810,1,90,cancel,2,Repair,1500,FEASIBLE,2763.17676345423,196,44,0,1,1,8.27e-05,4332.20097822731,4005.78516261333,3.26415815613979,0,0,0.567833457318037,0
Moderate,1,3201,9810,1,90,cancel,2,Repair,2500,FEASIBLE,2763.17676345423,196,44,0,1,1,8e-05,4332.20097822731,4005.78516261333,3.26415815613979,0,0,0.567833457318037,0
Moderate,1,3201,7820,2,150,add,2,Restart,500,UNKNOWN,NaN,169,103,0,480,480,0.0408087,18157.9546929184,3813.68473255103,143.442699603674,0,0,NaN,0.769230769230769
Moderate,1,3201,8320,2,150,add,2,Restart,1000,UNKNOWN,NaN,169,103,0,990,990,0.0772458,9151.77643061963,3923.13521044417,52.2864122017546,0,0,NaN,0.384615384615385
Moderate,1,3201,8820,2,150,add,2,Restart,1500,UNKNOWN,NaN,169,103,0,1500,1500,0.1120983,6032.25603898877,2862.81542785171,31.6944061113706,0,0,NaN,0.769230769230769
Moderate,1,3201,9820,2,150,add,2,Restart,2500,UNKNOWN,NaN,169,103,0,2490,2490,0.1845878,9920.11311574238,3758.02536544761,61.6208775029477,0,0,NaN,0.230769230769231
Moderate,1,3201,7820,2,150,add,2,WarmStart,500,UNKNOWN,NaN,169,103,200,300,500,0.0416341,12206.1246082088,3783.22673841417,84.2289786979467,0,0,NaN,0.153846153846154
Moderate,1,3201,8320,2,150,add,2,WarmStart,1000,UNKNOWN,NaN,169,103,200,780,980,0.0722675,12604.5792129464,3906.62857888126,86.9795063406513,0,0,NaN,0
Moderate,1,3201,8820,2,150,add,2,WarmStart,1500,UNKNOWN,NaN,169,103,200,1290,1490,0.1076408,9411.59316606468,3451.43096196132,59.6016220410336,0,0,NaN,0.0769230769230769
Moderate,1,3201,9820,2,150,add,2,WarmStart,2500,UNKNOWN,NaN,169,103,200,2280,2480,0.1886823,12604.5792129464,3906.62857888126,86.9795063406513,0,0,NaN,0
Moderate,1,3201,7820,2,150,add,2,Repair,500,UNKNOWN,NaN,169,103,0,30,30,0.0044927,12604.5792129464,3906.62857888126,86.9795063406513,0,0,NaN,0
Moderate,1,3201,8320,2,150,add,2,Repair,1000,UNKNOWN,NaN,169,103,0,30,30,0.0022915,12604.5792129464,3906.62857888126,86.9795063406513,0,0,NaN,0
Moderate,1,3201,8820,2,150,add,2,Repair,1500,UNKNOWN,NaN,169,103,0,30,30,0.0021249,12604.5792129464,3906.62857888126,86.9795063406513,0,0,NaN,0
Moderate,1,3201,9820,2,150,add,2,Repair,2500,UNKNOWN,NaN,169,103,0,30,30,0.0023892,12604.5792129464,3906.62857888126,86.9795063406513,0,0,NaN,0
Moderate,2,3202,7910,1,90,cancel,2,Restart,500,FEASIBLE,3035.3499024659,169,41,0,480,480,0.0349833,3865.63072912922,3865.63072912922,0,0,1,0.27353710555373,0.230769230769231
Moderate,2,3202,8410,1,90,cancel,2,Restart,1000,FEASIBLE,3035.3499024659,169,41,0,990,990,0.0652152,3790.61391147172,3790.61391147172,0,0,1,0.24882271674585,0.461538461538462
Moderate,2,3202,8910,1,90,cancel,2,Restart,1500,FEASIBLE,3035.3499024659,169,41,0,1500,1500,0.1119034,3614.5138786011,3614.5138786011,0,0,1,0.190806330322804,0.769230769230769
Moderate,2,3202,9910,1,90,cancel,2,Restart,2500,FEASIBLE,3035.3499024659,169,41,0,2490,2490,0.1646827,3529.37441241232,3529.37441241232,0,0,1,0.162757021701213,0.538461538461538
Moderate,2,3202,7910,1,90,cancel,2,WarmStart,500,FEASIBLE,3035.3499024659,169,41,40,450,490,0.0328944,3442.56834432438,3442.56834432438,0,0,1,0.134158648901616,0.153846153846154
Moderate,2,3202,8410,1,90,cancel,2,WarmStart,1000,FEASIBLE,3035.3499024659,169,41,38,960,998,0.0658821,3442.56834432438,3442.56834432438,0,0,1,0.134158648901616,0.153846153846154
Moderate,2,3202,8910,1,90,cancel,2,WarmStart,1500,FEASIBLE,3035.3499024659,169,41,44,1440,1484,0.0943985,3442.56834432438,3442.56834432438,0,0,1,0.134158648901616,0.153846153846154
Moderate,2,3202,9910,1,90,cancel,2,WarmStart,2500,FEASIBLE,3035.3499024659,169,41,42,2430,2472,0.156037,3442.56834432438,3442.56834432438,0,0,1,0.134158648901616,0.153846153846154
Moderate,2,3202,7910,1,90,cancel,2,Repair,500,FEASIBLE,3035.3499024659,169,41,0,1,1,9.31e-05,3653.83004909374,3653.83004909374,0,0,1,0.203759094174083,0
Moderate,2,3202,8410,1,90,cancel,2,Repair,1000,FEASIBLE,3035.3499024659,169,41,0,1,1,7.24e-05,3653.83004909374,3653.83004909374,0,0,1,0.203759094174083,0
Moderate,2,3202,8910,1,90,cancel,2,Repair,1500,FEASIBLE,3035.3499024659,169,41,0,1,1,6.91e-05,3653.83004909374,3653.83004909374,0,0,1,0.203759094174083,0
Moderate,2,3202,9910,1,90,cancel,2,Repair,2500,FEASIBLE,3035.3499024659,169,41,0,1,1,6.5e-05,3653.83004909374,3653.83004909374,0,0,1,0.203759094174083,0
Moderate,2,3202,7920,2,150,add,2,Restart,500,UNKNOWN,NaN,144,96,0,480,480,0.0378157,15870.4049034125,3392.49642271726,124.779084806953,0,0,NaN,0.666666666666667
Moderate,2,3202,8420,2,150,add,2,Restart,1000,UNKNOWN,NaN,144,96,0,990,990,0.0760362,10119.7681765406,3473.68989023162,66.4607828630893,0,0,NaN,0.833333333333333
Moderate,2,3202,8920,2,150,add,2,Restart,1500,UNKNOWN,NaN,144,96,0,1500,1500,0.1266537,9667.78057635353,3969.30977008625,56.9847080626727,0,0,NaN,0.75
Moderate,2,3202,9920,2,150,add,2,Restart,2500,UNKNOWN,NaN,144,96,0,2490,2490,0.1708809,6558.9801505954,3363.32865450971,31.9565149608569,0,0,NaN,0.833333333333333
Moderate,2,3202,7920,2,150,add,2,WarmStart,500,UNKNOWN,NaN,144,96,200,300,500,0.0401037,13435.803808953,3422.07573373451,100.137280752184,0,0,NaN,0.0833333333333334
Moderate,2,3202,8420,2,150,add,2,WarmStart,1000,UNKNOWN,NaN,144,96,200,780,980,0.0695675,13435.803808953,3422.07573373451,100.137280752184,0,0,NaN,0.0833333333333334
Moderate,2,3202,8920,2,150,add,2,WarmStart,1500,UNKNOWN,NaN,144,96,200,1290,1490,0.1068139,13435.803808953,3422.07573373451,100.137280752184,0,0,NaN,0.0833333333333334
Moderate,2,3202,9920,2,150,add,2,WarmStart,2500,UNKNOWN,NaN,144,96,200,2280,2480,0.1690541,13435.803808953,3422.07573373451,100.137280752184,0,0,NaN,0.0833333333333334
Moderate,2,3202,7920,2,150,add,2,Repair,500,UNKNOWN,NaN,144,96,0,28,28,0.0019682,16772.4852989221,3636.63982661063,131.358454723114,0,0,NaN,0
Moderate,2,3202,8420,2,150,add,2,Repair,1000,UNKNOWN,NaN,144,96,0,28,28,0.0019431,16772.4852989221,3636.63982661063,131.358454723114,0,0,NaN,0
Moderate,2,3202,8920,2,150,add,2,Repair,1500,UNKNOWN,NaN,144,96,0,28,28,0.0016997,16772.4852989221,3636.63982661063,131.358454723114,0,0,NaN,0
Moderate,2,3202,9920,2,150,add,2,Repair,2500,UNKNOWN,NaN,144,96,0,28,28,0.0016822,16772.4852989221,3636.63982661063,131.358454723114,0,0,NaN,0
Severe,1,3301,7810,1,90,cancel,4,Restart,500,FEASIBLE,2792.46391646407,144,38,0,480,480,0.0374937,4015.858351521,4015.858351521,0,0,1,0.4381057272912,0.75
Severe,1,3301,8310,1,90,cancel,4,Restart,1000,FEASIBLE,2792.46391646407,144,38,0,990,990,0.0680535,4463.44481646464,4463.44481646464,0,0,1,0.598389433127009,0.75
Severe,1,3301,8810,1,90,cancel,4,Restart,1500,FEASIBLE,2792.46391646407,144,38,0,1500,1500,0.0939386,4162.14526917575,4162.14526917575,0,0,1,0.490492050635347,0.583333333333333
Severe,1,3301,9810,1,90,cancel,4,Restart,2500,FEASIBLE,2792.46391646407,144,38,0,2490,2490,0.1510667,3030.84041876396,3030.84041876396,0,0,1,0.0853642193528238,0.75
Severe,1,3301,7810,1,90,cancel,4,WarmStart,500,FEASIBLE,2792.46391646407,144,38,35,450,485,0.0313281,3024.74008133441,3024.74008133441,0,0,1,0.0831796477300415,0.166666666666667
Severe,1,3301,8310,1,90,cancel,4,WarmStart,1000,FEASIBLE,2792.46391646407,144,38,39,960,999,0.0674229,3024.74008133441,3024.74008133441,0,0,1,0.0831796477300415,0.166666666666667
Severe,1,3301,8810,1,90,cancel,4,WarmStart,1500,FEASIBLE,2792.46391646407,144,38,40,1440,1480,0.1226404,3024.74008133441,3024.74008133441,0,0,1,0.0831796477300415,0.166666666666667
Severe,1,3301,9810,1,90,cancel,4,WarmStart,2500,FEASIBLE,2792.46391646407,144,38,39,2460,2499,0.1509451,3024.74008133441,3024.74008133441,0,0,1,0.0831796477300415,0.166666666666667
Severe,1,3301,7810,1,90,cancel,4,Repair,500,FEASIBLE,2792.46391646407,144,38,0,1,1,9.96e-05,3401.35951022306,3401.35951022306,0,0,1,0.218049583440992,0
Severe,1,3301,8310,1,90,cancel,4,Repair,1000,FEASIBLE,2792.46391646407,144,38,0,1,1,6.89e-05,3401.35951022306,3401.35951022306,0,0,1,0.218049583440992,0
Severe,1,3301,8810,1,90,cancel,4,Repair,1500,FEASIBLE,2792.46391646407,144,38,0,1,1,6.55e-05,3401.35951022306,3401.35951022306,0,0,1,0.218049583440992,0
Severe,1,3301,9810,1,90,cancel,4,Repair,2500,FEASIBLE,2792.46391646407,144,38,0,1,1,6.25e-05,3401.35951022306,3401.35951022306,0,0,1,0.218049583440992,0
Severe,1,3301,7820,2,150,add,4,Restart,500,UNKNOWN,NaN,169,173,0,480,480,0.0414706,60878.5342103064,5721.70902576944,551.568251845369,0,0,NaN,0.538461538461538
Severe,1,3301,8320,2,150,add,4,Restart,1000,UNKNOWN,NaN,169,173,0,990,990,0.0817444,61438.6553527153,5791.90327184863,556.467520808667,0,0,NaN,0.538461538461538
Severe,1,3301,8820,2,150,add,4,Restart,1500,UNKNOWN,NaN,169,173,0,1500,1500,0.1307286,34267.9806955602,5413.0451944574,288.549355011028,0,0,NaN,0.461538461538462
Severe,1,3301,9820,2,150,add,4,Restart,2500,UNKNOWN,NaN,169,173,0,2490,2490,0.2018298,42395.3801046564,5744.34560026437,366.51034504392,0,0,NaN,0.461538461538462
Severe,1,3301,7820,2,150,add,4,WarmStart,500,UNKNOWN,NaN,169,173,200,300,500,0.5191961,16977.7515303026,3763.902081277,132.138494490255,0,0,NaN,0.230769230769231
Severe,1,3301,8320,2,150,add,4,WarmStart,1000,UNKNOWN,NaN,169,173,200,780,980,0.5527586,15762.8982363879,3750.88094393366,120.120172924543,0,0,NaN,0.230769230769231
Severe,1,3301,8820,2,150,add,4,WarmStart,1500,UNKNOWN,NaN,169,173,200,1290,1490,0.5893896,15095.6902069814,3719.10913300954,113.765810739719,0,0,NaN,0.230769230769231
Severe,1,3301,9820,2,150,add,4,WarmStart,2500,UNKNOWN,NaN,169,173,200,2280,2480,0.6564357,12339.8304977021,3347.932720062,89.9189777764008,0,0,NaN,0.230769230769231
Severe,1,3301,7820,2,150,add,4,Repair,500,UNKNOWN,NaN,169,173,0,63,63,0.0041335,16914.0874096571,3805.6994759941,131.08387933663,0,0,NaN,0
Severe,1,3301,8320,2,150,add,4,Repair,1000,UNKNOWN,NaN,169,173,0,63,63,0.0040817,16914.0874096571,3805.6994759941,131.08387933663,0,0,NaN,0
Severe,1,3301,8820,2,150,add,4,Repair,1500,UNKNOWN,NaN,169,173,0,63,63,0.0039956,16914.0874096571,3805.6994759941,131.08387933663,0,0,NaN,0
Severe,1,3301,9820,2,150,add,4,Repair,2500,UNKNOWN,NaN,169,173,0,63,63,0.0040499,16914.0874096571,3805.6994759941,131.08387933663,0,0,NaN,0
Severe,2,3302,7910,1,90,cancel,4,Restart,500,FEASIBLE,2494.48255924152,144,38,0,480,480,0.0306081,3608.30616188982,3608.30616188982,0,0,1,0.446514888838098,0.25
Severe,2,3302,8410,1,90,cancel,4,Restart,1000,FEASIBLE,2494.48255924152,144,38,0,990,990,0.0624229,3452.45638942417,3452.45638942417,0,0,1,0.384037092836576,0.5
Severe,2,3302,8910,1,90,cancel,4,Restart,1500,FEASIBLE,2494.48255924152,144,38,0,1500,1500,0.0899097,3633.47425499175,3633.47425499175,0,0,1,0.4566043933763,0.333333333333333
Severe,2,3302,9910,1,90,cancel,4,Restart,2500,FEASIBLE,2494.48255924152,144,38,0,2490,2490,0.1517346,3257.51447007304,3257.51447007304,0,0,1,0.305887851572526,0.416666666666667
Severe,2,3302,7910,1,90,cancel,4,WarmStart,500,FEASIBLE,2494.48255924152,144,38,43,450,493,0.0310259,2835.33316442351,2835.33316442351,0,0,1,0.136641807303569,0.0833333333333334
Severe,2,3302,8410,1,90,cancel,4,WarmStart,1000,FEASIBLE,2494.48255924152,144,38,39,960,999,0.0652227,2864.03632672876,2864.03632672876,0,0,1,0.148148467151284,0.166666666666667
Severe,2,3302,8910,1,90,cancel,4,WarmStart,1500,FEASIBLE,2494.48255924152,144,38,39,1440,1479,0.0947531,2835.33316442351,2835.33316442351,0,0,1,0.136641807303569,0.0833333333333334
Severe,2,3302,9910,1,90,cancel,4,WarmStart,2500,FEASIBLE,2494.48255924152,144,38,39,2460,2499,0.153447,2835.33316442351,2835.33316442351,0,0,1,0.136641807303569,0.0833333333333334
Severe,2,3302,7910,1,90,cancel,4,Repair,500,FEASIBLE,2494.48255924152,144,38,0,1,1,9.83e-05,3685.81118691023,3685.81118691023,0,0,1,0.477585470884572,0
Severe,2,3302,8410,1,90,cancel,4,Repair,1000,FEASIBLE,2494.48255924152,144,38,0,1,1,6.99e-05,3685.81118691023,3685.81118691023,0,0,1,0.477585470884572,0
Severe,2,3302,8910,1,90,cancel,4,Repair,1500,FEASIBLE,2494.48255924152,144,38,0,1,1,6.82e-05,3685.81118691023,3685.81118691023,0,0,1,0.477585470884572,0
Severe,2,3302,9910,1,90,cancel,4,Repair,2500,FEASIBLE,2494.48255924152,144,38,0,1,1,6.89e-05,3685.81118691023,3685.81118691023,0,0,1,0.477585470884572,0
Severe,2,3302,7920,2,150,add,4,Restart,500,UNKNOWN,NaN,169,173,0,480,480,0.0402041,53992.6076107912,6631.65470117307,473.609529096182,0,0,NaN,0.461538461538462
Severe,2,3302,8420,2,150,add,4,Restart,1000,UNKNOWN,NaN,169,173,0,990,990,0.0828956,62994.5949239079,5153.09363605148,578.415012878564,0,0,NaN,0.692307692307692
Severe,2,3302,8920,2,150,add,4,Restart,1500,UNKNOWN,NaN,169,173,0,1500,1500,0.1250175,59401.1747763859,5267.43126547515,541.337435109107,0,0,NaN,0.615384615384615
Severe,2,3302,9920,2,150,add,4,Restart,2500,UNKNOWN,NaN,169,173,0,2490,2490,0.2054228,47371.353873346,4949.88607355726,424.214677997888,0,0,NaN,0.538461538461538
Severe,2,3302,7920,2,150,add,4,WarmStart,500,UNKNOWN,NaN,169,173,200,300,500,0.5002559,23258.4429053304,4446.45601169468,188.119868936357,0,0,NaN,0
Severe,2,3302,8420,2,150,add,4,WarmStart,1000,UNKNOWN,NaN,169,173,200,780,980,0.5415439,38566.8518735342,5503.56066122738,330.632912123068,0,0,NaN,0.230769230769231
Severe,2,3302,8920,2,150,add,4,WarmStart,1500,UNKNOWN,NaN,169,173,200,1290,1490,0.5706375,24391.451065937,4500.40878124738,198.910422846897,0,0,NaN,0.0769230769230769
Severe,2,3302,9920,2,150,add,4,WarmStart,2500,UNKNOWN,NaN,169,173,200,2280,2480,0.6417265,23258.4429053304,4446.45601169468,188.119868936357,0,0,NaN,0
Severe,2,3302,7920,2,150,add,4,Repair,500,UNKNOWN,NaN,169,173,0,63,63,0.0050643,23258.4429053304,4446.45601169468,188.119868936357,0,0,NaN,0
Severe,2,3302,8420,2,150,add,4,Repair,1000,UNKNOWN,NaN,169,173,0,63,63,0.0046019,23258.4429053304,4446.45601169468,188.119868936357,0,0,NaN,0
Severe,2,3302,8920,2,150,add,4,Repair,1500,UNKNOWN,NaN,169,173,0,63,63,0.004894,23258.4429053304,4446.45601169468,188.119868936357,0,0,NaN,0
Severe,2,3302,9920,2,150,add,4,Repair,2500,UNKNOWN,NaN,169,173,0,63,63,0.0048507,23258.4429053304,4446.45601169468,188.119868936357,0,0,NaN,0
