level,instance,scenario_seed,algorithm_seed,budget,strategy,event_time,event_size,oracle_status,reference_cost,warm_start_fe,routing_fe,total_fe,response_time,fitness,distance,total_late,obstacle_violation,is_feasible,gap_to_reference,route_disruption,gap_to_bks,bks_cost
M1,1,6101,8200,500,Restart,90,1,KNOWN_FEASIBLE_WITNESS,3489.9215042075,0,480,480,0.0593007,5594.75360514922,5594.75360514922,0,0,1,0.603117318943738,0.705882352941176,0.603117318943737,3489.9215042075
M1,1,6101,8700,1000,Restart,90,1,KNOWN_FEASIBLE_WITNESS,3489.9215042075,0,990,990,0.1202265,3927.03583354234,3927.03583354234,0,0,1,0.125250475922698,0.529411764705882,0.125250475922696,3489.9215042075
M1,1,6101,9200,1500,Restart,90,1,KNOWN_FEASIBLE_WITNESS,3489.9215042075,0,1500,1500,0.180918,4691.14383378084,4691.14383378084,0,0,1,0.344197520811035,0.705882352941176,0.344197520811035,3489.9215042075
M1,1,6101,10200,2500,Restart,90,1,KNOWN_FEASIBLE_WITNESS,3489.9215042075,0,2490,2490,0.275064,4449.22884404868,4449.22884404868,0,0,1,0.274879345763113,0.588235294117647,0.274879345763114,3489.9215042075
M1,1,6101,8200,500,WarmStart,90,1,KNOWN_FEASIBLE_WITNESS,3489.9215042075,76,420,496,0.0768678,3489.9215042075,3489.9215042075,0,0,1,0,0,0,3489.9215042075
M1,1,6101,8700,1000,WarmStart,90,1,KNOWN_FEASIBLE_WITNESS,3489.9215042075,76,900,976,0.1003223,3489.9215042075,3489.9215042075,0,0,1,0,0,0,3489.9215042075
M1,1,6101,9200,1500,WarmStart,90,1,KNOWN_FEASIBLE_WITNESS,3489.9215042075,78,1410,1488,0.1857115,3489.9215042075,3489.9215042075,0,0,1,0,0,0,3489.9215042075
M1,1,6101,10200,2500,WarmStart,90,1,KNOWN_FEASIBLE_WITNESS,3489.9215042075,76,2400,2476,0.2614532,3489.9215042075,3489.9215042075,0,0,1,0,0,0,3489.9215042075
M1,1,6101,8200,500,Repair,90,1,KNOWN_FEASIBLE_WITNESS,3489.9215042075,0,19,19,0.0082574,3489.9215042075,3489.9215042075,0,0,1,0,0,0,3489.9215042075
M1,1,6101,8700,1000,Repair,90,1,KNOWN_FEASIBLE_WITNESS,3489.9215042075,0,19,19,0.0031279,3489.9215042075,3489.9215042075,0,0,1,0,0,0,3489.9215042075
M1,1,6101,9200,1500,Repair,90,1,KNOWN_FEASIBLE_WITNESS,3489.9215042075,0,19,19,0.0026012,3489.9215042075,3489.9215042075,0,0,1,0,0,0,3489.9215042075
M1,1,6101,10200,2500,Repair,90,1,KNOWN_FEASIBLE_WITNESS,3489.9215042075,0,19,19,0.0020869,3489.9215042075,3489.9215042075,0,0,1,0,0,0,3489.9215042075
M1,2,6102,8300,500,Restart,90,1,KNOWN_FEASIBLE_WITNESS,3490.60296697375,0,480,480,0.0508873,5588.41800732963,5588.41800732963,0,0,1,0.600989301906948,0.470588235294118,0.600989301906949,3490.60296697375
M1,2,6102,8800,1000,Restart,90,1,KNOWN_FEASIBLE_WITNESS,3490.60296697375,0,990,990,0.1054653,5482.58710521554,5482.58710521554,0,0,1,0.570670499363262,0.588235294117647,0.570670499363261,3490.60296697375
M1,2,6102,9300,1500,Restart,90,1,KNOWN_FEASIBLE_WITNESS,3490.60296697375,0,1500,1500,0.1623065,5036.12517996538,5036.12517996538,0,0,1,0.442766544237356,0.411764705882353,0.442766544237356,3490.60296697375
M1,2,6102,10300,2500,Restart,90,1,KNOWN_FEASIBLE_WITNESS,3490.60296697375,0,2490,2490,0.2756509,4765.91520406914,4765.91520406914,0,0,1,0.365355856613234,0.647058823529412,0.365355856613234,3490.60296697375
M1,2,6102,8300,500,WarmStart,90,1,KNOWN_FEASIBLE_WITNESS,3490.60296697375,77,420,497,0.0526938,3490.60296697375,3490.60296697375,0,0,1,0,0,0,3490.60296697375
M1,2,6102,8800,1000,WarmStart,90,1,KNOWN_FEASIBLE_WITNESS,3490.60296697375,77,900,977,0.0932677,3490.60296697375,3490.60296697375,0,0,1,0,0,0,3490.60296697375
M1,2,6102,9300,1500,WarmStart,90,1,KNOWN_FEASIBLE_WITNESS,3490.60296697375,77,1410,1487,0.1633921,3490.60296697375,3490.60296697375,0,0,1,0,0,0,3490.60296697375
M1,2,6102,10300,2500,WarmStart,90,1,KNOWN_FEASIBLE_WITNESS,3490.60296697375,76,2400,2476,0.2436413,3490.60296697375,3490.60296697375,0,0,1,0,0,0,3490.60296697375
M1,2,6102,8300,500,Repair,90,1,KNOWN_FEASIBLE_WITNESS,3490.60296697375,0,19,19,0.0043848,3490.60296697375,3490.60296697375,0,0,1,0,0,0,3490.60296697375
M1,2,6102,8800,1000,Repair,90,1,KNOWN_FEASIBLE_WITNESS,3490.60296697375,0,19,19,0.0019293,3490.60296697375,3490.60296697375,0,0,1,0,0,0,3490.60296697375
M1,2,6102,9300,1500,Repair,90,1,KNOWN_FEASIBLE_WITNESS,3490.60296697375,0,19,19,0.0015912,3490.60296697375,3490.60296697375,0,0,1,0,0,0,3490.60296697375
M1,2,6102,10300,2500,Repair,90,1,KNOWN_FEASIBLE_WITNESS,3490.60296697375,0,19,19,0.001442,3490.60296697375,3490.60296697375,0,0,1,0,0,0,3490.60296697375
M1,3,6103,8400,500,Restart,90,1,KNOWN_FEASIBLE_WITNESS,3489.89059281845,0,480,480,0.0507584,5115.7192128559,5115.7192128559,0,0,1,0.465868077177866,0.529411764705882,0.465868077177865,3489.89059281845
M1,3,6103,8900,1000,Restart,90,1,KNOWN_FEASIBLE_WITNESS,3489.89059281845,0,990,990,0.1058097,4931.92948386999,4931.92948386999,0,0,1,0.41320461278041,0.647058823529412,0.413204612780409,3489.89059281845
M1,3,6103,9400,1500,Restart,90,1,KNOWN_FEASIBLE_WITNESS,3489.89059281845,0,1500,1500,0.1650115,5154.18140974341,5154.18140974341,0,0,1,0.476889109460842,0.588235294117647,0.476889109460842,3489.89059281845
M1,3,6103,10400,2500,Restart,90,1,KNOWN_FEASIBLE_WITNESS,3489.89059281845,0,2490,2490,0.2878013,4321.94636587373,4321.94636587373,0,0,1,0.238418870427484,0.705882352941176,0.238418870427485,3489.89059281845
M1,3,6103,8400,500,WarmStart,90,1,KNOWN_FEASIBLE_WITNESS,3489.89059281845,78,420,498,0.0496334,3489.89059281845,3489.89059281845,0,0,1,0,0,0,3489.89059281845
M1,3,6103,8900,1000,WarmStart,90,1,KNOWN_FEASIBLE_WITNESS,3489.89059281845,77,900,977,0.1009257,3489.89059281845,3489.89059281845,0,0,1,0,0,0,3489.89059281845
M1,3,6103,9400,1500,WarmStart,90,1,KNOWN_FEASIBLE_WITNESS,3489.89059281845,78,1410,1488,0.171186,3489.89059281845,3489.89059281845,0,0,1,0,0,0,3489.89059281845
M1,3,6103,10400,2500,WarmStart,90,1,KNOWN_FEASIBLE_WITNESS,3489.89059281845,76,2400,2476,0.2545029,3489.89059281845,3489.89059281845,0,0,1,0,0,0,3489.89059281845
M1,3,6103,8400,500,Repair,90,1,KNOWN_FEASIBLE_WITNESS,3489.89059281845,0,19,19,0.0027805,3489.89059281845,3489.89059281845,0,0,1,0,0,0,3489.89059281845
M1,3,6103,8900,1000,Repair,90,1,KNOWN_FEASIBLE_WITNESS,3489.89059281845,0,19,19,0.0021178,3489.89059281845,3489.89059281845,0,0,1,0,0,0,3489.89059281845
M1,3,6103,9400,1500,Repair,90,1,KNOWN_FEASIBLE_WITNESS,3489.89059281845,0,19,19,0.0015318,3489.89059281845,3489.89059281845,0,0,1,0,0,0,3489.89059281845
M1,3,6103,10400,2500,Repair,90,1,KNOWN_FEASIBLE_WITNESS,3489.89059281845,0,19,19,0.0018006,3489.89059281845,3489.89059281845,0,0,1,0,0,0,3489.89059281845
M1,4,6104,8500,500,Restart,90,1,KNOWN_FEASIBLE_WITNESS,3489.91923314473,0,480,480,0.0508458,4652.87855328766,4652.87855328766,0,0,1,0.333233878050239,0.705882352941176,0.333233878050238,3489.91923314473
M1,4,6104,9000,1000,Restart,90,1,KNOWN_FEASIBLE_WITNESS,3489.91923314473,0,990,990,0.1181892,4979.09692903209,4979.09692903209,0,0,1,0.426708355237631,0.588235294117647,0.42670835523763,3489.91923314473
M1,4,6104,9500,1500,Restart,90,1,KNOWN_FEASIBLE_WITNESS,3489.91923314473,0,1500,1500,0.1933439,4350.08981290038,4350.08981290038,0,0,1,0.246472918796049,0.411764705882353,0.246472918796049,3489.91923314473
M1,4,6104,10500,2500,Restart,90,1,KNOWN_FEASIBLE_WITNESS,3489.91923314473,0,2490,2490,0.2732467,4376.14747777899,4376.14747777899,0,0,1,0.253939471211112,0.470588235294118,0.253939471211111,3489.91923314473
M1,4,6104,8500,500,WarmStart,90,1,KNOWN_FEASIBLE_WITNESS,3489.91923314473,78,420,498,0.0513386,3489.91923314473,3489.91923314473,0,0,1,0,0,0,3489.91923314473
M1,4,6104,9000,1000,WarmStart,90,1,KNOWN_FEASIBLE_WITNESS,3489.91923314473,78,900,978,0.1024278,3489.91923314473,3489.91923314473,0,0,1,0,0,0,3489.91923314473
M1,4,6104,9500,1500,WarmStart,90,1,KNOWN_FEASIBLE_WITNESS,3489.91923314473,75,1410,1485,0.1384959,3489.91923314473,3489.91923314473,0,0,1,0,0,0,3489.91923314473
M1,4,6104,10500,2500,WarmStart,90,1,KNOWN_FEASIBLE_WITNESS,3489.91923314473,77,2400,2477,0.2336975,3489.91923314473,3489.91923314473,0,0,1,0,0,0,3489.91923314473
M1,4,6104,8500,500,Repair,90,1,KNOWN_FEASIBLE_WITNESS,3489.91923314473,0,19,19,0.0015848,3489.91923314473,3489.91923314473,0,0,1,0,0,0,3489.91923314473
M1,4,6104,9000,1000,Repair,90,1,KNOWN_FEASIBLE_WITNESS,3489.91923314473,0,19,19,0.0015837,3489.91923314473,3489.91923314473,0,0,1,0,0,0,3489.91923314473
M1,4,6104,9500,1500,Repair,90,1,KNOWN_FEASIBLE_WITNESS,3489.91923314473,0,19,19,0.0015051,3489.91923314473,3489.91923314473,0,0,1,0,0,0,3489.91923314473
M1,4,6104,10500,2500,Repair,90,1,KNOWN_FEASIBLE_WITNESS,3489.91923314473,0,19,19,0.0014813,3489.91923314473,3489.91923314473,0,0,1,0,0,0,3489.91923314473
M1,5,6105,8600,500,Restart,90,1,KNOWN_FEASIBLE_WITNESS,3490.01893669433,0,480,480,0.0778751,5673.47556285412,5673.47556285412,0,0,1,0.62562887645186,0.647058823529412,0.62562887645186,3490.01893669433
M1,5,6105,9100,1000,Restart,90,1,KNOWN_FEASIBLE_WITNESS,3490.01893669433,0,990,990,0.1542849,5058.92085674936,5058.92085674936,0,0,1,0.449539658240667,0.470588235294118,0.449539658240668,3490.01893669433
M1,5,6105,9600,1500,Restart,90,1,KNOWN_FEASIBLE_WITNESS,3490.01893669433,0,1500,1500,0.2393134,6132.03069945355,6132.03069945355,0,0,1,0.75701932014778,0.647058823529412,0.75701932014778,3490.01893669433
M1,5,6105,10600,2500,Restart,90,1,KNOWN_FEASIBLE_WITNESS,3490.01893669433,0,2490,2490,0.379572,4041.33462959229,4041.33462959229,0,0,1,0.157969255439098,0.352941176470588,0.157969255439099,3490.01893669433
M1,5,6105,8600,500,WarmStart,90,1,KNOWN_FEASIBLE_WITNESS,3490.01893669433,78,420,498,0.0956288,3490.01893669433,3490.01893669433,0,0,1,0,0,0,3490.01893669433
M1,5,6105,9100,1000,WarmStart,90,1,KNOWN_FEASIBLE_WITNESS,3490.01893669433,77,900,977,0.1409518,3490.01893669433,3490.01893669433,0,0,1,0,0,0,3490.01893669433
M1,5,6105,9600,1500,WarmStart,90,1,KNOWN_FEASIBLE_WITNESS,3490.01893669433,76,1410,1486,0.2210613,3490.01893669433,3490.01893669433,0,0,1,0,0,0,3490.01893669433
M1,5,6105,10600,2500,WarmStart,90,1,KNOWN_FEASIBLE_WITNESS,3490.01893669433,76,2400,2476,0.3607897,3490.01893669433,3490.01893669433,0,0,1,0,0,0,3490.01893669433
M1,5,6105,8600,500,Repair,90,1,KNOWN_FEASIBLE_WITNESS,3490.01893669433,0,19,19,0.0027334,3490.01893669433,3490.01893669433,0,0,1,0,0,0,3490.01893669433
M1,5,6105,9100,1000,Repair,90,1,KNOWN_FEASIBLE_WITNESS,3490.01893669433,0,19,19,0.0032487,3490.01893669433,3490.01893669433,0,0,1,0,0,0,3490.01893669433
M1,5,6105,9600,1500,Repair,90,1,KNOWN_FEASIBLE_WITNESS,3490.01893669433,0,19,19,0.0028543,3490.01893669433,3490.01893669433,0,0,1,0,0,0,3490.01893669433
M1,5,6105,10600,2500,Repair,90,1,KNOWN_FEASIBLE_WITNESS,3490.01893669433,0,19,19,0.002049,3490.01893669433,3490.01893669433,0,0,1,0,0,0,3490.01893669433
M1,6,6106,8700,500,Restart,90,1,KNOWN_FEASIBLE_WITNESS,3490.27893870161,0,480,480,0.0745106,5004.87271398535,5004.87271398535,0,0,1,0.433946341219129,0.529411764705882,0.433946341219127,3490.27893870161
M1,6,6106,9200,1000,Restart,90,1,KNOWN_FEASIBLE_WITNESS,3490.27893870161,0,990,990,0.1607404,5190.43810564089,5190.43810564089,0,0,1,0.48711269121996,0.588235294117647,0.487112691219958,3490.27893870161
M1,6,6106,9700,1500,Restart,90,1,KNOWN_FEASIBLE_WITNESS,3490.27893870161,0,1500,1500,0.2310693,3696.95494873421,3696.95494873421,0,0,1,0.0592147543684529,0.588235294117647,0.0592147543684528,3490.27893870161
M1,6,6106,10700,2500,Restart,90,1,KNOWN_FEASIBLE_WITNESS,3490.27893870161,0,2490,2490,0.3863103,4192.2977235655,4192.2977235655,0,0,1,0.2011354385117,0.647058823529412,0.201135438511697,3490.27893870161
M1,6,6106,8700,500,WarmStart,90,1,KNOWN_FEASIBLE_WITNESS,3490.27893870161,76,420,496,0.0807453,3490.27893870161,3490.27893870161,0,0,1,0,0,0,3490.27893870161
M1,6,6106,9200,1000,WarmStart,90,1,KNOWN_FEASIBLE_WITNESS,3490.27893870161,78,900,978,0.1408262,3490.27893870161,3490.27893870161,0,0,1,0,0,0,3490.27893870161
M1,6,6106,9700,1500,WarmStart,90,1,KNOWN_FEASIBLE_WITNESS,3490.27893870161,78,1410,1488,0.2328389,3490.27893870161,3490.27893870161,0,0,1,0,0,0,3490.27893870161
M1,6,6106,10700,2500,WarmStart,90,1,KNOWN_FEASIBLE_WITNESS,3490.27893870161,77,2400,2477,0.356084,3490.27893870161,3490.27893870161,0,0,1,0,0,0,3490.27893870161
M1,6,6106,8700,500,Repair,90,1,KNOWN_FEASIBLE_WITNESS,3490.27893870161,0,19,19,0.0025258,3490.27893870161,3490.27893870161,0,0,1,0,0,0,3490.27893870161
M1,6,6106,9200,1000,Repair,90,1,KNOWN_FEASIBLE_WITNESS,3490.27893870161,0,19,19,0.0022987,3490.27893870161,3490.27893870161,0,0,1,0,0,0,3490.27893870161
M1,6,6106,9700,1500,Repair,90,1,KNOWN_FEASIBLE_WITNESS,3490.27893870161,0,19,19,0.0025179,3490.27893870161,3490.27893870161,0,0,1,0,0,0,3490.27893870161
M1,6,6106,10700,2500,Repair,90,1,KNOWN_FEASIBLE_WITNESS,3490.27893870161,0,19,19,0.0026105,3490.27893870161,3490.27893870161,0,0,1,0,0,0,3490.27893870161
M1,7,6107,8800,500,Restart,90,1,KNOWN_FEASIBLE_WITNESS,3491.03925667496,0,480,480,0.0777062,5329.37116426091,5329.37116426091,0,0,1,0.526585859517626,0.529411764705882,0.526585859517623,3491.03925667496
M1,7,6107,9300,1000,Restart,90,1,KNOWN_FEASIBLE_WITNESS,3491.03925667496,0,990,990,0.1539031,5183.66683740174,5183.66683740174,0,0,1,0.484849197123877,0.529411764705882,0.484849197123874,3491.03925667496
M1,7,6107,9800,1500,Restart,90,1,KNOWN_FEASIBLE_WITNESS,3491.03925667496,0,1500,1500,0.1952088,4518.46227792926,4518.46227792926,0,0,1,0.294302912603989,0.411764705882353,0.294302912603987,3491.03925667496
M1,7,6107,10800,2500,Restart,90,1,KNOWN_FEASIBLE_WITNESS,3491.03925667496,0,2490,2490,0.3141554,5500.67182699475,5500.67182699475,0,0,1,0.575654532236302,0.529411764705882,0.575654532236301,3491.03925667496
M1,7,6107,8800,500,WarmStart,90,1,KNOWN_FEASIBLE_WITNESS,3491.03925667496,77,420,497,0.0748795,3491.03925667496,3491.03925667496,0,0,1,0,0,0,3491.03925667496
M1,7,6107,9300,1000,WarmStart,90,1,KNOWN_FEASIBLE_WITNESS,3491.03925667496,77,900,977,0.1482343,3491.03925667496,3491.03925667496,0,0,1,0,0,0,3491.03925667496
M1,7,6107,9800,1500,WarmStart,90,1,KNOWN_FEASIBLE_WITNESS,3491.03925667496,78,1410,1488,0.2349195,3491.03925667496,3491.03925667496,0,0,1,0,0,0,3491.03925667496
M1,7,6107,10800,2500,WarmStart,90,1,KNOWN_FEASIBLE_WITNESS,3491.03925667496,78,2400,2478,0.3959471,3491.03925667496,3491.03925667496,0,0,1,0,0,0,3491.03925667496
M1,7,6107,8800,500,Repair,90,1,KNOWN_FEASIBLE_WITNESS,3491.03925667496,0,19,19,0.0024339,3491.03925667496,3491.03925667496,0,0,1,0,0,0,3491.03925667496
M1,7,6107,9300,1000,Repair,90,1,KNOWN_FEASIBLE_WITNESS,3491.03925667496,0,19,19,0.0019764,3491.03925667496,3491.03925667496,0,0,1,0,0,0,3491.03925667496
M1,7,6107,9800,1500,Repair,90,1,KNOWN_FEASIBLE_WITNESS,3491.03925667496,0,19,19,0.0024657,3491.03925667496,3491.03925667496,0,0,1,0,0,0,3491.03925667496
M1,7,6107,10800,2500,Repair,90,1,KNOWN_FEASIBLE_WITNESS,3491.03925667496,0,19,19,0.0026941,3491.03925667496,3491.03925667496,0,0,1,0,0,0,3491.03925667496
M1,8,6108,8900,500,Restart,90,1,KNOWN_FEASIBLE_WITNESS,3491.65412981542,0,480,480,0.084587,6217.3074479769,6217.3074479769,0,0,1,0.78061950491802,0.588235294117647,0.780619504918022,3491.65412981542
M1,8,6108,9400,1000,Restart,90,1,KNOWN_FEASIBLE_WITNESS,3491.65412981542,0,990,990,0.1542777,4217.10063587192,4217.10063587192,0,0,1,0.207765855117742,0.529411764705882,0.207765855117743,3491.65412981542
M1,8,6108,9900,1500,Restart,90,1,KNOWN_FEASIBLE_WITNESS,3491.65412981542,0,1500,1500,0.23698,4858.52844772936,4858.52844772936,0,0,1,0.391468990654637,0.647058823529412,0.391468990654638,3491.65412981542
M1,8,6108,10900,2500,Restart,90,1,KNOWN_FEASIBLE_WITNESS,3491.65412981542,0,2490,2490,0.3620141,4791.16920480186,4791.16920480186,0,0,1,0.372177491433016,0.705882352941176,0.372177491433018,3491.65412981542
M1,8,6108,8900,500,WarmStart,90,1,KNOWN_FEASIBLE_WITNESS,3491.65412981542,77,420,497,0.0783725,3491.65412981542,3491.65412981542,0,0,1,0,0,0,3491.65412981542
M1,8,6108,9400,1000,WarmStart,90,1,KNOWN_FEASIBLE_WITNESS,3491.65412981542,78,900,978,0.139088,3491.65412981542,3491.65412981542,0,0,1,0,0,0,3491.65412981542
M1,8,6108,9900,1500,WarmStart,90,1,KNOWN_FEASIBLE_WITNESS,3491.65412981542,76,1410,1486,0.2162496,3491.65412981542,3491.65412981542,0,0,1,0,0,0,3491.65412981542
M1,8,6108,10900,2500,WarmStart,90,1,KNOWN_FEASIBLE_WITNESS,3491.65412981542,77,2400,2477,0.3616551,3491.65412981542,3491.65412981542,0,0,1,0,0,0,3491.65412981542
M1,8,6108,8900,500,Repair,90,1,KNOWN_FEASIBLE_WITNESS,3491.65412981542,0,19,19,0.0024091,3491.65412981542,3491.65412981542,0,0,1,0,0,0,3491.65412981542
M1,8,6108,9400,1000,Repair,90,1,KNOWN_FEASIBLE_WITNESS,3491.65412981542,0,19,19,0.0025239,3491.65412981542,3491.65412981542,0,0,1,0,0,0,3491.65412981542
M1,8,6108,9900,1500,Repair,90,1,KNOWN_FEASIBLE_WITNESS,3491.65412981542,0,19,19,0.0024658,3491.65412981542,3491.65412981542,0,0,1,0,0,0,3491.65412981542
M1,8,6108,10900,2500,Repair,90,1,KNOWN_FEASIBLE_WITNESS,3491.65412981542,0,19,19,0.0025644,3491.65412981542,3491.65412981542,0,0,1,0,0,0,3491.65412981542
M1,9,6109,9000,500,Restart,90,1,KNOWN_FEASIBLE_WITNESS,3489.87731324602,0,480,480,0.0517283,4902.18876949044,4902.18876949044,0,0,1,0.404687996017485,0.647058823529412,0.507834454414778,3251.1452136787
M1,9,6109,9500,1000,Restart,90,1,KNOWN_FEASIBLE_WITNESS,3489.87731324602,0,990,990,0.1006193,4507.26022615605,4507.26022615605,0,0,1,0.291523976802423,0.470588235294118,0.38636078363785,3251.1452136787
M1,9,6109,10000,1500,Restart,90,1,KNOWN_FEASIBLE_WITNESS,3489.87731324602,0,1500,1500,0.1482999,4948.83195941375,4948.83195941375,0,0,1,0.418053276724139,0.588235294117647,0.522181149766024,3251.1452136787
M1,9,6109,11000,2500,Restart,90,1,KNOWN_FEASIBLE_WITNESS,3489.87731324602,0,2490,2490,0.2277344,4886.12215687477,4886.12215687477,0,0,1,0.400084220247293,0.470588235294118,0.502892622672513,3251.1452136787
M1,9,6109,9000,500,WarmStart,90,1,KNOWN_FEASIBLE_WITNESS,3489.87731324602,78,420,498,0.0436922,3489.87731324602,3489.87731324602,0,0,1,0,0,0.073430155799529,3251.1452136787
M1,9,6109,9500,1000,WarmStart,90,1,KNOWN_FEASIBLE_WITNESS,3489.87731324602,75,900,975,0.1103263,3489.87731324602,3489.87731324602,0,0,1,0,0,0.073430155799529,3251.1452136787
M1,9,6109,10000,1500,WarmStart,90,1,KNOWN_FEASIBLE_WITNESS,3489.87731324602,78,1410,1488,0.1830578,3489.87731324602,3489.87731324602,0,0,1,0,0,0.073430155799529,3251.1452136787
M1,9,6109,11000,2500,WarmStart,90,1,KNOWN_FEASIBLE_WITNESS,3489.87731324602,77,2400,2477,0.2175203,3489.87731324602,3489.87731324602,0,0,1,0,0,0.073430155799529,3251.1452136787
M1,9,6109,9000,500,Repair,90,1,KNOWN_FEASIBLE_WITNESS,3489.87731324602,0,19,19,0.001626,3489.87731324602,3489.87731324602,0,0,1,0,0,0.073430155799529,3251.1452136787
M1,9,6109,9500,1000,Repair,90,1,KNOWN_FEASIBLE_WITNESS,3489.87731324602,0,19,19,0.0015242,3489.87731324602,3489.87731324602,0,0,1,0,0,0.073430155799529,3251.1452136787
M1,9,6109,10000,1500,Repair,90,1,KNOWN_FEASIBLE_WITNESS,3489.87731324602,0,19,19,0.0014432,3489.87731324602,3489.87731324602,0,0,1,0,0,0.073430155799529,3251.1452136787
M1,9,6109,11000,2500,Repair,90,1,KNOWN_FEASIBLE_WITNESS,3489.87731324602,0,19,19,0.0014479,3489.87731324602,3489.87731324602,0,0,1,0,0,0.073430155799529,3251.1452136787
M1,10,6110,9100,500,Restart,90,1,KNOWN_FEASIBLE_WITNESS,3490.38557065644,0,480,480,0.0522065,6043.92328526535,6043.92328526535,0,0,1,0.731591872278074,0.470588235294118,0.755440151756796,3442.96743994192
M1,10,6110,9600,1000,Restart,90,1,KNOWN_FEASIBLE_WITNESS,3490.38557065644,0,990,990,0.0952802,5536.64666713165,5536.64666713165,0,0,1,0.586256462231012,0.470588235294118,0.608103115615014,3442.96743994192
M1,10,6110,10100,1500,Restart,90,1,KNOWN_FEASIBLE_WITNESS,3490.38557065644,0,1500,1500,0.1418554,3742.28398205064,3742.28398205064,0,0,1,0.0721692220801933,0.470588235294118,0.0869356296072813,3442.96743994192
M1,10,6110,11100,2500,Restart,90,1,KNOWN_FEASIBLE_WITNESS,3490.38557065644,0,2490,2490,0.2283371,4653.41404211161,4653.41404211161,0,0,1,0.333209167844583,0.705882352941176,0.351570737535092,3442.96743994192
M1,10,6110,9100,500,WarmStart,90,1,KNOWN_FEASIBLE_WITNESS,3490.38557065644,77,420,497,0.0724276,3490.38557065644,3490.38557065644,0,0,1,0,0,0.0137724598160359,3442.96743994192
M1,10,6110,9600,1000,WarmStart,90,1,KNOWN_FEASIBLE_WITNESS,3490.38557065644,76,900,976,0.0997327,3490.38557065644,3490.38557065644,0,0,1,0,0,0.0137724598160359,3442.96743994192
M1,10,6110,10100,1500,WarmStart,90,1,KNOWN_FEASIBLE_WITNESS,3490.38557065644,78,1410,1488,0.1438438,3490.38557065644,3490.38557065644,0,0,1,0,0,0.0137724598160359,3442.96743994192
M1,10,6110,11100,2500,WarmStart,90,1,KNOWN_FEASIBLE_WITNESS,3490.38557065644,78,2400,2478,0.2157828,3442.96743994192,3442.96743994192,0,0,1,-0.0135853560458086,0.0588235294117647,0,3442.96743994192
M1,10,6110,9100,500,Repair,90,1,KNOWN_FEASIBLE_WITNESS,3490.38557065644,0,19,19,0.0016176,3490.38557065644,3490.38557065644,0,0,1,0,0,0.0137724598160359,3442.96743994192
M1,10,6110,9600,1000,Repair,90,1,KNOWN_FEASIBLE_WITNESS,3490.38557065644,0,19,19,0.0016087,3490.38557065644,3490.38557065644,0,0,1,0,0,0.0137724598160359,3442.96743994192
M1,10,6110,10100,1500,Repair,90,1,KNOWN_FEASIBLE_WITNESS,3490.38557065644,0,19,19,0.0014516,3490.38557065644,3490.38557065644,0,0,1,0,0,0.0137724598160359,3442.96743994192
M1,10,6110,11100,2500,Repair,90,1,KNOWN_FEASIBLE_WITNESS,3490.38557065644,0,19,19,0.0013875,3490.38557065644,3490.38557065644,0,0,1,0,0,0.0137724598160359,3442.96743994192
M2,1,6201,8200,500,Restart,90,2,KNOWN_FEASIBLE_WITNESS,3492.50282253429,0,480,480,0.0442389,5207.8464464855,5207.8464464855,0,0,1,0.491150247004377,0.588235294117647,0.49115024700438,3492.50282253429
M2,1,6201,8700,1000,Restart,90,2,KNOWN_FEASIBLE_WITNESS,3492.50282253429,0,990,990,0.0955205,5285.43824534954,5285.43824534954,0,0,1,0.513366921637653,0.470588235294118,0.513366921637655,3492.50282253429
M2,1,6201,9200,1500,Restart,90,2,KNOWN_FEASIBLE_WITNESS,3492.50282253429,0,1500,1500,0.1413004,4548.25984853787,4548.25984853787,0,0,1,0.30229239019984,0.470588235294118,0.302292390199841,3492.50282253429
M2,1,6201,10200,2500,Restart,90,2,KNOWN_FEASIBLE_WITNESS,3492.50282253429,0,2490,2490,0.2182126,4864.68660709508,4864.68660709508,0,0,1,0.392894108977434,0.764705882352941,0.392894108977436,3492.50282253429
M2,1,6201,8200,500,WarmStart,90,2,KNOWN_FEASIBLE_WITNESS,3492.50282253429,200,300,500,0.0542096,3492.50282253429,3492.50282253429,0,0,1,0,0,0,3492.50282253429
M2,1,6201,8700,1000,WarmStart,90,2,KNOWN_FEASIBLE_WITNESS,3492.50282253429,200,780,980,0.0882178,3492.50282253429,3492.50282253429,0,0,1,0,0,0,3492.50282253429
M2,1,6201,9200,1500,WarmStart,90,2,KNOWN_FEASIBLE_WITNESS,3492.50282253429,200,1290,1490,0.1396762,3492.50282253429,3492.50282253429,0,0,1,0,0,0,3492.50282253429
M2,1,6201,10200,2500,WarmStart,90,2,KNOWN_FEASIBLE_WITNESS,3492.50282253429,200,2280,2480,0.2270935,3492.50282253429,3492.50282253429,0,0,1,0,0,0,3492.50282253429
M2,1,6201,8200,500,Repair,90,2,KNOWN_FEASIBLE_WITNESS,3492.50282253429,0,38,38,0.006534,3492.50282253429,3492.50282253429,0,0,1,0,0,0,3492.50282253429
M2,1,6201,8700,1000,Repair,90,2,KNOWN_FEASIBLE_WITNESS,3492.50282253429,0,38,38,0.003842,3492.50282253429,3492.50282253429,0,0,1,0,0,0,3492.50282253429
M2,1,6201,9200,1500,Repair,90,2,KNOWN_FEASIBLE_WITNESS,3492.50282253429,0,38,38,0.0036905,3492.50282253429,3492.50282253429,0,0,1,0,0,0,3492.50282253429
M2,1,6201,10200,2500,Repair,90,2,KNOWN_FEASIBLE_WITNESS,3492.50282253429,0,38,38,0.0034179,3492.50282253429,3492.50282253429,0,0,1,0,0,0,3492.50282253429
M2,2,6202,8300,500,Restart,90,2,KNOWN_FEASIBLE_WITNESS,3492.62686447826,0,480,480,0.0519635,6577.69694240332,6577.69694240332,0,0,1,0.883309382202187,0.588235294117647,0.883309382202189,3492.62686447826
M2,2,6202,8800,1000,Restart,90,2,KNOWN_FEASIBLE_WITNESS,3492.62686447826,0,990,990,0.1003234,5756.24347018452,5756.24347018452,0,0,1,0.648112922891465,0.529411764705882,0.648112922891466,3492.62686447826
M2,2,6202,9300,1500,Restart,90,2,KNOWN_FEASIBLE_WITNESS,3492.62686447826,0,1500,1500,0.1446298,5772.76326422804,5772.76326422804,0,0,1,0.652842828113099,0.705882352941176,0.652842828113101,3492.62686447826
M2,2,6202,10300,2500,Restart,90,2,KNOWN_FEASIBLE_WITNESS,3492.62686447826,0,2490,2490,0.2220491,4559.06983512538,4559.06983512538,0,0,1,0.305341226540221,0.705882352941176,0.305341226540222,3492.62686447826
M2,2,6202,8300,500,WarmStart,90,2,KNOWN_FEASIBLE_WITNESS,3492.62686447826,200,300,500,0.047694,3492.62686447826,3492.62686447826,0,0,1,0,0,0,3492.62686447826
M2,2,6202,8800,1000,WarmStart,90,2,KNOWN_FEASIBLE_WITNESS,3492.62686447826,200,780,980,0.0980265,3492.62686447826,3492.62686447826,0,0,1,0,0,0,3492.62686447826
M2,2,6202,9300,1500,WarmStart,90,2,KNOWN_FEASIBLE_WITNESS,3492.62686447826,200,1290,1490,0.1510581,3492.62686447826,3492.62686447826,0,0,1,0,0,0,3492.62686447826
M2,2,6202,10300,2500,WarmStart,90,2,KNOWN_FEASIBLE_WITNESS,3492.62686447826,200,2280,2480,0.2271461,3492.62686447826,3492.62686447826,0,0,1,0,0,0,3492.62686447826
M2,2,6202,8300,500,Repair,90,2,KNOWN_FEASIBLE_WITNESS,3492.62686447826,0,38,38,0.0032431,3492.62686447826,3492.62686447826,0,0,1,0,0,0,3492.62686447826
M2,2,6202,8800,1000,Repair,90,2,KNOWN_FEASIBLE_WITNESS,3492.62686447826,0,38,38,0.0029979,3492.62686447826,3492.62686447826,0,0,1,0,0,0,3492.62686447826
M2,2,6202,9300,1500,Repair,90,2,KNOWN_FEASIBLE_WITNESS,3492.62686447826,0,38,38,0.0031674,3492.62686447826,3492.62686447826,0,0,1,0,0,0,3492.62686447826
M2,2,6202,10300,2500,Repair,90,2,KNOWN_FEASIBLE_WITNESS,3492.62686447826,0,38,38,0.0031704,3492.62686447826,3492.62686447826,0,0,1,0,0,0,3492.62686447826
M2,3,6203,8400,500,Restart,90,2,KNOWN_FEASIBLE_WITNESS,3490.64922050934,0,480,480,0.0488336,5883.07722394492,5883.07722394492,0,0,1,0.685381959716505,0.705882352941176,0.685381959716504,3490.64922050934
M2,3,6203,8900,1000,Restart,90,2,KNOWN_FEASIBLE_WITNESS,3490.64922050934,0,990,990,0.0910597,4918.89370263621,4918.89370263621,0,0,1,0.409162992871127,0.352941176470588,0.409162992871128,3490.64922050934
M2,3,6203,9400,1500,Restart,90,2,KNOWN_FEASIBLE_WITNESS,3490.64922050934,0,1500,1500,0.1336433,3862.3769723959,3862.3769723959,0,0,1,0.106492439773803,0.647058823529412,0.106492439773802,3490.64922050934
M2,3,6203,10400,2500,Restart,90,2,KNOWN_FEASIBLE_WITNESS,3490.64922050934,0,2490,2490,0.2209186,4578.56095159984,4578.56095159984,0,0,1,0.311664582249761,0.411764705882353,0.311664582249762,3490.64922050934
M2,3,6203,8400,500,WarmStart,90,2,KNOWN_FEASIBLE_WITNESS,3490.64922050934,200,300,500,0.0465829,3490.64922050934,3490.64922050934,0,0,1,0,0,0,3490.64922050934
M2,3,6203,8900,1000,WarmStart,90,2,KNOWN_FEASIBLE_WITNESS,3490.64922050934,200,780,980,0.0904661,3490.64922050934,3490.64922050934,0,0,1,0,0,0,3490.64922050934
M2,3,6203,9400,1500,WarmStart,90,2,KNOWN_FEASIBLE_WITNESS,3490.64922050934,200,1290,1490,0.1361132,3490.64922050934,3490.64922050934,0,0,1,0,0,0,3490.64922050934
M2,3,6203,10400,2500,WarmStart,90,2,KNOWN_FEASIBLE_WITNESS,3490.64922050934,200,2280,2480,0.2312134,3490.64922050934,3490.64922050934,0,0,1,0,0,0,3490.64922050934
M2,3,6203,8400,500,Repair,90,2,KNOWN_FEASIBLE_WITNESS,3490.64922050934,0,38,38,0.0029841,3490.64922050934,3490.64922050934,0,0,1,0,0,0,3490.64922050934
M2,3,6203,8900,1000,Repair,90,2,KNOWN_FEASIBLE_WITNESS,3490.64922050934,0,38,38,0.0028198,3490.64922050934,3490.64922050934,0,0,1,0,0,0,3490.64922050934
M2,3,6203,9400,1500,Repair,90,2,KNOWN_FEASIBLE_WITNESS,3490.64922050934,0,38,38,0.0030324,3490.64922050934,3490.64922050934,0,0,1,0,0,0,3490.64922050934
M2,3,6203,10400,2500,Repair,90,2,KNOWN_FEASIBLE_WITNESS,3490.64922050934,0,38,38,0.0030277,3490.64922050934,3490.64922050934,0,0,1,0,0,0,3490.64922050934
M2,4,6204,8500,500,Restart,90,2,KNOWN_FEASIBLE_WITNESS,3494.42172838436,0,480,480,0.0515663,6436.02398526581,6436.02398526581,0,0,1,0.841799440802324,0.647058823529412,0.841799440802325,3494.42172838436
M2,4,6204,9000,1000,Restart,90,2,KNOWN_FEASIBLE_WITNESS,3494.42172838436,0,990,990,0.0910283,5417.79640903597,5417.79640903597,0,0,1,0.550412866606364,0.588235294117647,0.550412866606367,3494.42172838436
M2,4,6204,9500,1500,Restart,90,2,KNOWN_FEASIBLE_WITNESS,3494.42172838436,0,1500,1500,0.1409712,4778.14556332945,4778.14556332945,0,0,1,0.367363739905148,0.647058823529412,0.367363739905148,3494.42172838436
M2,4,6204,10500,2500,Restart,90,2,KNOWN_FEASIBLE_WITNESS,3494.42172838436,0,2490,2490,0.2300397,5836.10977760612,5836.10977760612,0,0,1,0.670121762980345,0.529411764705882,0.670121762980347,3494.42172838436
M2,4,6204,8500,500,WarmStart,90,2,KNOWN_FEASIBLE_WITNESS,3494.42172838436,200,300,500,0.0519772,3494.42172838436,3494.42172838436,0,0,1,0,0,0,3494.42172838436
M2,4,6204,9000,1000,WarmStart,90,2,KNOWN_FEASIBLE_WITNESS,3494.42172838436,200,780,980,0.0964852,3494.42172838436,3494.42172838436,0,0,1,0,0,0,3494.42172838436
M2,4,6204,9500,1500,WarmStart,90,2,KNOWN_FEASIBLE_WITNESS,3494.42172838436,200,1290,1490,0.133051,3494.42172838436,3494.42172838436,0,0,1,0,0,0,3494.42172838436
M2,4,6204,10500,2500,WarmStart,90,2,KNOWN_FEASIBLE_WITNESS,3494.42172838436,200,2280,2480,0.2450822,3494.42172838436,3494.42172838436,0,0,1,0,0,0,3494.42172838436
M2,4,6204,8500,500,Repair,90,2,KNOWN_FEASIBLE_WITNESS,3494.42172838436,0,38,38,0.0036861,3494.42172838436,3494.42172838436,0,0,1,0,0,0,3494.42172838436
M2,4,6204,9000,1000,Repair,90,2,KNOWN_FEASIBLE_WITNESS,3494.42172838436,0,38,38,0.0035194,3494.42172838436,3494.42172838436,0,0,1,0,0,0,3494.42172838436
M2,4,6204,9500,1500,Repair,90,2,KNOWN_FEASIBLE_WITNESS,3494.42172838436,0,38,38,0.0032547,3494.42172838436,3494.42172838436,0,0,1,0,0,0,3494.42172838436
M2,4,6204,10500,2500,Repair,90,2,KNOWN_FEASIBLE_WITNESS,3494.42172838436,0,38,38,0.0042618,3494.42172838436,3494.42172838436,0,0,1,0,0,0,3494.42172838436
M2,5,6205,8600,500,Restart,90,2,KNOWN_FEASIBLE_WITNESS,3492.73808270097,0,480,480,0.0566717,6187.03736796076,6187.03736796076,0,0,1,0.771400323031456,0.705882352941176,0.771400323031454,3492.73808270097
M2,5,6205,9100,1000,Restart,90,2,KNOWN_FEASIBLE_WITNESS,3492.73808270097,0,990,990,0.1136679,4615.42567477692,4615.42567477692,0,0,1,0.321434807160738,0.705882352941176,0.321434807160737,3492.73808270097
M2,5,6205,9600,1500,Restart,90,2,KNOWN_FEASIBLE_WITNESS,3492.73808270097,0,1500,1500,0.1812951,4543.63472980663,4543.63472980663,0,0,1,0.30088046175309,0.352941176470588,0.300880461753087,3492.73808270097
M2,5,6205,10600,2500,Restart,90,2,KNOWN_FEASIBLE_WITNESS,3492.73808270097,0,2490,2490,0.2813037,4353.8895248512,4353.8895248512,0,0,1,0.246554829408879,0.647058823529412,0.246554829408878,3492.73808270097
M2,5,6205,8600,500,WarmStart,90,2,KNOWN_FEASIBLE_WITNESS,3492.73808270097,200,300,500,0.0701689,3492.73808270097,3492.73808270097,0,0,1,0,0,0,3492.73808270097
M2,5,6205,9100,1000,WarmStart,90,2,KNOWN_FEASIBLE_WITNESS,3492.73808270097,200,780,980,0.1201739,3492.73808270097,3492.73808270097,0,0,1,0,0,0,3492.73808270097
M2,5,6205,9600,1500,WarmStart,90,2,KNOWN_FEASIBLE_WITNESS,3492.73808270097,200,1290,1490,0.1726562,3492.73808270097,3492.73808270097,0,0,1,0,0,0,3492.73808270097
M2,5,6205,10600,2500,WarmStart,90,2,KNOWN_FEASIBLE_WITNESS,3492.73808270097,200,2280,2480,0.2784287,3492.73808270097,3492.73808270097,0,0,1,0,0,0,3492.73808270097
M2,5,6205,8600,500,Repair,90,2,KNOWN_FEASIBLE_WITNESS,3492.73808270097,0,38,38,0.0037546,3492.73808270097,3492.73808270097,0,0,1,0,0,0,3492.73808270097
M2,5,6205,9100,1000,Repair,90,2,KNOWN_FEASIBLE_WITNESS,3492.73808270097,0,38,38,0.0036831,3492.73808270097,3492.73808270097,0,0,1,0,0,0,3492.73808270097
M2,5,6205,9600,1500,Repair,90,2,KNOWN_FEASIBLE_WITNESS,3492.73808270097,0,38,38,0.0042279,3492.73808270097,3492.73808270097,0,0,1,0,0,0,3492.73808270097
M2,5,6205,10600,2500,Repair,90,2,KNOWN_FEASIBLE_WITNESS,3492.73808270097,0,38,38,0.0038654,3492.73808270097,3492.73808270097,0,0,1,0,0,0,3492.73808270097
M2,6,6206,8700,500,Restart,90,2,KNOWN_FEASIBLE_WITNESS,3491.13069729247,0,480,480,0.0645484,6159.63263329532,6159.63263329532,0,0,1,0.764366094363753,0.588235294117647,0.764366094363753,3491.13069729247
M2,6,6206,9200,1000,Restart,90,2,KNOWN_FEASIBLE_WITNESS,3491.13069729247,0,990,990,0.1402664,5429.05654281685,5429.05654281685,0,0,1,0.555099769546677,0.705882352941176,0.555099769546677,3491.13069729247
M2,6,6206,9700,1500,Restart,90,2,KNOWN_FEASIBLE_WITNESS,3491.13069729247,0,1500,1500,0.1933144,4819.97976787565,4819.97976787565,0,0,1,0.380635726876041,0.823529411764706,0.380635726876041,3491.13069729247
M2,6,6206,10700,2500,Restart,90,2,KNOWN_FEASIBLE_WITNESS,3491.13069729247,0,2490,2490,0.3290136,4920.52236618308,4920.52236618308,0,0,1,0.409435163799271,0.588235294117647,0.409435163799272,3491.13069729247
M2,6,6206,8700,500,WarmStart,90,2,KNOWN_FEASIBLE_WITNESS,3491.13069729247,200,300,500,0.0751398,3491.13069729247,3491.13069729247,0,0,1,0,0,0,3491.13069729247
M2,6,6206,9200,1000,WarmStart,90,2,KNOWN_FEASIBLE_WITNESS,3491.13069729247,200,780,980,0.1364783,3491.13069729247,3491.13069729247,0,0,1,0,0,0,3491.13069729247
M2,6,6206,9700,1500,WarmStart,90,2,KNOWN_FEASIBLE_WITNESS,3491.13069729247,200,1290,1490,0.1853072,3491.13069729247,3491.13069729247,0,0,1,0,0,0,3491.13069729247
M2,6,6206,10700,2500,WarmStart,90,2,KNOWN_FEASIBLE_WITNESS,3491.13069729247,200,2280,2480,0.3812399,3491.13069729247,3491.13069729247,0,0,1,0,0,0,3491.13069729247
M2,6,6206,8700,500,Repair,90,2,KNOWN_FEASIBLE_WITNESS,3491.13069729247,0,38,38,0.0056117,3491.13069729247,3491.13069729247,0,0,1,0,0,0,3491.13069729247
M2,6,6206,9200,1000,Repair,90,2,KNOWN_FEASIBLE_WITNESS,3491.13069729247,0,38,38,0.0047125,3491.13069729247,3491.13069729247,0,0,1,0,0,0,3491.13069729247
M2,6,6206,9700,1500,Repair,90,2,KNOWN_FEASIBLE_WITNESS,3491.13069729247,0,38,38,0.0056999,3491.13069729247,3491.13069729247,0,0,1,0,0,0,3491.13069729247
M2,6,6206,10700,2500,Repair,90,2,KNOWN_FEASIBLE_WITNESS,3491.13069729247,0,38,38,0.0045335,3491.13069729247,3491.13069729247,0,0,1,0,0,0,3491.13069729247
M2,7,6207,8800,500,Restart,90,2,KNOWN_FEASIBLE_WITNESS,3491.10418023353,0,480,480,0.0540139,5892.51642488262,5892.51642488262,0,0,1,0.687866107876634,0.647058823529412,0.687866107876635,3491.10418023353
M2,7,6207,9300,1000,Restart,90,2,KNOWN_FEASIBLE_WITNESS,3491.10418023353,0,990,990,0.1117711,5416.05934112118,5416.05934112118,0,0,1,0.55138863279608,0.764705882352941,0.551388632796081,3491.10418023353
M2,7,6207,9800,1500,Restart,90,2,KNOWN_FEASIBLE_WITNESS,3491.10418023353,0,1500,1500,0.1625604,6119.52025390313,6119.52025390313,0,0,1,0.752889612561998,0.705882352941176,0.752889612562,3491.10418023353
M2,7,6207,10800,2500,Restart,90,2,KNOWN_FEASIBLE_WITNESS,3491.10418023353,0,2490,2490,0.2704419,5231.15136319499,5231.15136319499,0,0,1,0.498423161592691,0.764705882352941,0.498423161592692,3491.10418023353
M2,7,6207,8800,500,WarmStart,90,2,KNOWN_FEASIBLE_WITNESS,3491.10418023353,200,300,500,0.0544573,3491.10418023353,3491.10418023353,0,0,1,0,0,0,3491.10418023353
M2,7,6207,9300,1000,WarmStart,90,2,KNOWN_FEASIBLE_WITNESS,3491.10418023353,200,780,980,0.0994513,3491.10418023353,3491.10418023353,0,0,1,0,0,0,3491.10418023353
M2,7,6207,9800,1500,WarmStart,90,2,KNOWN_FEASIBLE_WITNESS,3491.10418023353,200,1290,1490,0.1488815,3491.10418023353,3491.10418023353,0,0,1,0,0,0,3491.10418023353
M2,7,6207,10800,2500,WarmStart,90,2,KNOWN_FEASIBLE_WITNESS,3491.10418023353,200,2280,2480,0.2576612,3491.10418023353,3491.10418023353,0,0,1,0,0,0,3491.10418023353
M2,7,6207,8800,500,Repair,90,2,KNOWN_FEASIBLE_WITNESS,3491.10418023353,0,38,38,0.0032501,3491.10418023353,3491.10418023353,0,0,1,0,0,0,3491.10418023353
M2,7,6207,9300,1000,Repair,90,2,KNOWN_FEASIBLE_WITNESS,3491.10418023353,0,38,38,0.0032402,3491.10418023353,3491.10418023353,0,0,1,0,0,0,3491.10418023353
M2,7,6207,9800,1500,Repair,90,2,KNOWN_FEASIBLE_WITNESS,3491.10418023353,0,38,38,0.0033416,3491.10418023353,3491.10418023353,0,0,1,0,0,0,3491.10418023353
M2,7,6207,10800,2500,Repair,90,2,KNOWN_FEASIBLE_WITNESS,3491.10418023353,0,38,38,0.0031349,3491.10418023353,3491.10418023353,0,0,1,0,0,0,3491.10418023353
M2,8,6208,8900,500,Restart,90,2,KNOWN_FEASIBLE_WITNESS,3491.1072691008,0,480,480,0.0433007,5984.83501142545,5984.83501142545,0,0,1,0.714308541704293,0.647058823529412,0.714308541704293,3491.1072691008
M2,8,6208,9400,1000,Restart,90,2,KNOWN_FEASIBLE_WITNESS,3491.1072691008,0,990,990,0.0920501,5905.20593506271,5905.20593506271,0,0,1,0.691499424073469,0.470588235294118,0.691499424073471,3491.1072691008
M2,8,6208,9900,1500,Restart,90,2,KNOWN_FEASIBLE_WITNESS,3491.1072691008,0,1500,1500,0.143683,4143.12425524569,4143.12425524569,0,0,1,0.186765096539937,0.529411764705882,0.186765096539938,3491.1072691008
M2,8,6208,10900,2500,Restart,90,2,KNOWN_FEASIBLE_WITNESS,3491.1072691008,0,2490,2490,0.2124072,4791.65942419799,4791.65942419799,0,0,1,0.372532854148642,0.647058823529412,0.372532854148641,3491.1072691008
M2,8,6208,8900,500,WarmStart,90,2,KNOWN_FEASIBLE_WITNESS,3491.1072691008,200,300,500,0.0453331,3491.1072691008,3491.1072691008,0,0,1,0,0,0,3491.1072691008
M2,8,6208,9400,1000,WarmStart,90,2,KNOWN_FEASIBLE_WITNESS,3491.1072691008,200,780,980,0.0845303,3491.1072691008,3491.1072691008,0,0,1,0,0,0,3491.1072691008
M2,8,6208,9900,1500,WarmStart,90,2,KNOWN_FEASIBLE_WITNESS,3491.1072691008,200,1290,1490,0.1319375,3491.1072691008,3491.1072691008,0,0,1,0,0,0,3491.1072691008
M2,8,6208,10900,2500,WarmStart,90,2,KNOWN_FEASIBLE_WITNESS,3491.1072691008,200,2280,2480,0.2131128,3491.1072691008,3491.1072691008,0,0,1,0,0,0,3491.1072691008
M2,8,6208,8900,500,Repair,90,2,KNOWN_FEASIBLE_WITNESS,3491.1072691008,0,38,38,0.0031552,3491.1072691008,3491.1072691008,0,0,1,0,0,0,3491.1072691008
M2,8,6208,9400,1000,Repair,90,2,KNOWN_FEASIBLE_WITNESS,3491.1072691008,0,38,38,0.0033682,3491.1072691008,3491.1072691008,0,0,1,0,0,0,3491.1072691008
M2,8,6208,9900,1500,Repair,90,2,KNOWN_FEASIBLE_WITNESS,3491.1072691008,0,38,38,0.0032639,3491.1072691008,3491.1072691008,0,0,1,0,0,0,3491.1072691008
M2,8,6208,10900,2500,Repair,90,2,KNOWN_FEASIBLE_WITNESS,3491.1072691008,0,38,38,0.0031668,3491.1072691008,3491.1072691008,0,0,1,0,0,0,3491.1072691008
M2,9,6209,9000,500,Restart,90,2,KNOWN_FEASIBLE_WITNESS,3490.58511635792,0,480,480,0.0425933,5866.42240530396,5866.42240530396,0,0,1,0.680641557145293,0.588235294117647,0.682287168124095,3487.17063082967
M2,9,6209,9500,1000,Restart,90,2,KNOWN_FEASIBLE_WITNESS,3490.58511635792,0,990,990,0.0864973,4019.66894633736,4019.66894633736,0,0,1,0.151574539036447,0.705882352941176,0.152702110645213,3487.17063082967
M2,9,6209,10000,1500,Restart,90,2,KNOWN_FEASIBLE_WITNESS,3490.58511635792,0,1500,1500,0.1654273,4415.42447814948,4409.25411688254,0.0617036126694188,0,0,0.26495253115516,0.470588235294118,0.266191117553361,3487.17063082967
M2,9,6209,11000,2500,Restart,90,2,KNOWN_FEASIBLE_WITNESS,3490.58511635792,0,2490,2490,0.2298799,3806.49655594696,3806.49655594696,0,0,1,0.0905038636956832,0.352941176470588,0.0915716375603095,3487.17063082967
M2,9,6209,9000,500,WarmStart,90,2,KNOWN_FEASIBLE_WITNESS,3490.58511635792,200,300,500,0.0529376,3490.58511635792,3490.58511635792,0,0,1,0,0,0.000979156425000588,3487.17063082967
M2,9,6209,9500,1000,WarmStart,90,2,KNOWN_FEASIBLE_WITNESS,3490.58511635792,200,780,980,0.0903366,3490.58511635792,3490.58511635792,0,0,1,0,0,0.000979156425000588,3487.17063082967
M2,9,6209,10000,1500,WarmStart,90,2,KNOWN_FEASIBLE_WITNESS,3490.58511635792,200,1290,1490,0.1439027,3490.58511635792,3490.58511635792,0,0,1,0,0,0.000979156425000588,3487.17063082967
M2,9,6209,11000,2500,WarmStart,90,2,KNOWN_FEASIBLE_WITNESS,3490.58511635792,200,2280,2480,0.2189432,3490.58511635792,3490.58511635792,0,0,1,0,0,0.000979156425000588,3487.17063082967
M2,9,6209,9000,500,Repair,90,2,KNOWN_FEASIBLE_WITNESS,3490.58511635792,0,38,38,0.0028797,3490.58511635792,3490.58511635792,0,0,1,0,0,0.000979156425000588,3487.17063082967
M2,9,6209,9500,1000,Repair,90,2,KNOWN_FEASIBLE_WITNESS,3490.58511635792,0,38,38,0.0027689,3490.58511635792,3490.58511635792,0,0,1,0,0,0.000979156425000588,3487.17063082967
M2,9,6209,10000,1500,Repair,90,2,KNOWN_FEASIBLE_WITNESS,3490.58511635792,0,38,38,0.0027863,3490.58511635792,3490.58511635792,0,0,1,0,0,0.000979156425000588,3487.17063082967
M2,9,6209,11000,2500,Repair,90,2,KNOWN_FEASIBLE_WITNESS,3490.58511635792,0,38,38,0.0030589,3490.58511635792,3490.58511635792,0,0,1,0,0,0.000979156425000588,3487.17063082967
M2,10,6210,9100,500,Restart,90,2,KNOWN_FEASIBLE_WITNESS,3491.32214672256,0,480,480,0.046269,6003.25302815512,6003.25302815512,0,0,1,0.719478402699277,0.470588235294118,0.719478402699278,3491.32214672256
M2,10,6210,9600,1000,Restart,90,2,KNOWN_FEASIBLE_WITNESS,3491.32214672256,0,990,990,0.0880077,5898.08322877584,5898.08322877584,0,0,1,0.689355201528052,0.529411764705882,0.689355201528052,3491.32214672256
M2,10,6210,10100,1500,Restart,90,2,KNOWN_FEASIBLE_WITNESS,3491.32214672256,0,1500,1500,0.1303807,4833.343385521,4833.343385521,0,0,1,0.384387685352451,0.588235294117647,0.384387685352452,3491.32214672256
M2,10,6210,11100,2500,Restart,90,2,KNOWN_FEASIBLE_WITNESS,3491.32214672256,0,2490,2490,0.2157302,4642.73019822765,4642.73019822765,0,0,1,0.329791409419484,0.705882352941176,0.329791409419484,3491.32214672256
M2,10,6210,9100,500,WarmStart,90,2,KNOWN_FEASIBLE_WITNESS,3491.32214672256,200,300,500,0.0470814,3491.32214672256,3491.32214672256,0,0,1,0,0,0,3491.32214672256
M2,10,6210,9600,1000,WarmStart,90,2,KNOWN_FEASIBLE_WITNESS,3491.32214672256,200,780,980,0.089544,3491.32214672256,3491.32214672256,0,0,1,0,0,0,3491.32214672256
M2,10,6210,10100,1500,WarmStart,90,2,KNOWN_FEASIBLE_WITNESS,3491.32214672256,200,1290,1490,0.1238515,3491.32214672256,3491.32214672256,0,0,1,0,0,0,3491.32214672256
M2,10,6210,11100,2500,WarmStart,90,2,KNOWN_FEASIBLE_WITNESS,3491.32214672256,200,2280,2480,0.2100593,3491.32214672256,3491.32214672256,0,0,1,0,0,0,3491.32214672256
M2,10,6210,9100,500,Repair,90,2,KNOWN_FEASIBLE_WITNESS,3491.32214672256,0,38,38,0.0033001,3491.32214672256,3491.32214672256,0,0,1,0,0,0,3491.32214672256
M2,10,6210,9600,1000,Repair,90,2,KNOWN_FEASIBLE_WITNESS,3491.32214672256,0,38,38,0.002972,3491.32214672256,3491.32214672256,0,0,1,0,0,0,3491.32214672256
M2,10,6210,10100,1500,Repair,90,2,KNOWN_FEASIBLE_WITNESS,3491.32214672256,0,38,38,0.002961,3491.32214672256,3491.32214672256,0,0,1,0,0,0,3491.32214672256
M2,10,6210,11100,2500,Repair,90,2,KNOWN_FEASIBLE_WITNESS,3491.32214672256,0,38,38,0.0029761,3491.32214672256,3491.32214672256,0,0,1,0,0,0,3491.32214672256
M4,1,6301,8200,500,Restart,90,4,KNOWN_FEASIBLE_WITNESS,3492.62874432733,0,480,480,0.0465544,6619.02503913918,6619.02503913918,0,0,1,0.895141317235533,0.647058823529412,0.895141317235533,3492.62874432733
M4,1,6301,8700,1000,Restart,90,4,KNOWN_FEASIBLE_WITNESS,3492.62874432733,0,990,990,0.0916772,6500.54700438634,6500.54700438634,0,0,1,0.861219007300567,0.647058823529412,0.861219007300567,3492.62874432733
M4,1,6301,9200,1500,Restart,90,4,KNOWN_FEASIBLE_WITNESS,3492.62874432733,0,1500,1500,0.1361175,6828.54547539676,6828.54547539676,0,0,1,0.955130640921273,0.470588235294118,0.955130640921275,3492.62874432733
M4,1,6301,10200,2500,Restart,90,4,KNOWN_FEASIBLE_WITNESS,3492.62874432733,0,2490,2490,0.2352435,5961.4069370124,5961.4069370124,0,0,1,0.706853883824559,0.411764705882353,0.70685388382456,3492.62874432733
M4,1,6301,8200,500,WarmStart,90,4,KNOWN_FEASIBLE_WITNESS,3492.62874432733,200,300,500,1.3134274,3641.46981625524,3641.46981625524,0,0,1,0.0426157724807291,0.117647058823529,0.0426157724807296,3492.62874432733
M4,1,6301,8700,1000,WarmStart,90,4,KNOWN_FEASIBLE_WITNESS,3492.62874432733,200,780,980,1.3874753,3492.62874432733,3492.62874432733,0,0,1,0,0,0,3492.62874432733
M4,1,6301,9200,1500,WarmStart,90,4,KNOWN_FEASIBLE_WITNESS,3492.62874432733,200,1290,1490,1.4655954,3492.62874432733,3492.62874432733,0,0,1,0,0,0,3492.62874432733
M4,1,6301,10200,2500,WarmStart,90,4,KNOWN_FEASIBLE_WITNESS,3492.62874432733,200,2280,2480,1.5494526,3838.8786273177,3838.8786273177,0,0,1,0.0991373284528856,0.0588235294117647,0.0991373284528863,3492.62874432733
M4,1,6301,8200,500,Repair,90,4,KNOWN_FEASIBLE_WITNESS,3492.62874432733,0,79,79,0.0068326,3492.62874432733,3492.62874432733,0,0,1,0,0,0,3492.62874432733
M4,1,6301,8700,1000,Repair,90,4,KNOWN_FEASIBLE_WITNESS,3492.62874432733,0,79,79,0.0067001,3492.62874432733,3492.62874432733,0,0,1,0,0,0,3492.62874432733
M4,1,6301,9200,1500,Repair,90,4,KNOWN_FEASIBLE_WITNESS,3492.62874432733,0,79,79,0.0069721,3492.62874432733,3492.62874432733,0,0,1,0,0,0,3492.62874432733
M4,1,6301,10200,2500,Repair,90,4,KNOWN_FEASIBLE_WITNESS,3492.62874432733,0,79,79,0.0062465,3492.62874432733,3492.62874432733,0,0,1,0,0,0,3492.62874432733
M4,2,6302,8300,500,Restart,90,4,KNOWN_FEASIBLE_WITNESS,3495.49317889264,0,480,480,0.0485216,6952.49382346767,6952.49382346767,0,0,1,0.988987953245042,0.529411764705882,0.98898795324504,3495.49317889264
M4,2,6302,8800,1000,Restart,90,4,KNOWN_FEASIBLE_WITNESS,3495.49317889264,0,990,990,0.1007041,6166.26888927848,6166.26888927848,0,0,1,0.7640626297065,0.470588235294118,0.764062629706499,3495.49317889264
M4,2,6302,9300,1500,Restart,90,4,KNOWN_FEASIBLE_WITNESS,3495.49317889264,0,1500,1500,0.1519637,6077.27827975602,6077.27827975602,0,0,1,0.738603959078898,0.647058823529412,0.738603959078896,3495.49317889264
M4,2,6302,10300,2500,Restart,90,4,KNOWN_FEASIBLE_WITNESS,3495.49317889264,0,2490,2490,0.2457981,5233.45629692547,5233.45629692547,0,0,1,0.497201118436573,0.764705882352941,0.497201118436572,3495.49317889264
M4,2,6302,8300,500,WarmStart,90,4,KNOWN_FEASIBLE_WITNESS,3495.49317889264,200,300,500,1.35916,3583.91645481805,3583.91645481805,0,0,1,0.0252963663208831,0.0588235294117647,0.0252963663208813,3495.49317889264
M4,2,6302,8800,1000,WarmStart,90,4,KNOWN_FEASIBLE_WITNESS,3495.49317889264,200,780,980,1.384823,3672.8786720753,3672.8786720753,0,0,1,0.0507469144136226,0.117647058823529,0.0507469144136208,3495.49317889264
M4,2,6302,9300,1500,WarmStart,90,4,KNOWN_FEASIBLE_WITNESS,3495.49317889264,200,1290,1490,1.4521437,3495.49317889264,3495.49317889264,0,0,1,0,0,0,3495.49317889264
M4,2,6302,10300,2500,WarmStart,90,4,KNOWN_FEASIBLE_WITNESS,3495.49317889264,200,2280,2480,1.5315858,3495.49317889264,3495.49317889264,0,0,1,0,0,0,3495.49317889264
M4,2,6302,8300,500,Repair,90,4,KNOWN_FEASIBLE_WITNESS,3495.49317889264,0,79,79,0.0066799,3495.49317889264,3495.49317889264,0,0,1,0,0,0,3495.49317889264
M4,2,6302,8800,1000,Repair,90,4,KNOWN_FEASIBLE_WITNESS,3495.49317889264,0,79,79,0.0067576,3495.49317889264,3495.49317889264,0,0,1,0,0,0,3495.49317889264
M4,2,6302,9300,1500,Repair,90,4,KNOWN_FEASIBLE_WITNESS,3495.49317889264,0,79,79,0.0063167,3495.49317889264,3495.49317889264,0,0,1,0,0,0,3495.49317889264
M4,2,6302,10300,2500,Repair,90,4,KNOWN_FEASIBLE_WITNESS,3495.49317889264,0,79,79,0.0066051,3495.49317889264,3495.49317889264,0,0,1,0,0,0,3495.49317889264
M4,3,6303,8400,500,Restart,90,4,KNOWN_FEASIBLE_WITNESS,3491.20822703812,0,480,480,0.0498348,7699.6989462458,7699.6989462458,0,0,1,1.2054539418802,0.705882352941176,1.2054539418802,3491.20822703812
M4,3,6303,8900,1000,Restart,90,4,KNOWN_FEASIBLE_WITNESS,3491.20822703812,0,990,990,0.0998271,6611.79613914117,6611.79613914117,0,0,1,0.893841818982679,0.647058823529412,0.89384181898268,3491.20822703812
M4,3,6303,9400,1500,Restart,90,4,KNOWN_FEASIBLE_WITNESS,3491.20822703812,0,1500,1500,0.1612723,5770.6910195039,5770.6910195039,0,0,1,0.652920892776326,0.529411764705882,0.652920892776325,3491.20822703812
M4,3,6303,10400,2500,Restart,90,4,KNOWN_FEASIBLE_WITNESS,3491.20822703812,0,2490,2490,0.2426862,5932.74600546752,5932.74600546752,0,0,1,0.69933891640166,0.588235294117647,0.69933891640166,3491.20822703812
M4,3,6303,8400,500,WarmStart,90,4,KNOWN_FEASIBLE_WITNESS,3491.20822703812,200,300,500,1.3367706,3687.98062666725,3687.98062666725,0,0,1,0.0563622639592796,0,0.0563622639592792,3491.20822703812
M4,3,6303,8900,1000,WarmStart,90,4,KNOWN_FEASIBLE_WITNESS,3491.20822703812,200,780,980,1.435841,3687.98062666725,3687.98062666725,0,0,1,0.0563622639592796,0,0.0563622639592792,3491.20822703812
M4,3,6303,9400,1500,WarmStart,90,4,KNOWN_FEASIBLE_WITNESS,3491.20822703812,200,1290,1490,1.4496481,3491.20822703812,3491.20822703812,0,0,1,0,0,0,3491.20822703812
M4,3,6303,10400,2500,WarmStart,90,4,KNOWN_FEASIBLE_WITNESS,3491.20822703812,200,2280,2480,1.522082,3491.20822703812,3491.20822703812,0,0,1,0,0,0,3491.20822703812
M4,3,6303,8400,500,Repair,90,4,KNOWN_FEASIBLE_WITNESS,3491.20822703812,0,79,79,0.0083319,3491.20822703812,3491.20822703812,0,0,1,0,0,0,3491.20822703812
M4,3,6303,8900,1000,Repair,90,4,KNOWN_FEASIBLE_WITNESS,3491.20822703812,0,79,79,0.0069743,3491.20822703812,3491.20822703812,0,0,1,0,0,0,3491.20822703812
M4,3,6303,9400,1500,Repair,90,4,KNOWN_FEASIBLE_WITNESS,3491.20822703812,0,79,79,0.0069274,3491.20822703812,3491.20822703812,0,0,1,0,0,0,3491.20822703812
M4,3,6303,10400,2500,Repair,90,4,KNOWN_FEASIBLE_WITNESS,3491.20822703812,0,79,79,0.0063385,3491.20822703812,3491.20822703812,0,0,1,0,0,0,3491.20822703812
M4,4,6304,8500,500,Restart,90,4,KNOWN_FEASIBLE_WITNESS,3491.63885231099,0,480,480,0.0519803,7034.85950354851,7034.85950354851,0,0,1,1.01477294792169,0.588235294117647,1.01477294792169,3491.63885231099
M4,4,6304,9000,1000,Restart,90,4,KNOWN_FEASIBLE_WITNESS,3491.63885231099,0,990,990,0.1026854,5906.37735902439,5906.37735902439,0,0,1,0.691577396418068,0.647058823529412,0.691577396418066,3491.63885231099
M4,4,6304,9500,1500,Restart,90,4,KNOWN_FEASIBLE_WITNESS,3491.63885231099,0,1500,1500,0.1556328,6203.05423869024,6203.05423869024,0,0,1,0.776545198706522,0.764705882352941,0.776545198706522,3491.63885231099
M4,4,6304,10500,2500,Restart,90,4,KNOWN_FEASIBLE_WITNESS,3491.63885231099,0,2490,2490,0.2796307,5344.16154186386,5344.16154186386,0,0,1,0.53055965061414,0.588235294117647,0.530559650614138,3491.63885231099
M4,4,6304,8500,500,WarmStart,90,4,KNOWN_FEASIBLE_WITNESS,3491.63885231099,200,300,500,1.3921308,4172.71859776653,4156.16828623916,0.165503115273737,0,0,0.195060192151533,0.117647058823529,0.195060192151533,3491.63885231099
M4,4,6304,9000,1000,WarmStart,90,4,KNOWN_FEASIBLE_WITNESS,3491.63885231099,200,780,980,1.4088786,3491.63885231099,3491.63885231099,0,0,1,0,0,0,3491.63885231099
M4,4,6304,9500,1500,WarmStart,90,4,KNOWN_FEASIBLE_WITNESS,3491.63885231099,200,1290,1490,1.473932,3491.63885231099,3491.63885231099,0,0,1,0,0,0,3491.63885231099
M4,4,6304,10500,2500,WarmStart,90,4,KNOWN_FEASIBLE_WITNESS,3491.63885231099,200,2280,2480,1.5574205,3491.63885231099,3491.63885231099,0,0,1,0,0,0,3491.63885231099
M4,4,6304,8500,500,Repair,90,4,KNOWN_FEASIBLE_WITNESS,3491.63885231099,0,79,79,0.0064983,3491.63885231099,3491.63885231099,0,0,1,0,0,0,3491.63885231099
M4,4,6304,9000,1000,Repair,90,4,KNOWN_FEASIBLE_WITNESS,3491.63885231099,0,79,79,0.0076716,3491.63885231099,3491.63885231099,0,0,1,0,0,0,3491.63885231099
M4,4,6304,9500,1500,Repair,90,4,KNOWN_FEASIBLE_WITNESS,3491.63885231099,0,79,79,0.0072355,3491.63885231099,3491.63885231099,0,0,1,0,0,0,3491.63885231099
M4,4,6304,10500,2500,Repair,90,4,KNOWN_FEASIBLE_WITNESS,3491.63885231099,0,79,79,0.0078016,3491.63885231099,3491.63885231099,0,0,1,0,0,0,3491.63885231099
M4,5,6305,8600,500,Restart,90,4,KNOWN_FEASIBLE_WITNESS,3493.12440005459,0,480,480,0.049317,6161.3454655169,6161.3454655169,0,0,1,0.763849425294045,0.647058823529412,0.763849425294047,3493.12440005459
M4,5,6305,9100,1000,Restart,90,4,KNOWN_FEASIBLE_WITNESS,3493.12440005459,0,990,990,0.102785,6190.87051383978,6190.87051383978,0,0,1,0.772301757630797,0.529411764705882,0.772301757630799,3493.12440005459
M4,5,6305,9600,1500,Restart,90,4,KNOWN_FEASIBLE_WITNESS,3493.12440005459,0,1500,1500,0.1510082,5614.18898667744,5614.18898667744,0,0,1,0.607211293874819,0.529411764705882,0.60721129387482,3493.12440005459
M4,5,6305,10600,2500,Restart,90,4,KNOWN_FEASIBLE_WITNESS,3493.12440005459,0,2490,2490,0.2662312,4748.20536628105,4748.20536628105,0,0,1,0.359300391994868,0.705882352941176,0.35930039199487,3493.12440005459
M4,5,6305,8600,500,WarmStart,90,4,KNOWN_FEASIBLE_WITNESS,3493.12440005459,200,300,500,1.334182,3981.01965734368,3981.01965734368,0,0,1,0.139673026612354,0.0588235294117647,0.139673026612355,3493.12440005459
M4,5,6305,9100,1000,WarmStart,90,4,KNOWN_FEASIBLE_WITNESS,3493.12440005459,200,780,980,1.3970166,3493.12440005459,3493.12440005459,0,0,1,0,0,0,3493.12440005459
M4,5,6305,9600,1500,WarmStart,90,4,KNOWN_FEASIBLE_WITNESS,3493.12440005459,200,1290,1490,1.4334895,3493.12440005459,3493.12440005459,0,0,1,0,0,0,3493.12440005459
M4,5,6305,10600,2500,WarmStart,90,4,KNOWN_FEASIBLE_WITNESS,3493.12440005459,200,2280,2480,1.5274951,3493.12440005459,3493.12440005459,0,0,1,0,0,0,3493.12440005459
M4,5,6305,8600,500,Repair,90,4,KNOWN_FEASIBLE_WITNESS,3493.12440005459,0,79,79,0.0068149,3493.12440005459,3493.12440005459,0,0,1,0,0,0,3493.12440005459
M4,5,6305,9100,1000,Repair,90,4,KNOWN_FEASIBLE_WITNESS,3493.12440005459,0,79,79,0.0063428,3493.12440005459,3493.12440005459,0,0,1,0,0,0,3493.12440005459
M4,5,6305,9600,1500,Repair,90,4,KNOWN_FEASIBLE_WITNESS,3493.12440005459,0,79,79,0.0062029,3493.12440005459,3493.12440005459,0,0,1,0,0,0,3493.12440005459
M4,5,6305,10600,2500,Repair,90,4,KNOWN_FEASIBLE_WITNESS,3493.12440005459,0,79,79,0.0060815,3493.12440005459,3493.12440005459,0,0,1,0,0,0,3493.12440005459
M4,6,6306,8700,500,Restart,90,4,KNOWN_FEASIBLE_WITNESS,3492.18623270377,0,480,480,0.0515648,6908.61475891651,6908.61475891651,0,0,1,0.978306510179336,0.647058823529412,0.978306510179334,3492.18623270377
M4,6,6306,9200,1000,Restart,90,4,KNOWN_FEASIBLE_WITNESS,3492.18623270377,0,990,990,0.0986524,6113.13056351009,6113.13056351009,0,0,1,0.750516769770637,0.588235294117647,0.750516769770636,3492.18623270377
M4,6,6306,9700,1500,Restart,90,4,KNOWN_FEASIBLE_WITNESS,3492.18623270377,0,1500,1500,0.1498743,6285.32960659684,6285.32960659684,0,0,1,0.799826580763571,0.529411764705882,0.79982658076357,3492.18623270377
M4,6,6306,10700,2500,Restart,90,4,KNOWN_FEASIBLE_WITNESS,3492.18623270377,0,2490,2490,0.2486839,4316.5558127091,4316.5558127091,0,0,1,0.236061173452104,0.352941176470588,0.236061173452103,3492.18623270377
M4,6,6306,8700,500,WarmStart,90,4,KNOWN_FEASIBLE_WITNESS,3492.18623270377,200,300,500,1.345112,3928.13241671378,3928.13241671378,0,0,1,0.124834746763345,0.0588235294117647,0.124834746763344,3492.18623270377
M4,6,6306,9200,1000,WarmStart,90,4,KNOWN_FEASIBLE_WITNESS,3492.18623270377,200,780,980,1.384462,4152.34292659448,4152.34292659448,0,0,1,0.189038227030519,0.0588235294117647,0.189038227030519,3492.18623270377
M4,6,6306,9700,1500,WarmStart,90,4,KNOWN_FEASIBLE_WITNESS,3492.18623270377,200,1290,1490,1.4191397,3590.02571385441,3590.02571385441,0,0,1,0.0280166848590129,0,0.0280166848590113,3492.18623270377
M4,6,6306,10700,2500,WarmStart,90,4,KNOWN_FEASIBLE_WITNESS,3492.18623270377,200,2280,2480,1.5227411,3492.18623270377,3492.18623270377,0,0,1,0,0,0,3492.18623270377
M4,6,6306,8700,500,Repair,90,4,KNOWN_FEASIBLE_WITNESS,3492.18623270377,0,79,79,0.0070405,3492.18623270377,3492.18623270377,0,0,1,0,0,0,3492.18623270377
M4,6,6306,9200,1000,Repair,90,4,KNOWN_FEASIBLE_WITNESS,3492.18623270377,0,79,79,0.0062958,3492.18623270377,3492.18623270377,0,0,1,0,0,0,3492.18623270377
M4,6,6306,9700,1500,Repair,90,4,KNOWN_FEASIBLE_WITNESS,3492.18623270377,0,79,79,0.0063593,3492.18623270377,3492.18623270377,0,0,1,0,0,0,3492.18623270377
M4,6,6306,10700,2500,Repair,90,4,KNOWN_FEASIBLE_WITNESS,3492.18623270377,0,79,79,0.0062995,3492.18623270377,3492.18623270377,0,0,1,0,0,0,3492.18623270377
M4,7,6307,8800,500,Restart,90,4,KNOWN_FEASIBLE_WITNESS,3493.58181375159,0,480,480,0.0502796,6704.37484123596,6704.37484123596,0,0,1,0.919054769190148,0.588235294117647,0.919054769190149,3493.58181375159
M4,7,6307,9300,1000,Restart,90,4,KNOWN_FEASIBLE_WITNESS,3493.58181375159,0,990,990,0.1014053,6447.54928699952,6447.54928699952,0,0,1,0.845541232674269,0.647058823529412,0.84554123267427,3493.58181375159
M4,7,6307,9800,1500,Restart,90,4,KNOWN_FEASIBLE_WITNESS,3493.58181375159,0,1500,1500,0.1522266,5619.28964163185,5619.28964163185,0,0,1,0.608460869447211,0.470588235294118,0.608460869447212,3493.58181375159
M4,7,6307,10800,2500,Restart,90,4,KNOWN_FEASIBLE_WITNESS,3493.58181375159,0,2490,2490,0.2493044,5447.88435546689,5447.88435546689,0,0,1,0.559397960575215,0.411764705882353,0.559397960575215,3493.58181375159
M4,7,6307,8800,500,WarmStart,90,4,KNOWN_FEASIBLE_WITNESS,3493.58181375159,200,300,500,1.3591315,3828.18291311866,3828.18291311866,0,0,1,0.095775944919909,0.0588235294117647,0.0957759449199096,3493.58181375159
M4,7,6307,9300,1000,WarmStart,90,4,KNOWN_FEASIBLE_WITNESS,3493.58181375159,200,780,980,1.3918344,3853.62283397558,3853.62283397558,0,0,1,0.103057847051637,0.0588235294117647,0.103057847051636,3493.58181375159
M4,7,6307,9800,1500,WarmStart,90,4,KNOWN_FEASIBLE_WITNESS,3493.58181375159,200,1290,1490,1.4329346,4060.6682933659,4060.6682933659,0,0,1,0.162322369947692,0,0.162322369947691,3493.58181375159
M4,7,6307,10800,2500,WarmStart,90,4,KNOWN_FEASIBLE_WITNESS,3493.58181375159,200,2280,2480,1.5498654,4006.92838671487,4006.92838671487,0,0,1,0.146939903036654,0,0.146939903036655,3493.58181375159
M4,7,6307,8800,500,Repair,90,4,KNOWN_FEASIBLE_WITNESS,3493.58181375159,0,79,79,0.0066858,3493.58181375159,3493.58181375159,0,0,1,0,0,0,3493.58181375159
M4,7,6307,9300,1000,Repair,90,4,KNOWN_FEASIBLE_WITNESS,3493.58181375159,0,79,79,0.0065518,3493.58181375159,3493.58181375159,0,0,1,0,0,0,3493.58181375159
M4,7,6307,9800,1500,Repair,90,4,KNOWN_FEASIBLE_WITNESS,3493.58181375159,0,79,79,0.0066839,3493.58181375159,3493.58181375159,0,0,1,0,0,0,3493.58181375159
M4,7,6307,10800,2500,Repair,90,4,KNOWN_FEASIBLE_WITNESS,3493.58181375159,0,79,79,0.0072764,3493.58181375159,3493.58181375159,0,0,1,0,0,0,3493.58181375159
M4,8,6308,8900,500,Restart,90,4,KNOWN_FEASIBLE_WITNESS,3491.04674436958,0,480,480,0.0521097,6322.66621700442,6322.66621700442,0,0,1,0.811109011130177,0.705882352941176,0.811109011130179,3491.04674436958
M4,8,6308,9400,1000,Restart,90,4,KNOWN_FEASIBLE_WITNESS,3491.04674436958,0,990,990,0.1024904,5266.72892153668,5266.72892153668,0,0,1,0.508638900361603,0.588235294117647,0.508638900361604,3491.04674436958
M4,8,6308,9900,1500,Restart,90,4,KNOWN_FEASIBLE_WITNESS,3491.04674436958,0,1500,1500,0.1506016,5378.9581745087,5378.9581745087,0,0,1,0.540786637470258,0.588235294117647,0.540786637470259,3491.04674436958
M4,8,6308,10900,2500,Restart,90,4,KNOWN_FEASIBLE_WITNESS,3491.04674436958,0,2490,2490,0.2675119,4580.79203988373,4580.79203988373,0,0,1,0.312154312247956,0.647058823529412,0.312154312247955,3491.04674436958
M4,8,6308,8900,500,WarmStart,90,4,KNOWN_FEASIBLE_WITNESS,3491.04674436958,200,300,500,1.3231696,3760.91957693145,3760.91957693145,0,0,1,0.0773042735669831,0,0.0773042735669826,3491.04674436958
M4,8,6308,9400,1000,WarmStart,90,4,KNOWN_FEASIBLE_WITNESS,3491.04674436958,200,780,980,1.3677141,4120.6395988159,4120.6395988159,0,0,1,0.180345008402345,0.176470588235294,0.180345008402348,3491.04674436958
M4,8,6308,9900,1500,WarmStart,90,4,KNOWN_FEASIBLE_WITNESS,3491.04674436958,200,1290,1490,1.4129454,3692.044256792,3692.044256792,0,0,1,0.0575751421107695,0,0.0575751421107701,3491.04674436958
M4,8,6308,10900,2500,WarmStart,90,4,KNOWN_FEASIBLE_WITNESS,3491.04674436958,200,2280,2480,1.5217093,3491.04674436958,3491.04674436958,0,0,1,0,0,0,3491.04674436958
M4,8,6308,8900,500,Repair,90,4,KNOWN_FEASIBLE_WITNESS,3491.04674436958,0,79,79,0.0064346,3491.04674436958,3491.04674436958,0,0,1,0,0,0,3491.04674436958
M4,8,6308,9400,1000,Repair,90,4,KNOWN_FEASIBLE_WITNESS,3491.04674436958,0,79,79,0.0086659,3491.04674436958,3491.04674436958,0,0,1,0,0,0,3491.04674436958
M4,8,6308,9900,1500,Repair,90,4,KNOWN_FEASIBLE_WITNESS,3491.04674436958,0,79,79,0.0085289,3491.04674436958,3491.04674436958,0,0,1,0,0,0,3491.04674436958
M4,8,6308,10900,2500,Repair,90,4,KNOWN_FEASIBLE_WITNESS,3491.04674436958,0,79,79,0.0073561,3491.04674436958,3491.04674436958,0,0,1,0,0,0,3491.04674436958
M4,9,6309,9000,500,Restart,90,4,KNOWN_FEASIBLE_WITNESS,3490.90694476991,0,480,480,0.054163,5858.70113594697,5858.70113594697,0,0,1,0.678274794670336,0.647058823529412,0.678274794670336,3490.90694476991
M4,9,6309,9500,1000,Restart,90,4,KNOWN_FEASIBLE_WITNESS,3490.90694476991,0,990,990,0.0977265,6966.64126848524,6966.64126848524,0,0,1,0.995653673588373,0.588235294117647,0.995653673588375,3490.90694476991
M4,9,6309,10000,1500,Restart,90,4,KNOWN_FEASIBLE_WITNESS,3490.90694476991,0,1500,1500,0.1517066,5320.000165565,5320.000165565,0,0,1,0.523959317659682,0.588235294117647,0.523959317659683,3490.90694476991
M4,9,6309,11000,2500,Restart,90,4,KNOWN_FEASIBLE_WITNESS,3490.90694476991,0,2490,2490,0.2557675,5124.54687124547,5124.54687124547,0,0,1,0.467970058303353,0.647058823529412,0.467970058303355,3490.90694476991
M4,9,6309,9000,500,WarmStart,90,4,KNOWN_FEASIBLE_WITNESS,3490.90694476991,200,300,500,1.3287205,3534.95233742023,3534.95233742023,0,0,1,0.012617177526404,0,0.0126171775264044,3490.90694476991
M4,9,6309,9500,1000,WarmStart,90,4,KNOWN_FEASIBLE_WITNESS,3490.90694476991,200,780,980,1.3978133,4114.95105869255,4114.95105869255,0,0,1,0.17876274670042,0.0588235294117647,0.17876274670042,3490.90694476991
M4,9,6309,10000,1500,WarmStart,90,4,KNOWN_FEASIBLE_WITNESS,3490.90694476991,200,1290,1490,1.4280309,3534.95233742023,3534.95233742023,0,0,1,0.012617177526404,0,0.0126171775264044,3490.90694476991
M4,9,6309,11000,2500,WarmStart,90,4,KNOWN_FEASIBLE_WITNESS,3490.90694476991,200,2280,2480,1.51761,3584.49827639725,3584.49827639725,0,0,1,0.0268100333546734,0.0588235294117647,0.0268100333546727,3490.90694476991
M4,9,6309,9000,500,Repair,90,4,KNOWN_FEASIBLE_WITNESS,3490.90694476991,0,79,79,0.0064718,3490.90694476991,3490.90694476991,0,0,1,0,0,0,3490.90694476991
M4,9,6309,9500,1000,Repair,90,4,KNOWN_FEASIBLE_WITNESS,3490.90694476991,0,79,79,0.0066051,3490.90694476991,3490.90694476991,0,0,1,0,0,0,3490.90694476991
M4,9,6309,10000,1500,Repair,90,4,KNOWN_FEASIBLE_WITNESS,3490.90694476991,0,79,79,0.0067808,3490.90694476991,3490.90694476991,0,0,1,0,0,0,3490.90694476991
M4,9,6309,11000,2500,Repair,90,4,KNOWN_FEASIBLE_WITNESS,3490.90694476991,0,79,79,0.0066064,3490.90694476991,3490.90694476991,0,0,1,0,0,0,3490.90694476991
M4,10,6310,9100,500,Restart,90,4,KNOWN_FEASIBLE_WITNESS,3491.80416143542,0,480,480,0.0508392,6237.07844362702,6237.07844362702,0,0,1,0.786205112105447,0.647058823529412,0.789163872549152,3486.02972557265
M4,10,6310,9600,1000,Restart,90,4,KNOWN_FEASIBLE_WITNESS,3491.80416143542,0,990,990,0.1006161,5820.84212914969,5820.84212914969,0,0,1,0.667001315090033,0.588235294117647,0.669762620338385,3486.02972557265
M4,10,6310,10100,1500,Restart,90,4,KNOWN_FEASIBLE_WITNESS,3491.80416143542,0,1500,1500,0.1535072,5860.97430406801,5860.97430406801,0,0,1,0.678494564156391,0.764705882352941,0.681274907403501,3486.02972557265
M4,10,6310,11100,2500,Restart,90,4,KNOWN_FEASIBLE_WITNESS,3491.80416143542,0,2490,2490,0.2517553,4400.16949860053,4400.16949860053,0,0,1,0.260142119995556,0.647058823529412,0.262229483105659,3486.02972557265
M4,10,6310,9100,500,WarmStart,90,4,KNOWN_FEASIBLE_WITNESS,3491.80416143542,200,300,500,1.3537492,3491.80416143542,3491.80416143542,0,0,1,0,0,0.0016564505518729,3486.02972557265
M4,10,6310,9600,1000,WarmStart,90,4,KNOWN_FEASIBLE_WITNESS,3491.80416143542,200,780,980,1.3523941,3600.72462367497,3600.72462367497,0,0,1,0.0311931761358507,0,0.0329012966415481,3486.02972557265
M4,10,6310,10100,1500,WarmStart,90,4,KNOWN_FEASIBLE_WITNESS,3491.80416143542,200,1290,1490,1.4091902,3491.80416143542,3491.80416143542,0,0,1,0,0,0.0016564505518729,3486.02972557265
M4,10,6310,11100,2500,WarmStart,90,4,KNOWN_FEASIBLE_WITNESS,3491.80416143542,200,2280,2480,1.5072102,3491.80416143542,3491.80416143542,0,0,1,0,0,0.0016564505518729,3486.02972557265
M4,10,6310,9100,500,Repair,90,4,KNOWN_FEASIBLE_WITNESS,3491.80416143542,0,79,79,0.0066375,3491.80416143542,3491.80416143542,0,0,1,0,0,0.0016564505518729,3486.02972557265
M4,10,6310,9600,1000,Repair,90,4,KNOWN_FEASIBLE_WITNESS,3491.80416143542,0,79,79,0.0063619,3491.80416143542,3491.80416143542,0,0,1,0,0,0.0016564505518729,3486.02972557265
M4,10,6310,10100,1500,Repair,90,4,KNOWN_FEASIBLE_WITNESS,3491.80416143542,0,79,79,0.0064896,3491.80416143542,3491.80416143542,0,0,1,0,0,0.0016564505518729,3486.02972557265
M4,10,6310,11100,2500,Repair,90,4,KNOWN_FEASIBLE_WITNESS,3491.80416143542,0,79,79,0.0064729,3491.80416143542,3491.80416143542,0,0,1,0,0,0.0016564505518729,3486.02972557265
