instance,route_index,route_source,feature,direction,spearman_rho,oracle_rank,normalized_rank,selected_gain,oracle_gain,gain_capture,selected_source_improves
rc_201.1,2,first-feasible,removal_saving,max,0.48400088525855,1,0,44.0386999999999,44.0386999999999,1,1
rc_201.1,2,first-feasible,removal_saving,min,0.48400088525855,11,0.555555555555556,0,44.0386999999999,0,0
rc_201.1,2,first-feasible,slack,max,0.158359068664695,9,0.444444444444444,0,44.0386999999999,0,0
rc_201.1,2,first-feasible,slack,min,0.158359068664695,18,0.944444444444444,0,44.0386999999999,0,0
rc_201.1,2,first-feasible,waiting,max,0.157974063654681,9,0.444444444444444,0,44.0386999999999,0,0
rc_201.1,2,first-feasible,waiting,min,0.157974063654681,8,0.388888888888889,0,44.0386999999999,0,0
rc_201.1,2,first-feasible,local_travel,max,-0.0852328602971031,13,0.666666666666667,0,44.0386999999999,0,0
rc_201.1,2,first-feasible,local_travel,min,-0.0852328602971031,6,0.277777777777778,0.982100000000059,44.0386999999999,0.0223008399430515,1
rc_201.1,4,first-feasible,removal_saving,max,0.488861724449729,16,0.833333333333333,0,15.9469,0,0
rc_201.1,4,first-feasible,removal_saving,min,0.488861724449729,18,0.944444444444444,0,15.9469,0,0
rc_201.1,4,first-feasible,slack,max,-0.0861547329976035,7,0.333333333333333,0,15.9469,0,0
rc_201.1,4,first-feasible,slack,min,-0.0861547329976035,4,0.166666666666667,1.78920000000005,15.9469,0.112197354971816,1
rc_201.1,4,first-feasible,waiting,max,0,7,0.333333333333333,0,15.9469,0,0
rc_201.1,4,first-feasible,waiting,min,0,6,0.277777777777778,0,15.9469,0,0
rc_201.1,4,first-feasible,local_travel,max,-0.316993884310944,12,0.611111111111111,0,15.9469,0,0
rc_201.1,4,first-feasible,local_travel,min,-0.316993884310944,6,0.277777777777778,0,15.9469,0,0
rc_201.1,5,first-feasible,removal_saving,max,0.473752263714014,4,0.166666666666667,7.00720000000001,13.4730999999999,0.520088175698248,1
rc_201.1,5,first-feasible,removal_saving,min,0.473752263714014,19,1,0,13.4730999999999,0,0
rc_201.1,5,first-feasible,slack,max,-0.360184552682375,14,0.722222222222222,0,13.4730999999999,0,0
rc_201.1,5,first-feasible,slack,min,-0.360184552682375,3,0.111111111111111,11.4103,13.4730999999999,0.8468949239596,1
rc_201.1,5,first-feasible,waiting,max,-0.243685543691483,13,0.666666666666667,0.926000000000045,13.4730999999999,0.0687295425700137,1
rc_201.1,5,first-feasible,waiting,min,-0.243685543691483,4,0.166666666666667,7.00720000000001,13.4730999999999,0.520088175698248,1
rc_201.1,5,first-feasible,local_travel,max,0.239106603908391,1,0,13.4730999999999,13.4730999999999,1,1
rc_201.1,5,first-feasible,local_travel,min,0.239106603908391,11,0.555555555555556,1.1816,13.4730999999999,0.0877006776465705,1
rc_201.1,6,first-feasible,removal_saving,max,0.519475766964897,1,0,61.6012000000001,61.6012000000001,1,1
rc_201.1,6,first-feasible,removal_saving,min,0.519475766964897,19,1,0,61.6012000000001,0,0
rc_201.1,6,first-feasible,slack,max,0.0528214939828178,9,0.444444444444444,0,61.6012000000001,0,0
rc_201.1,6,first-feasible,slack,min,0.0528214939828178,2,0.0555555555555556,45.2494,61.6012000000001,0.734553872327161,1
rc_201.1,6,first-feasible,waiting,max,0.0476528482973543,8,0.388888888888889,0.926000000000045,61.6012000000001,0.0150321746978962,1
rc_201.1,6,first-feasible,waiting,min,0.0476528482973543,1,0,61.6012000000001,61.6012000000001,1,1
rc_201.1,6,first-feasible,local_travel,max,0.255832050648126,1,0,61.6012000000001,61.6012000000001,1,1
rc_201.1,6,first-feasible,local_travel,min,0.255832050648126,11,0.555555555555556,0,61.6012000000001,0,0
rc_201.1,7,first-feasible,removal_saving,max,0.821962605020487,1,0,44.0387,44.0387,1,1
rc_201.1,7,first-feasible,removal_saving,min,0.821962605020487,18,0.944444444444444,0,44.0387,0,0
rc_201.1,7,first-feasible,slack,max,-0.0609343409284492,13,0.666666666666667,0,44.0387,0,0
rc_201.1,7,first-feasible,slack,min,-0.0609343409284492,8,0.388888888888889,8.10420000000011,44.0387,0.184024505718836,1
rc_201.1,7,first-feasible,waiting,max,-0.0268587002569662,13,0.666666666666667,0,44.0387,0,0
rc_201.1,7,first-feasible,waiting,min,-0.0268587002569662,12,0.611111111111111,0,44.0387,0,0
rc_201.1,7,first-feasible,local_travel,max,0.384069097351415,2,0.0555555555555556,44.0387,44.0387,1,1
rc_201.1,7,first-feasible,local_travel,min,0.384069097351415,10,0.5,1.39530000000002,44.0387,0.0316834965609798,1
rc_201.1,8,first-feasible,removal_saving,max,0.439783391376967,1,0,89.122,89.122,1,1
rc_201.1,8,first-feasible,removal_saving,min,0.439783391376967,19,1,0,89.122,0,0
rc_201.1,8,first-feasible,slack,max,0.0445350269748827,18,0.944444444444444,0,89.122,0,0
rc_201.1,8,first-feasible,slack,min,0.0445350269748827,14,0.722222222222222,0,89.122,0,0
rc_201.1,8,first-feasible,waiting,max,-0.227582287370539,18,0.944444444444444,0,89.122,0,0
rc_201.1,8,first-feasible,waiting,min,-0.227582287370539,11,0.555555555555556,0,89.122,0,0
rc_201.1,8,first-feasible,local_travel,max,0.237520143866041,1,0,89.122,89.122,1,1
rc_201.1,8,first-feasible,local_travel,min,0.237520143866041,9,0.444444444444444,2.3723,89.122,0.026618567805929,1
rc_201.1,9,first-feasible,removal_saving,max,0.459492983720882,10,0.5,0.443400000000054,14.3439,0.0309120950369184,1
rc_201.1,9,first-feasible,removal_saving,min,0.459492983720882,18,0.944444444444444,0,14.3439,0,0
rc_201.1,9,first-feasible,slack,max,-0.0892705433937607,12,0.611111111111111,0,14.3439,0,0
rc_201.1,9,first-feasible,slack,min,-0.0892705433937607,4,0.166666666666667,6.40160000000003,14.3439,0.446294243546039,1
rc_201.1,9,first-feasible,waiting,max,-0.130788702238097,12,0.611111111111111,0,14.3439,0,0
rc_201.1,9,first-feasible,waiting,min,-0.130788702238097,11,0.555555555555556,0,14.3439,0,0
rc_201.1,9,first-feasible,local_travel,max,-0.328607103509479,15,0.777777777777778,0,14.3439,0,0
rc_201.1,9,first-feasible,local_travel,min,-0.328607103509479,6,0.277777777777778,3.05999999999995,14.3439,0.21333110241984,1
rc_201.1,10,final-feasible,removal_saving,max,0.129099444873581,16,0.833333333333333,0,4.04679999999996,0,0
rc_201.1,10,final-feasible,removal_saving,min,0.129099444873581,7,0.333333333333333,0,4.04679999999996,0,0
rc_201.1,10,final-feasible,slack,max,-0.0431088443009553,3,0.111111111111111,0,4.04679999999996,0,0
rc_201.1,10,final-feasible,slack,min,-0.0431088443009553,14,0.722222222222222,0,4.04679999999996,0,0
rc_201.1,10,final-feasible,waiting,max,-0.101617355587133,3,0.111111111111111,0,4.04679999999996,0,0
rc_201.1,10,final-feasible,waiting,min,-0.101617355587133,2,0.0555555555555556,0,4.04679999999996,0,0
rc_201.1,10,final-feasible,local_travel,max,-0.387298334620742,4,0.166666666666667,0,4.04679999999996,0,0
rc_201.1,10,final-feasible,local_travel,min,-0.387298334620742,1,0,4.04679999999996,4.04679999999996,1,1
rc_201.1,11,first-feasible,removal_saving,max,0.376507404890518,1,0,61.6011999999999,61.6011999999999,1,1
rc_201.1,11,first-feasible,removal_saving,min,0.376507404890518,19,1,0,61.6011999999999,0,0
rc_201.1,11,first-feasible,slack,max,-0.00371595751287652,9,0.444444444444444,2.14430000000004,61.6011999999999,0.0348093868301274,1
rc_201.1,11,first-feasible,slack,min,-0.00371595751287652,5,0.222222222222222,5.88189999999997,61.6011999999999,0.095483529541632,1
rc_201.1,11,first-feasible,waiting,max,-0.113871646682388,10,0.5,0.925999999999931,61.6011999999999,0.0150321746978944,1
rc_201.1,11,first-feasible,waiting,min,-0.113871646682388,1,0,61.6011999999999,61.6011999999999,1,1
rc_201.1,11,first-feasible,local_travel,max,0.291190455999071,1,0,61.6011999999999,61.6011999999999,1,1
rc_201.1,11,first-feasible,local_travel,min,0.291190455999071,14,0.722222222222222,0,61.6011999999999,0,0
rc_201.1,13,first-feasible,removal_saving,max,0.726620219428568,7,0.333333333333333,7.00720000000001,25.8539,0.27103067622293,1
rc_201.1,13,first-feasible,removal_saving,min,0.726620219428568,18,0.944444444444444,0,25.8539,0,0
rc_201.1,13,first-feasible,slack,max,0.0405356387914766,13,0.666666666666667,0,25.8539,0,0
rc_201.1,13,first-feasible,slack,min,0.0405356387914766,6,0.277777777777778,9.9251999999999,25.8539,0.383895659842418,1
rc_201.1,13,first-feasible,waiting,max,-0.385078003529972,18,0.944444444444444,0,25.8539,0,0
rc_201.1,13,first-feasible,waiting,min,-0.385078003529972,7,0.333333333333333,7.00720000000001,25.8539,0.27103067622293,1
rc_201.1,13,first-feasible,local_travel,max,0.24940991422765,7,0.333333333333333,7.00720000000001,25.8539,0.27103067622293,1
rc_201.1,13,first-feasible,local_travel,min,0.24940991422765,10,0.5,5.92499999999995,25.8539,0.229172387918262,1
rc_201.1,14,first-feasible,removal_saving,max,0.426619886371523,16,0.833333333333333,0,4.04679999999996,0,0
rc_201.1,14,first-feasible,removal_saving,min,0.426619886371523,18,0.944444444444444,0,4.04679999999996,0,0
rc_201.1,14,first-feasible,slack,max,-0.171587583918594,8,0.388888888888889,0,4.04679999999996,0,0
rc_201.1,14,first-feasible,slack,min,-0.171587583918594,5,0.222222222222222,1.78920000000005,4.04679999999996,0.442127112780485,1
rc_201.1,14,first-feasible,waiting,max,-0.0870910600172191,8,0.388888888888889,0,4.04679999999996,0,0
rc_201.1,14,first-feasible,waiting,min,-0.0870910600172191,7,0.333333333333333,0,4.04679999999996,0,0
rc_201.1,14,first-feasible,local_travel,max,-0.584331947201811,9,0.444444444444444,0,4.04679999999996,0,0
rc_201.1,14,first-feasible,local_travel,min,-0.584331947201811,1,0,4.04679999999996,4.04679999999996,1,1
rc_201.1,15,first-feasible,removal_saving,max,0.371297606842049,9,0.444444444444444,0,38.7983,0,0
rc_201.1,15,first-feasible,removal_saving,min,0.371297606842049,19,1,0,38.7983,0,0
rc_201.1,15,first-feasible,slack,max,0.078762411826838,2,0.0555555555555556,29.1043000000001,38.7983,0.750143691862791,1
rc_201.1,15,first-feasible,slack,min,0.078762411826838,6,0.277777777777778,2.7713,38.7983,0.0714283873262488,1
rc_201.1,15,first-feasible,waiting,max,0.16763161522499,18,0.944444444444444,0,38.7983,0,0
rc_201.1,15,first-feasible,waiting,min,0.16763161522499,7,0.333333333333333,0,38.7983,0,0
rc_201.1,15,first-feasible,local_travel,max,0.0159583498642714,9,0.444444444444444,0,38.7983,0,0
rc_201.1,15,first-feasible,local_travel,min,0.0159583498642714,6,0.277777777777778,2.7713,38.7983,0.0714283873262488,1
rc_201.1,16,final-feasible,removal_saving,max,0.086066296582387,16,0.833333333333333,0,4.04679999999996,0,0
rc_201.1,16,final-feasible,removal_saving,min,0.086066296582387,8,0.388888888888889,0,4.04679999999996,0,0
rc_201.1,16,final-feasible,slack,max,0,3,0.111111111111111,0,4.04679999999996,0,0
rc_201.1,16,final-feasible,slack,min,0,14,0.722222222222222,0,4.04679999999996,0,0
rc_201.1,16,final-feasible,waiting,max,-0.101617355587133,3,0.111111111111111,0,4.04679999999996,0,0
rc_201.1,16,final-feasible,waiting,min,-0.101617355587133,2,0.0555555555555556,0,4.04679999999996,0,0
rc_201.1,16,final-feasible,local_travel,max,-0.387468314148179,4,0.166666666666667,0,4.04679999999996,0,0
rc_201.1,16,final-feasible,local_travel,min,-0.387468314148179,1,0,4.04679999999996,4.04679999999996,1,1
rc_201.1,17,first-feasible,removal_saving,max,0.688050160277948,1,0,26.9352,26.9352,1,1
rc_201.1,17,first-feasible,removal_saving,min,0.688050160277948,11,0.555555555555556,0,26.9352,0,0
rc_201.1,17,first-feasible,slack,max,-0.0812723451392854,6,0.277777777777778,0,26.9352,0,0
rc_201.1,17,first-feasible,slack,min,-0.0812723451392854,16,0.833333333333333,0,26.9352,0,0
rc_201.1,17,first-feasible,waiting,max,-0.175469567372714,6,0.277777777777778,0,26.9352,0,0
rc_201.1,17,first-feasible,waiting,min,-0.175469567372714,5,0.222222222222222,0,26.9352,0,0
rc_201.1,17,first-feasible,local_travel,max,0.611736904576279,2,0.0555555555555556,26.9352,26.9352,1,1
rc_201.1,17,first-feasible,local_travel,min,0.611736904576279,17,0.888888888888889,0,26.9352,0,0
rc_201.1,18,first-feasible,removal_saving,max,0.808966893942646,1,0,91.5331,91.5331,1,1
rc_201.1,18,first-feasible,removal_saving,min,0.808966893942646,13,0.666666666666667,0,91.5331,0,0
rc_201.1,18,first-feasible,slack,max,0.456705488246963,5,0.222222222222222,22.677,91.5331,0.247746443636236,1
rc_201.1,18,first-feasible,slack,min,0.456705488246963,16,0.833333333333333,0,91.5331,0,0
rc_201.1,18,first-feasible,waiting,max,0.209609826935166,5,0.222222222222222,22.677,91.5331,0.247746443636236,1
rc_201.1,18,first-feasible,waiting,min,0.209609826935166,10,0.5,0,91.5331,0,0
rc_201.1,18,first-feasible,local_travel,max,0.67698755326421,1,0,91.5331,91.5331,1,1
rc_201.1,18,first-feasible,local_travel,min,0.67698755326421,13,0.666666666666667,0,91.5331,0,0
rc_201.1,19,first-feasible,removal_saving,max,0.796054341972968,1,0,85.8426000000001,85.8426000000001,1,1
rc_201.1,19,first-feasible,removal_saving,min,0.796054341972968,11,0.555555555555556,0,85.8426000000001,0,0
rc_201.1,19,first-feasible,slack,max,-0.205858638752245,18,0.944444444444444,0,85.8426000000001,0,0
rc_201.1,19,first-feasible,slack,min,-0.205858638752245,5,0.222222222222222,9.51419999999996,85.8426000000001,0.110833082874936,1
rc_201.1,19,first-feasible,waiting,max,-0.174120166800542,18,0.944444444444444,0,85.8426000000001,0,0
rc_201.1,19,first-feasible,waiting,min,-0.174120166800542,8,0.388888888888889,0,85.8426000000001,0,0
rc_201.1,19,first-feasible,local_travel,max,0.492843834648233,1,0,85.8426000000001,85.8426000000001,1,1
rc_201.1,19,first-feasible,local_travel,min,0.492843834648233,11,0.555555555555556,0,85.8426000000001,0,0
rc_201.1,20,first-feasible,removal_saving,max,0.492786171310133,2,0.0555555555555556,54.5940000000001,54.5940000000001,1,1
rc_201.1,20,first-feasible,removal_saving,min,0.492786171310133,13,0.666666666666667,0,54.5940000000001,0,0
rc_201.1,20,first-feasible,slack,max,0.133515717453624,2,0.0555555555555556,54.5940000000001,54.5940000000001,1,1
rc_201.1,20,first-feasible,slack,min,0.133515717453624,5,0.222222222222222,5.43849999999998,54.5940000000001,0.0996171740484297,1
rc_201.1,20,first-feasible,waiting,max,0.384704641230793,6,0.277777777777778,1.39170000000001,54.5940000000001,0.0254918122870646,1
rc_201.1,20,first-feasible,waiting,min,0.384704641230793,10,0.5,0,54.5940000000001,0,0
rc_201.1,20,first-feasible,local_travel,max,0.263009189697316,2,0.0555555555555556,54.5940000000001,54.5940000000001,1,1
rc_201.1,20,first-feasible,local_travel,min,0.263009189697316,6,0.277777777777778,1.39170000000001,54.5940000000001,0.0254918122870646,1
rc_201.1,21,first-feasible,removal_saving,max,0.619604080185329,2,0.0555555555555556,54.5940000000001,54.5940000000001,1,1
rc_201.1,21,first-feasible,removal_saving,min,0.619604080185329,18,0.944444444444444,0,54.5940000000001,0,0
rc_201.1,21,first-feasible,slack,max,0.227553928226857,2,0.0555555555555556,54.5940000000001,54.5940000000001,1,1
rc_201.1,21,first-feasible,slack,min,0.227553928226857,12,0.611111111111111,0,54.5940000000001,0,0
rc_201.1,21,first-feasible,waiting,max,0.00718388021693022,18,0.944444444444444,0,54.5940000000001,0,0
rc_201.1,21,first-feasible,waiting,min,0.00718388021693022,8,0.388888888888889,0,54.5940000000001,0,0
rc_201.1,21,first-feasible,local_travel,max,0.234252933752555,2,0.0555555555555556,54.5940000000001,54.5940000000001,1,1
rc_201.1,21,first-feasible,local_travel,min,0.234252933752555,17,0.888888888888889,0,54.5940000000001,0,0
rc_201.1,22,first-feasible,removal_saving,max,0.907852792278553,2,0.0555555555555556,54.5940000000001,54.5940000000001,1,1
rc_201.1,22,first-feasible,removal_saving,min,0.907852792278553,19,1,0,54.5940000000001,0,0
rc_201.1,22,first-feasible,slack,max,0.357918200409903,2,0.0555555555555556,54.5940000000001,54.5940000000001,1,1
rc_201.1,22,first-feasible,slack,min,0.357918200409903,8,0.388888888888889,19.2777,54.5940000000001,0.353110231893614,1
rc_201.1,22,first-feasible,waiting,max,0.522685929109753,3,0.111111111111111,44.0386999999999,54.5940000000001,0.806658240832323,1
rc_201.1,22,first-feasible,waiting,min,0.522685929109753,15,0.777777777777778,0,54.5940000000001,0,0
rc_201.1,22,first-feasible,local_travel,max,0.627695094661343,2,0.0555555555555556,54.5940000000001,54.5940000000001,1,1
rc_201.1,22,first-feasible,local_travel,min,0.627695094661343,12,0.611111111111111,3.92579999999998,54.5940000000001,0.0719090009891192,1
rc_201.1,23,first-feasible,removal_saving,max,0.508771008923399,1,0,61.6012000000001,61.6012000000001,1,1
rc_201.1,23,first-feasible,removal_saving,min,0.508771008923399,18,0.944444444444444,0,61.6012000000001,0,0
rc_201.1,23,first-feasible,slack,max,-0.0427544312301749,8,0.388888888888889,0,61.6012000000001,0,0
rc_201.1,23,first-feasible,slack,min,-0.0427544312301749,13,0.666666666666667,0,61.6012000000001,0,0
rc_201.1,23,first-feasible,waiting,max,-0.377953789860141,18,0.944444444444444,0,61.6012000000001,0,0
rc_201.1,23,first-feasible,waiting,min,-0.377953789860141,1,0,61.6012000000001,61.6012000000001,1,1
rc_201.1,23,first-feasible,local_travel,max,-0.0871599736402636,1,0,61.6012000000001,61.6012000000001,1,1
rc_201.1,23,first-feasible,local_travel,min,-0.0871599736402636,17,0.888888888888889,0,61.6012000000001,0,0
rc_201.1,24,first-feasible,removal_saving,max,0.830173108289282,1,0,87.0967000000001,87.0967000000001,1,1
rc_201.1,24,first-feasible,removal_saving,min,0.830173108289282,14,0.722222222222222,0,87.0967000000001,0,0
rc_201.1,24,first-feasible,slack,max,0.150525893261243,2,0.0555555555555556,44.0386999999999,87.0967000000001,0.505629949240325,1
rc_201.1,24,first-feasible,slack,min,0.150525893261243,11,0.555555555555556,2.62690000000009,87.0967000000001,0.0301607293961779,1
rc_201.1,24,first-feasible,waiting,max,0.335657614475819,2,0.0555555555555556,44.0386999999999,87.0967000000001,0.505629949240325,1
rc_201.1,24,first-feasible,waiting,min,0.335657614475819,12,0.611111111111111,0,87.0967000000001,0,0
rc_201.1,24,first-feasible,local_travel,max,0.426033891836368,1,0,87.0967000000001,87.0967000000001,1,1
rc_201.1,24,first-feasible,local_travel,min,0.426033891836368,15,0.777777777777778,0,87.0967000000001,0,0
rc_201.1,25,first-feasible,removal_saving,max,0.496013656619546,8,0.388888888888889,0,30.3584,0,0
rc_201.1,25,first-feasible,removal_saving,min,0.496013656619546,18,0.944444444444444,0,30.3584,0,0
rc_201.1,25,first-feasible,slack,max,0.0136133192529332,1,0,30.3584,30.3584,1,1
rc_201.1,25,first-feasible,slack,min,0.0136133192529332,11,0.555555555555556,0,30.3584,0,0
rc_201.1,25,first-feasible,waiting,max,0.13548980744951,18,0.944444444444444,0,30.3584,0,0
rc_201.1,25,first-feasible,waiting,min,0.13548980744951,6,0.277777777777778,0,30.3584,0,0
rc_201.1,25,first-feasible,local_travel,max,0.0532252097285814,8,0.388888888888889,0,30.3584,0,0
rc_201.1,25,first-feasible,local_travel,min,0.0532252097285814,17,0.888888888888889,0,30.3584,0,0
rc_201.3,2,first-feasible,removal_saving,max,0.575199328547611,2,0.0333333333333333,10.4807000000001,22.1463,0.473248352998022,1
rc_201.3,2,first-feasible,removal_saving,min,0.575199328547611,16,0.5,0,22.1463,0,0
rc_201.3,2,first-feasible,slack,max,-0.20219900189823,12,0.366666666666667,0,22.1463,0,0
rc_201.3,2,first-feasible,slack,min,-0.20219900189823,1,0,22.1463,22.1463,1,1
rc_201.3,2,first-feasible,waiting,max,-0.220119681134862,25,0.8,0,22.1463,0,0
rc_201.3,2,first-feasible,waiting,min,-0.220119681134862,11,0.333333333333333,0,22.1463,0,0
rc_201.3,2,first-feasible,local_travel,max,0.0340067170594027,29,0.933333333333333,0,22.1463,0,0
rc_201.3,2,first-feasible,local_travel,min,0.0340067170594027,15,0.466666666666667,0,22.1463,0,0
rc_201.3,3,first-feasible,removal_saving,max,0.359000723460666,31,1,0,12.5156999999999,0,0
rc_201.3,3,first-feasible,removal_saving,min,0.359000723460666,11,0.333333333333333,0,12.5156999999999,0,0
rc_201.3,3,first-feasible,slack,max,-0.135234034083222,7,0.2,0,12.5156999999999,0,0
rc_201.3,3,first-feasible,slack,min,-0.135234034083222,1,0,12.5156999999999,12.5156999999999,1,1
rc_201.3,3,first-feasible,waiting,max,-0.167541330862686,27,0.866666666666667,0,12.5156999999999,0,0
rc_201.3,3,first-feasible,waiting,min,-0.167541330862686,6,0.166666666666667,0,12.5156999999999,0,0
rc_201.3,3,first-feasible,local_travel,max,0.00220439040721462,17,0.533333333333333,0,12.5156999999999,0,0
rc_201.3,3,first-feasible,local_travel,min,0.00220439040721462,23,0.733333333333333,0,12.5156999999999,0,0
rc_201.3,4,first-feasible,removal_saving,max,0.442393691660459,2,0.0333333333333333,18.8347,18.8347,1,1
rc_201.3,4,first-feasible,removal_saving,min,0.442393691660459,24,0.766666666666667,0,18.8347,0,0
rc_201.3,4,first-feasible,slack,max,0.0903609966439478,9,0.266666666666667,0,18.8347,0,0
rc_201.3,4,first-feasible,slack,min,0.0903609966439478,24,0.766666666666667,0,18.8347,0,0
rc_201.3,4,first-feasible,waiting,max,0.170074309562672,4,0.1,4.93940000000009,18.8347,0.262249996017993,1
rc_201.3,4,first-feasible,waiting,min,0.170074309562672,8,0.233333333333333,0,18.8347,0,0
rc_201.3,4,first-feasible,local_travel,max,-0.121203751139852,2,0.0333333333333333,18.8347,18.8347,1,1
rc_201.3,4,first-feasible,local_travel,min,-0.121203751139852,12,0.366666666666667,0,18.8347,0,0
rc_201.3,5,final-feasible,removal_saving,max,0.183711730708738,29,0.933333333333333,0,4.7672,0,0
rc_201.3,5,final-feasible,removal_saving,min,0.183711730708738,26,0.833333333333333,0,4.7672,0,0
rc_201.3,5,final-feasible,slack,max,0.0613672919655319,3,0.0666666666666667,0,4.7672,0,0
rc_201.3,5,final-feasible,slack,min,0.0613672919655319,26,0.833333333333333,0,4.7672,0,0
rc_201.3,5,final-feasible,waiting,max,-0.0796696701841821,30,0.966666666666667,0,4.7672,0,0
rc_201.3,5,final-feasible,waiting,min,-0.0796696701841821,2,0.0333333333333333,0,4.7672,0,0
rc_201.3,5,final-feasible,local_travel,max,-0.183711730708738,21,0.666666666666667,0,4.7672,0,0
rc_201.3,5,final-feasible,local_travel,min,-0.183711730708738,6,0.166666666666667,0,4.7672,0,0
rc_201.3,6,first-feasible,removal_saving,max,0.409613586238545,6,0.166666666666667,0.296000000000049,11.6656,0.025373748457006,1
rc_201.3,6,first-feasible,removal_saving,min,0.409613586238545,30,0.966666666666667,0,11.6656,0,0
rc_201.3,6,first-feasible,slack,max,-0.107992410623255,8,0.233333333333333,0,11.6656,0,0
rc_201.3,6,first-feasible,slack,min,-0.107992410623255,7,0.2,0.296000000000049,11.6656,0.025373748457006,1
rc_201.3,6,first-feasible,waiting,max,-0.140327472148669,8,0.233333333333333,0,11.6656,0,0
rc_201.3,6,first-feasible,waiting,min,-0.140327472148669,9,0.266666666666667,0,11.6656,0,0
rc_201.3,6,first-feasible,local_travel,max,0.239101945430435,6,0.166666666666667,0.296000000000049,11.6656,0.025373748457006,1
rc_201.3,6,first-feasible,local_travel,min,0.239101945430435,12,0.366666666666667,0,11.6656,0,0
rc_201.3,8,first-feasible,removal_saving,max,0.437240682118428,2,0.0333333333333333,18.7921000000001,18.7921000000001,1,1
rc_201.3,8,first-feasible,removal_saving,min,0.437240682118428,26,0.833333333333333,0,18.7921000000001,0,0
rc_201.3,8,first-feasible,slack,max,-0.0799407116817815,8,0.233333333333333,0,18.7921000000001,0,0
rc_201.3,8,first-feasible,slack,min,-0.0799407116817815,21,0.666666666666667,0,18.7921000000001,0,0
rc_201.3,8,first-feasible,waiting,max,-0.186720544447902,30,0.966666666666667,0,18.7921000000001,0,0
rc_201.3,8,first-feasible,waiting,min,-0.186720544447902,7,0.2,0,18.7921000000001,0,0
rc_201.3,8,first-feasible,local_travel,max,0.17694355363321,4,0.1,5.54710000000011,18.7921000000001,0.295182550114148,1
rc_201.3,8,first-feasible,local_travel,min,0.17694355363321,11,0.333333333333333,0,18.7921000000001,0,0
rc_201.3,9,first-feasible,removal_saving,max,0.13464225298211,27,0.866666666666667,0,20.7769,0,0
rc_201.3,9,first-feasible,removal_saving,min,0.13464225298211,30,0.966666666666667,0,20.7769,0,0
rc_201.3,9,first-feasible,slack,max,-0.176868425362375,8,0.233333333333333,2.005,20.7769,0.0965014030004476,1
rc_201.3,9,first-feasible,slack,min,-0.176868425362375,6,0.166666666666667,4.37400000000025,20.7769,0.210522262705228,1
rc_201.3,9,first-feasible,waiting,max,0.202927190762779,8,0.233333333333333,2.005,20.7769,0.0965014030004476,1
rc_201.3,9,first-feasible,waiting,min,0.202927190762779,9,0.266666666666667,1.66570000000002,20.7769,0.0801707665724925,1
rc_201.3,9,first-feasible,local_travel,max,0.130175161066708,27,0.866666666666667,0,20.7769,0,0
rc_201.3,9,first-feasible,local_travel,min,0.130175161066708,15,0.466666666666667,0,20.7769,0,0
rc_201.3,10,final-feasible,removal_saving,max,0.183711730708738,29,0.933333333333333,0,8.94119999999998,0,0
rc_201.3,10,final-feasible,removal_saving,min,0.183711730708738,24,0.766666666666667,0,8.94119999999998,0,0
rc_201.3,10,final-feasible,slack,max,-0.143175854235857,3,0.0666666666666667,0,8.94119999999998,0,0
rc_201.3,10,final-feasible,slack,min,-0.143175854235857,26,0.833333333333333,0,8.94119999999998,0,0
rc_201.3,10,final-feasible,waiting,max,-0.0796696701841821,24,0.766666666666667,0,8.94119999999998,0,0
rc_201.3,10,final-feasible,waiting,min,-0.0796696701841821,2,0.0333333333333333,0,8.94119999999998,0,0
rc_201.3,10,final-feasible,local_travel,max,0.0816496580927726,22,0.7,0,8.94119999999998,0,0
rc_201.3,10,final-feasible,local_travel,min,0.0816496580927726,20,0.633333333333333,0,8.94119999999998,0,0
