instance,route_index,route_source,seed,source_node,source_cost,source_gain,removal_saving,slack,late,waiting,is_oracle_source,actionable
rc_201.1,1,reference,0,15,444.5425,0,11.1644,119.8197,0,0,1,0
rc_201.1,1,reference,0,19,444.5425,0,13.2472,120,0,74.6002,0,0
rc_201.1,1,reference,0,14,444.5425,0,12.3252,13.9168,0,0,0,0
rc_201.1,1,reference,0,10,444.5425,0,10.4254,24.3013,0,0,0,0
rc_201.1,1,reference,0,6,444.5425,0,10.2912,74.699,0,0,0,0
rc_201.1,1,reference,0,5,444.5425,0,15.4458,55.868,0,0,0,0
rc_201.1,1,reference,0,7,444.5425,0,10,88.868,0,0,0,0
rc_201.1,1,reference,0,9,444.5425,0,11.6148,47.868,0,0,0,0
rc_201.1,1,reference,0,8,444.5425,0,16.8328,113.868,0,0,0,0
rc_201.1,1,reference,0,17,444.5425,0,29.8976,99.0352,0,0,0,0
rc_201.1,1,reference,0,20,444.5425,0,13.8006,120,0,26.0089,0,0
rc_201.1,1,reference,0,12,444.5425,0,16.5762,83.456,0,0,0,0
rc_201.1,1,reference,0,18,444.5425,0,18.2971,6.02199999999999,0,0,0,0
rc_201.1,1,reference,0,2,444.5425,0,16.7443,45.5578,0,0,0,0
rc_201.1,1,reference,0,11,444.5425,0,10.1154,120,0,13.2777,0,0
rc_201.1,1,reference,0,4,444.5425,0,10.0559,41.3944,0,0,0,0
rc_201.1,1,reference,0,13,444.5425,0,37.7626,39.2523,0,0,0,0
rc_201.1,1,reference,0,3,444.5425,0,31.3644,120,0,33.6318,0,0
rc_201.1,1,reference,0,16,444.5425,0,10.004,116.9773,0,0,0,0
rc_201.1,2,first-feasible,1,15,532.0086,0,11.1644,119.8197,0,0,0,1
rc_201.1,2,first-feasible,1,19,532.0086,0,13.2472,120,0,74.6002,0,1
rc_201.1,2,first-feasible,1,14,532.0086,0,12.3252,13.9168,0,0,0,1
rc_201.1,2,first-feasible,1,10,532.0086,0,10.4254,24.3013,0,0,0,1
rc_201.1,2,first-feasible,1,6,530.4301,1.57850000000008,12.8072,74.699,0,0,0,1
rc_201.1,2,first-feasible,1,7,531.0265,0.982100000000059,10.9821,104.3138,0,0,0,1
rc_201.1,2,first-feasible,1,9,531.0265,0.982100000000059,14,63.3138,0,0,0,1
rc_201.1,2,first-feasible,1,5,526.8521,5.15650000000005,20.6023,27.3138,0,0,0,1
rc_201.1,2,first-feasible,1,8,532.0086,0,13.6546,108.7115,0,0,0,1
rc_201.1,2,first-feasible,1,17,532.0086,0,33.8117,93.8787,0,0,0,1
rc_201.1,2,first-feasible,1,18,532.0086,0,15.6702,53.6132,0,0,0,1
rc_201.1,2,first-feasible,1,2,532.0086,0,18.0108,93.149,0,0,0,1
rc_201.1,2,first-feasible,1,4,532.0086,0,10.4993,112.3787,0,0,0,1
rc_201.1,2,first-feasible,1,13,517.1334,14.8751999999999,33.8258,110.2366,0,0,0,1
rc_201.1,2,first-feasible,1,12,532.0086,0,10.9785,3.74149999999997,0,0,0,1
rc_201.1,2,first-feasible,1,20,532.0086,0,26.9862,3.19749999999999,0,0,0,1
rc_201.1,2,first-feasible,1,11,532.0086,0,32.6497,65.491,0,0,0,1
rc_201.1,2,first-feasible,1,16,487.9699,44.0386999999999,54.0427,120,0,36.471,1,1
rc_201.1,2,first-feasible,1,3,487.9699,44.0386999999999,54.0414,58.9773,0,0,0,1
rc_201.1,3,final-feasible,1,15,482.8134,0,11.1644,119.8197,0,0,1,0
rc_201.1,3,final-feasible,1,19,482.8134,0,13.2472,120,0,74.6002,0,0
rc_201.1,3,final-feasible,1,14,482.8134,0,12.3252,13.9168,0,0,0,0
rc_201.1,3,final-feasible,1,10,482.8134,0,10.4254,24.3013,0,0,0,0
rc_201.1,3,final-feasible,1,6,482.8134,0,10.2912,74.699,0,0,0,0
rc_201.1,3,final-feasible,1,5,482.8134,0,15.4458,55.868,0,0,0,0
rc_201.1,3,final-feasible,1,7,482.8134,0,10,88.868,0,0,0,0
rc_201.1,3,final-feasible,1,9,482.8134,0,11.6148,47.868,0,0,0,0
rc_201.1,3,final-feasible,1,8,482.8134,0,16.8328,113.868,0,0,0,0
rc_201.1,3,final-feasible,1,17,482.8134,0,33.8117,99.0352,0,0,0,0
rc_201.1,3,final-feasible,1,18,482.8134,0,15.6702,58.7697000000001,0,0,0,0
rc_201.1,3,final-feasible,1,2,482.8134,0,18.0108,98.3055000000001,0,0,0,0
rc_201.1,3,final-feasible,1,4,482.8134,0,10.4993,117.5352,0,0,0,0
rc_201.1,3,final-feasible,1,13,482.8134,0,33.8258,115.3931,0,0,0,0
rc_201.1,3,final-feasible,1,12,482.8134,0,10.9785,8.89800000000002,0,0,0,0
rc_201.1,3,final-feasible,1,20,482.8134,0,26.9862,8.35400000000004,0,0,0,0
rc_201.1,3,final-feasible,1,11,482.8134,0,14.2343,70.6475,0,0,0,0
rc_201.1,3,final-feasible,1,3,482.8134,0,10.0027,120,0,34.6475,0,0
rc_201.1,3,final-feasible,1,16,482.8134,0,10.004,116.9773,0,0,0,0
rc_201.1,4,first-feasible,2,15,493.3009,0,11.1644,119.8197,0,0,0,1
rc_201.1,4,first-feasible,2,19,493.3009,0,13.2472,120,0,74.6002,0,1
rc_201.1,4,first-feasible,2,14,493.3009,0,12.3252,13.9168,0,0,0,1
rc_201.1,4,first-feasible,2,10,493.3009,0,10.4254,24.3013,0,0,0,1
rc_201.1,4,first-feasible,2,6,493.3009,0,14.5651,74.699,0,0,0,1
rc_201.1,4,first-feasible,2,9,489.8978,3.40309999999999,17.4031,74.2959,0,0,0,1
rc_201.1,4,first-feasible,2,8,491.9908,1.31010000000003,16.6023,120,0,20.2959,0,1
rc_201.1,4,first-feasible,2,5,491.5117,1.78920000000005,18.2171,1.39769999999999,0,0,0,1
rc_201.1,4,first-feasible,2,7,493.3009,0,10.1453,34.3977,0,0,0,1
rc_201.1,4,first-feasible,2,17,493.3009,0,29.3892,71.4719,0,0,0,1
rc_201.1,4,first-feasible,2,18,493.3009,0,15.6702,31.2064,0,0,0,1
rc_201.1,4,first-feasible,2,2,493.3009,0,18.0108,70.7422,0,0,0,1
rc_201.1,4,first-feasible,2,4,490.7534,2.54750000000007,17.9806,89.9719,0,0,0,1
rc_201.1,4,first-feasible,2,12,493.3009,0,10.0038,15.1605,0,0,0,1
rc_201.1,4,first-feasible,2,20,477.354,15.9469,26.1095,14.6165,0,0,1,1
rc_201.1,4,first-feasible,2,13,493.3009,0,37.0459,24.5559,0,0,0,1
rc_201.1,4,first-feasible,2,11,493.3009,0,15.0713,39.8641,0,0,0,1
rc_201.1,4,first-feasible,2,3,493.3009,0,10.0027,120,0,3.86410000000001,0,1
rc_201.1,4,first-feasible,2,16,493.3009,0,10.004,116.9773,0,0,0,1
rc_201.1,5,first-feasible,3,14,561.9947,7.00720000000001,73.9264,119.9488,0,0,0,1
rc_201.1,5,first-feasible,3,15,561.9947,7.00720000000001,25.1918,45.8933,0,0,0,1
rc_201.1,5,first-feasible,3,19,569.0019,0,17.1493,120,0,0.6738,0,1
rc_201.1,5,first-feasible,3,5,555.5288,13.4730999999999,33.9064,92.8622,0,0,1,1
rc_201.1,5,first-feasible,3,10,556.4663,12.5355999999999,26.9134,2.7201,0,0,0,1
rc_201.1,5,first-feasible,3,6,569.0019,0,16.7713,53.1178,0,0,0,1
rc_201.1,5,first-feasible,3,8,567.2747,1.72719999999993,12.5969,120,0,16.1178,0,1
rc_201.1,5,first-feasible,3,9,567.8203,1.1816,11.6148,24,0,0,0,1
rc_201.1,5,first-feasible,3,7,567.8203,1.1816,13.5668,41,0,0,0,1
rc_201.1,5,first-feasible,3,18,569.0019,0,19.1572,67.1979,0,0,0,1
rc_201.1,5,first-feasible,3,12,565.882,3.11990000000003,16.5762,105.7639,0,0,0,1
rc_201.1,5,first-feasible,3,20,569.0019,0,13.8006,105.2199,0,0,0,1
rc_201.1,5,first-feasible,3,17,557.5916,11.4103,40.7995,0.193600000000004,0,0,0,1
rc_201.1,5,first-feasible,3,4,564.6656,4.33629999999994,14.8356,61.0688,0,0,0,1
rc_201.1,5,first-feasible,3,2,564.6656,4.33629999999994,31.0413,0.29849999999999,0,0,0,1
rc_201.1,5,first-feasible,3,13,569.0019,0,39.8356,27.8854,0,0,0,1
rc_201.1,5,first-feasible,3,3,568.0759,0.926000000000045,10.9287,120,0,22.2649,0,1
rc_201.1,5,first-feasible,3,11,563.5634,5.43849999999998,15.9973,10,0,0,0,1
rc_201.1,5,first-feasible,3,16,569.0019,0,10.0058,100.98,0,0,0,1
rc_201.1,6,first-feasible,4,14,512.7629,61.6012000000001,73.9264,119.9488,0,0,1,1
rc_201.1,6,first-feasible,4,15,567.3569,7.00720000000001,25.1918,45.8933,0,0,0,1
rc_201.1,6,first-feasible,4,19,574.3641,0,15.3915,120,0,0.6738,0,1
rc_201.1,6,first-feasible,4,10,574.3641,0,16.4031,36.6265,0,0,0,1
rc_201.1,6,first-feasible,4,7,573.308,1.05610000000001,12.0382,120,0,9.4462,0,1
rc_201.1,6,first-feasible,4,5,574.3641,0,15.4458,57,0,0,0,1
rc_201.1,6,first-feasible,4,6,571.9372,2.42689999999993,15.2341,44.169,0,0,0,1
rc_201.1,6,first-feasible,4,9,574.3641,0,10.94,43.7659,0,0,0,1
rc_201.1,6,first-feasible,4,17,574.3641,0,29.0302,111.7659,0,0,0,1
rc_201.1,6,first-feasible,4,18,545.9419,28.4222,46.7193,71.5004,0,0,0,1
rc_201.1,6,first-feasible,4,8,529.1147,45.2494,57.8463,6.21379999999999,0,0,0,1
rc_201.1,6,first-feasible,4,20,574.3641,0,10.0236,68.2523,0,0,0,1
rc_201.1,6,first-feasible,4,12,574.3641,0,10.9726,31.7083,0,0,0,1
rc_201.1,6,first-feasible,4,2,574.3641,0,23.56,12.1072,0,0,0,1
rc_201.1,6,first-feasible,4,4,574.3641,0,10.4993,31.3369,0,0,0,1
rc_201.1,6,first-feasible,4,13,574.3641,0,37.7626,29.1948,0,0,0,1
rc_201.1,6,first-feasible,4,3,573.4381,0.926000000000045,10.9287,120,0,23.5743,0,1
rc_201.1,6,first-feasible,4,11,568.4822,5.88190000000009,15.9973,10,0,0,0,1
rc_201.1,6,first-feasible,4,16,574.3641,0,10.0058,100.98,0,0,0,1
rc_201.1,7,first-feasible,5,15,531.7378,0,11.1644,119.8197,0,0,0,1
rc_201.1,7,first-feasible,5,19,531.7378,0,13.2472,120,0,74.6002,0,1
rc_201.1,7,first-feasible,5,14,531.7378,0,12.3252,13.9168,0,0,0,1
rc_201.1,7,first-feasible,5,10,531.7378,0,10.4254,24.3013,0,0,0,1
rc_201.1,7,first-feasible,5,6,531.7378,0,12.8072,74.699,0,0,0,1
rc_201.1,7,first-feasible,5,7,530.901,0.836800000000039,10.9821,104.3138,0,0,0,1
rc_201.1,7,first-feasible,5,9,530.3425,1.39530000000002,11.6148,63.3138,0,0,0,1
rc_201.1,7,first-feasible,5,8,528.7901,2.94770000000005,16.6023,120,0,9.31380000000001,0,1
rc_201.1,7,first-feasible,5,5,523.6336,8.10420000000011,23.55,1.39769999999999,0,0,0,1
rc_201.1,7,first-feasible,5,17,531.7378,0,26.6308,81.6172,0,0,0,1
rc_201.1,7,first-feasible,5,20,531.7378,0,10.1626,120,0,8.59089999999998,0,1
rc_201.1,7,first-feasible,5,18,531.7378,0,17.2739,22.5982,0,0,0,1
rc_201.1,7,first-feasible,5,4,505.1926,26.5452,36.6011,99.3745,0,0,0,1
rc_201.1,7,first-feasible,5,12,513.1173,18.6205,33.6422,24.5631,0,0,0,1
rc_201.1,7,first-feasible,5,2,522.2295,9.50829999999996,27.5191,4.96200000000005,0,0,0,1
rc_201.1,7,first-feasible,5,13,505.8636,25.8742,44.8248,32.5489000000001,0,0,0,1
rc_201.1,7,first-feasible,5,11,505.8636,25.8742,36.433,47.8571000000001,0,0,0,1
rc_201.1,7,first-feasible,5,16,487.6991,44.0387,54.0427,120,0,18.8371000000001,1,1
rc_201.1,7,first-feasible,5,3,487.6991,44.0387,54.0414,58.9773,0,0,0,1
rc_201.1,8,first-feasible,6,15,576.9545,0,18.1846,119.8197,0,0,0,1
rc_201.1,8,first-feasible,6,14,574.8102,2.14429999999993,14.4695,101.7642,0,0,0,1
rc_201.1,8,first-feasible,6,10,542.4265,34.528,48.9058,112.1487,0,0,0,1
rc_201.1,8,first-feasible,6,19,487.8325,89.122,102.3692,78.7752,0,0,1,1
rc_201.1,8,first-feasible,6,5,574.4227,2.53179999999998,18.9597,51.6374,0,0,0,1
rc_201.1,8,first-feasible,6,6,574.4227,2.53179999999998,15.2341,38.8064,0,0,0,1
rc_201.1,8,first-feasible,6,9,573.9554,2.9991,13.0179,38.4033,0,0,0,1
rc_201.1,8,first-feasible,6,7,574.5822,2.3723,12.3852,55.4033,0,0,0,1
rc_201.1,8,first-feasible,6,8,574.2592,2.69529999999997,15.2922,92.0181,0,0,0,1
rc_201.1,8,first-feasible,6,17,576.9545,0,33.8117,77.1853,0,0,0,1
rc_201.1,8,first-feasible,6,18,576.9545,0,15.6702,36.9198,0,0,0,1
rc_201.1,8,first-feasible,6,2,555.3365,21.6180000000001,42.2349,76.4556,0,0,0,1
rc_201.1,8,first-feasible,6,20,561.0017,15.9528,26.1154,49.2831,0,0,0,1
rc_201.1,8,first-feasible,6,12,576.9545,0,10.1018,12.7391,0,0,0,1
rc_201.1,8,first-feasible,6,11,576.9545,0,13.0585,101.4748,0,0,0,1
rc_201.1,8,first-feasible,6,4,576.9545,0,10.0559,22.8692,0,0,0,1
rc_201.1,8,first-feasible,6,13,576.9545,0,37.7626,20.7271000000001,0,0,0,1
rc_201.1,8,first-feasible,6,3,576.9545,0,31.3644,120,0,15.1066000000001,0,1
rc_201.1,8,first-feasible,6,16,576.9545,0,10.004,116.9773,0,0,0,1
rc_201.1,9,first-feasible,7,15,473.8219,0,11.1644,119.8197,0,0,0,1
rc_201.1,9,first-feasible,7,19,473.8219,0,13.2472,120,0,74.6002,0,1
rc_201.1,9,first-feasible,7,14,473.8219,0,12.3252,13.9168,0,0,0,1
rc_201.1,9,first-feasible,7,10,473.8219,0,12.641,24.3013,0,0,0,1
rc_201.1,9,first-feasible,7,7,471.0819,2.74000000000001,12.74,117.121,0,0,0,1
rc_201.1,9,first-feasible,7,9,470.7619,3.05999999999995,14,76.121,0,0,0,1
rc_201.1,9,first-feasible,7,5,471.1814,2.64049999999997,20.6023,40.121,0,0,0,1
rc_201.1,9,first-feasible,7,8,467.4203,6.40160000000003,16.7713,120,0,1.51870000000002,0,1
rc_201.1,9,first-feasible,7,6,467.4203,6.40160000000003,17.6303,9,0,0,0,1
rc_201.1,9,first-feasible,7,17,473.8219,0,34.0135,87.5369,0,0,0,1
rc_201.1,9,first-feasible,7,18,459.478,14.3439,32.641,47.2714,0,0,1,1
rc_201.1,9,first-feasible,7,20,463.4727,10.3492,20.5118,101.8696,0,0,0,1
rc_201.1,9,first-feasible,7,12,473.8219,0,10.9726,65.3256,0,0,0,1
rc_201.1,9,first-feasible,7,2,473.8219,0,23.56,45.7245,0,0,0,1
rc_201.1,9,first-feasible,7,4,473.3785,0.443400000000054,10.4993,64.9542,0,0,0,1
rc_201.1,9,first-feasible,7,13,473.3785,0.443400000000054,38.2283,62.8121,0,0,0,1
rc_201.1,9,first-feasible,7,11,468.866,4.9559000000001,15.0713,78.1203,0,0,0,1
rc_201.1,9,first-feasible,7,3,473.8219,0,10.0027,120,0,42.1203,0,1
rc_201.1,9,first-feasible,7,16,473.8219,0,10.004,116.9773,0,0,0,1
rc_201.1,10,final-feasible,7,15,449.893,0,11.1644,119.8197,0,0,0,1
rc_201.1,10,final-feasible,7,19,449.893,0,13.2472,120,0,74.6002,0,1
rc_201.1,10,final-feasible,7,14,449.893,0,12.3252,13.9168,0,0,0,1
rc_201.1,10,final-feasible,7,10,449.893,0,13.5967,24.3013,0,0,0,1
rc_201.1,10,final-feasible,7,9,449.893,0,11.26,88.861,0,0,0,1
rc_201.1,10,final-feasible,7,7,449.893,0,10,105.861,0,0,0,1
rc_201.1,10,final-feasible,7,5,449.893,0,15.4458,42.861,0,0,0,1
rc_201.1,10,final-feasible,7,6,449.893,0,11.2287,30.03,0,0,0,1
rc_201.1,10,final-feasible,7,8,449.893,0,10.3697,113.03,0,0,0,1
rc_201.1,10,final-feasible,7,17,449.893,0,29.8976,98.1972,0,0,0,1
rc_201.1,10,final-feasible,7,20,449.893,0,13.8006,120,0,25.1709,0,1
rc_201.1,10,final-feasible,7,12,449.893,0,16.5762,83.456,0,0,0,1
rc_201.1,10,final-feasible,7,18,449.893,0,18.2971,6.02199999999999,0,0,0,1
rc_201.1,10,final-feasible,7,2,449.893,0,19.1817,45.5578,0,0,0,1
rc_201.1,10,final-feasible,7,13,449.893,0,37.7849,73.1447,0,0,0,1
rc_201.1,10,final-feasible,7,4,449.893,0,10.0559,27.0026,0,0,0,1
rc_201.1,10,final-feasible,7,11,445.8462,4.04679999999996,14.6056,78.397,0,0,1,1
rc_201.1,10,final-feasible,7,3,449.893,0,10.0027,120,0,42.397,0,1
rc_201.1,10,final-feasible,7,16,449.893,0,10.004,116.9773,0,0,0,1
rc_201.1,11,first-feasible,8,14,476.6881,61.6011999999999,73.9264,119.9488,0,0,1,1
rc_201.1,11,first-feasible,8,15,531.2821,7.00720000000001,25.1918,45.8933,0,0,0,1
rc_201.1,11,first-feasible,8,19,536.145,2.14430000000004,15.3915,120,0,0.6738,0,1
rc_201.1,11,first-feasible,8,10,538.2893,0,17.6572,36.6265,0,0,0,1
rc_201.1,11,first-feasible,8,9,535.0653,3.22400000000005,13.2982,101.1862,0,0,0,1
rc_201.1,11,first-feasible,8,5,538.2893,0,16.4279,65.1862,0,0,0,1
rc_201.1,11,first-feasible,8,6,538.2893,0,11.2287,52.3552,0,0,0,1
rc_201.1,11,first-feasible,8,8,538.2893,0,14,120,0,15.3552,0,1
rc_201.1,11,first-feasible,8,7,532.8111,5.47820000000002,15.4782,52.6148,0,0,0,1
rc_201.1,11,first-feasible,8,17,538.2893,0,29.3892,89.689,0,0,0,1
rc_201.1,11,first-feasible,8,18,525.053,13.2363,25.9298,49.4235,0,0,0,1
rc_201.1,11,first-feasible,8,12,532.6857,5.60360000000003,16.5762,87.9895,0,0,0,1
rc_201.1,11,first-feasible,8,20,522.3365,15.9528,26.1154,87.4455,0,0,0,1
rc_201.1,11,first-feasible,8,2,538.2893,0,22.5912,42.273,0,0,0,1
rc_201.1,11,first-feasible,8,4,538.2893,0,10.4993,61.5026999999999,0,0,0,1
rc_201.1,11,first-feasible,8,13,538.2893,0,37.7626,59.3606,0,0,0,1
rc_201.1,11,first-feasible,8,3,537.3633,0.925999999999931,10.9287,120,0,53.7401,0,1
rc_201.1,11,first-feasible,8,11,532.4074,5.88189999999997,15.9973,10,0,0,0,1
rc_201.1,11,first-feasible,8,16,538.2893,0,10.0058,100.98,0,0,0,1
rc_201.1,12,final-feasible,8,15,445.3805,0,11.1644,119.8197,0,0,1,0
rc_201.1,12,final-feasible,8,19,445.3805,0,13.2472,120,0,74.6002,0,0
rc_201.1,12,final-feasible,8,14,445.3805,0,12.3252,13.9168,0,0,0,0
rc_201.1,12,final-feasible,8,10,445.3805,0,13.5967,24.3013,0,0,0,0
rc_201.1,12,final-feasible,8,9,445.3805,0,11.26,88.861,0,0,0,0
rc_201.1,12,final-feasible,8,7,445.3805,0,10,105.861,0,0,0,0
rc_201.1,12,final-feasible,8,5,445.3805,0,15.4458,42.861,0,0,0,0
rc_201.1,12,final-feasible,8,6,445.3805,0,11.2287,30.03,0,0,0,0
rc_201.1,12,final-feasible,8,8,445.3805,0,10.3697,113.03,0,0,0,0
rc_201.1,12,final-feasible,8,17,445.3805,0,29.8976,98.1972,0,0,0,0
rc_201.1,12,final-feasible,8,20,445.3805,0,13.8006,120,0,25.1709,0,0
rc_201.1,12,final-feasible,8,12,445.3805,0,16.5762,83.456,0,0,0,0
rc_201.1,12,final-feasible,8,18,445.3805,0,18.2971,6.02199999999999,0,0,0,0
rc_201.1,12,final-feasible,8,2,445.3805,0,16.7443,45.5578,0,0,0,0
rc_201.1,12,final-feasible,8,11,445.3805,0,10.1154,120,0,13.2777,0,0
rc_201.1,12,final-feasible,8,4,445.3805,0,10.0559,41.3944,0,0,0,0
rc_201.1,12,final-feasible,8,13,445.3805,0,37.7626,39.2523,0,0,0,0
rc_201.1,12,final-feasible,8,3,445.3805,0,31.3644,120,0,33.6318,0,0
rc_201.1,12,final-feasible,8,16,445.3805,0,10.004,116.9773,0,0,0,0
rc_201.1,13,first-feasible,9,14,580.1753,7.00720000000001,73.9264,119.9488,0,0,0,1
rc_201.1,13,first-feasible,9,15,580.1753,7.00720000000001,25.1918,45.8933,0,0,0,1
rc_201.1,13,first-feasible,9,19,587.1825,0,17.1408,120,0,0.6738,0,1
rc_201.1,13,first-feasible,9,9,574.0333,13.1492000000001,23.2234,118.8434,0,0,0,1
rc_201.1,13,first-feasible,9,10,577.2573,9.9251999999999,27.5824,13.4031,0,0,0,1
rc_201.1,13,first-feasible,9,5,581.2575,5.92499999999995,21.3708,55.261,0,0,0,1
rc_201.1,13,first-feasible,9,6,581.2575,5.92499999999995,16.2162,42.43,0,0,0,1
rc_201.1,13,first-feasible,9,7,587.1825,0,11.8479,72.0448,0,0,0,1
rc_201.1,13,first-feasible,9,17,562.6208,24.5617,58.3734,109.119,0,0,0,1
rc_201.1,13,first-feasible,9,8,561.3286,25.8539,39.8539,50.2862,0,0,1,1
rc_201.1,13,first-feasible,9,18,587.1825,0,10.1445,28.9996,0,0,0,1
rc_201.1,13,first-feasible,9,2,573.1424,14.0400999999999,36.6313,68.5354,0,0,0,1
rc_201.1,13,first-feasible,9,12,586.2137,0.968799999999874,10.9726,30.9343,0,0,0,1
rc_201.1,13,first-feasible,9,20,574.175,13.0074999999999,27.0842,30.3903,0,0,0,1
rc_201.1,13,first-feasible,9,4,587.1825,0,15.4331,27.0387,0,0,0,1
rc_201.1,13,first-feasible,9,13,587.1825,0,38.2283,24.8966,0,0,0,1
rc_201.1,13,first-feasible,9,11,585.0717,2.11080000000004,15.0713,40.2048,0,0,0,1
rc_201.1,13,first-feasible,9,3,587.1825,0,10.0027,120,0,4.20479999999998,0,1
rc_201.1,13,first-feasible,9,16,587.1825,0,10.004,116.9773,0,0,0,1
rc_201.1,14,first-feasible,10,15,460.3171,0,11.1644,119.8197,0,0,0,1
rc_201.1,14,first-feasible,10,19,460.3171,0,13.2472,120,0,74.6002,0,1
rc_201.1,14,first-feasible,10,14,460.3171,0,12.3252,13.9168,0,0,0,1
rc_201.1,14,first-feasible,10,10,460.3171,0,10.4254,24.3013,0,0,0,1
rc_201.1,14,first-feasible,10,6,460.3171,0,14.5651,74.699,0,0,0,1
rc_201.1,14,first-feasible,10,9,456.914,3.40309999999999,17.4031,74.2959,0,0,0,1
rc_201.1,14,first-feasible,10,8,459.007,1.31010000000003,16.6023,120,0,20.2959,0,1
rc_201.1,14,first-feasible,10,5,458.5279,1.78920000000005,18.2171,1.39769999999999,0,0,0,1
rc_201.1,14,first-feasible,10,7,460.3171,0,10.1453,34.3977,0,0,0,1
rc_201.1,14,first-feasible,10,17,460.3171,0,26.4055,71.4719,0,0,0,1
rc_201.1,14,first-feasible,10,20,460.3171,0,10.1626,118.4456,0,0,0,1
rc_201.1,14,first-feasible,10,18,456.3224,3.99469999999997,22.2918,21.0438,0,0,0,1
rc_201.1,14,first-feasible,10,12,456.3224,3.99469999999997,20.5709,59.6098,0,0,0,1
rc_201.1,14,first-feasible,10,2,460.3171,0,27.5191,40.0087,0,0,0,1
rc_201.1,14,first-feasible,10,13,460.3171,0,37.7849,67.5956,0,0,0,1
rc_201.1,14,first-feasible,10,4,460.3171,0,10.0559,21.4535000000001,0,0,0,1
rc_201.1,14,first-feasible,10,11,456.2703,4.04679999999996,14.6056,72.8479000000001,0,0,1,1
rc_201.1,14,first-feasible,10,3,460.3171,0,10.0027,120,0,36.8479000000001,0,1
rc_201.1,14,first-feasible,10,16,460.3171,0,10.004,116.9773,0,0,0,1
rc_201.1,15,first-feasible,11,15,576.1266,0,21.9036,119.8197,0,0,0,1
rc_201.1,15,first-feasible,11,10,547.0223,29.1043000000001,46.7615,120,0,6.6182,0,1
rc_201.1,15,first-feasible,11,14,576.1266,0,12.3252,48.3845,0,0,0,1
rc_201.1,15,first-feasible,11,19,576.1266,0,63.7807,74.3013,0,0,0,1
rc_201.1,15,first-feasible,11,9,576.1266,0,10.0188,73.1447,0,0,0,1
rc_201.1,15,first-feasible,11,5,576.1266,0,20.6023,37.1447,0,0,0,1
rc_201.1,15,first-feasible,11,8,573.3553,2.7713,16.7713,118.5424,0,0,0,1
rc_201.1,15,first-feasible,11,6,573.3553,2.7713,14,7.54239999999999,0,0,0,1
rc_201.1,15,first-feasible,11,7,576.1266,0,11.8479,37.1572,0,0,0,1
rc_201.1,15,first-feasible,11,17,576.1266,0,22.6166,74.2314,0,0,0,1
rc_201.1,15,first-feasible,11,12,573.2902,2.83640000000014,12.9382,98.4617,0,0,0,1
rc_201.1,15,first-feasible,11,18,576.1266,0,18.2971,21.0277,0,0,0,1
rc_201.1,15,first-feasible,11,2,553.6378,22.4888000000001,42.2349,60.5635,0,0,0,1
rc_201.1,15,first-feasible,11,20,537.3283,38.7983,52.5989,33.391,0,0,1,1
rc_201.1,15,first-feasible,11,11,576.1266,0,12.9605,95.6845,0,0,0,1
rc_201.1,15,first-feasible,11,4,576.1266,0,10.0559,17.0789,0,0,0,1
rc_201.1,15,first-feasible,11,13,576.1266,0,37.7626,14.9367999999999,0,0,0,1
rc_201.1,15,first-feasible,11,3,576.1266,0,31.3644,120,0,9.31629999999996,0,1
rc_201.1,15,first-feasible,11,16,576.1266,0,10.004,116.9773,0,0,0,1
rc_201.1,16,final-feasible,11,15,449.055,0,11.1644,119.8197,0,0,0,1
rc_201.1,16,final-feasible,11,19,449.055,0,13.2472,120,0,74.6002,0,1
rc_201.1,16,final-feasible,11,14,449.055,0,12.3252,13.9168,0,0,0,1
rc_201.1,16,final-feasible,11,10,449.055,0,10.4254,24.3013,0,0,0,1
rc_201.1,16,final-feasible,11,6,449.055,0,10.2912,74.699,0,0,0,1
rc_201.1,16,final-feasible,11,5,449.055,0,15.4458,55.868,0,0,0,1
rc_201.1,16,final-feasible,11,7,449.055,0,10,88.868,0,0,0,1
rc_201.1,16,final-feasible,11,9,449.055,0,11.6148,47.868,0,0,0,1
rc_201.1,16,final-feasible,11,8,449.055,0,16.8328,113.868,0,0,0,1
rc_201.1,16,final-feasible,11,17,449.055,0,29.8976,99.0352,0,0,0,1
rc_201.1,16,final-feasible,11,20,449.055,0,13.8006,120,0,26.0089,0,1
rc_201.1,16,final-feasible,11,12,449.055,0,16.5762,83.456,0,0,0,1
rc_201.1,16,final-feasible,11,18,449.055,0,18.2971,6.02199999999999,0,0,0,1
rc_201.1,16,final-feasible,11,2,449.055,0,19.1817,45.5578,0,0,0,1
rc_201.1,16,final-feasible,11,13,449.055,0,37.7849,73.1447,0,0,0,1
rc_201.1,16,final-feasible,11,4,449.055,0,10.0559,27.0026,0,0,0,1
rc_201.1,16,final-feasible,11,11,445.0082,4.04679999999996,14.6056,78.397,0,0,1,1
rc_201.1,16,final-feasible,11,3,449.055,0,10.0027,120,0,42.397,0,1
rc_201.1,16,final-feasible,11,16,449.055,0,10.004,116.9773,0,0,0,1
rc_201.1,17,first-feasible,12,15,489.0971,0,11.1644,119.8197,0,0,0,1
rc_201.1,17,first-feasible,12,19,489.0971,0,13.2472,120,0,74.6002,0,1
rc_201.1,17,first-feasible,12,14,489.0971,0,12.3252,13.9168,0,0,0,1
rc_201.1,17,first-feasible,12,10,489.0971,0,10.4254,24.3013,0,0,0,1
rc_201.1,17,first-feasible,12,6,489.0971,0,10.2912,74.699,0,0,0,1
rc_201.1,17,first-feasible,12,5,489.0971,0,15.4458,55.868,0,0,0,1
rc_201.1,17,first-feasible,12,7,489.0971,0,10,88.868,0,0,0,1
rc_201.1,17,first-feasible,12,9,489.0971,0,10.0742,47.868,0,0,0,1
rc_201.1,17,first-feasible,12,17,462.1619,26.9352,56.8328,115.868,0,0,1,1
rc_201.1,17,first-feasible,12,8,462.1619,26.9352,43.768,57.0352,0,0,0,1
rc_201.1,17,first-feasible,12,20,489.0971,0,14.0767,119.0737,0,0,0,1
rc_201.1,17,first-feasible,12,18,489.0971,0,12.6935,21.6719000000001,0,0,0,1
rc_201.1,17,first-feasible,12,2,479.9849,9.11220000000003,36.6313,61.2077,0,0,0,1
rc_201.1,17,first-feasible,12,12,475.9902,13.1069,29.6831,23.6066000000001,0,0,0,1
rc_201.1,17,first-feasible,12,13,489.0971,0,33.8258,59.1115000000001,0,0,0,1
rc_201.1,17,first-feasible,12,4,489.0971,0,10.0559,12.9694000000001,0,0,0,1
rc_201.1,17,first-feasible,12,11,489.0971,0,14.6056,64.3638000000001,0,0,0,1
rc_201.1,17,first-feasible,12,3,489.0971,0,10.0027,120,0,28.3638000000001,0,1
rc_201.1,17,first-feasible,12,16,489.0971,0,10.004,116.9773,0,0,0,1
rc_201.1,18,first-feasible,13,15,601.7212,0,18.1846,119.8197,0,0,0,1
rc_201.1,18,first-feasible,13,14,599.5769,2.14429999999993,14.4695,101.7642,0,0,0,1
rc_201.1,18,first-feasible,13,10,564.7821,36.9391000000001,48.9058,112.1487,0,0,0,1
rc_201.1,18,first-feasible,13,19,510.1881,91.5331,104.7803,78.7752,0,0,1,1
rc_201.1,18,first-feasible,13,6,601.7212,0,12.7023,57.7661,0,0,0,1
rc_201.1,18,first-feasible,13,5,601.7212,0,15.4458,38.9351,0,0,0,1
rc_201.1,18,first-feasible,13,7,601.7212,0,10,71.9351,0,0,0,1
rc_201.1,18,first-feasible,13,9,601.7212,0,10.0742,30.9351,0,0,0,1
rc_201.1,18,first-feasible,13,17,578.7001,23.0211,56.8328,98.9351,0,0,0,1
rc_201.1,18,first-feasible,13,8,578.7001,23.0211,39.8539,40.1023,0,0,0,1
rc_201.1,18,first-feasible,13,18,601.7212,0,18.2387,18.8157,0,0,0,1
rc_201.1,18,first-feasible,13,12,596.1176,5.60360000000014,16.5762,57.3817,0,0,0,1
rc_201.1,18,first-feasible,13,20,589.6825,12.0387000000001,26.1154,56.8377,0,0,0,1
rc_201.1,18,first-feasible,13,2,601.7212,0,19.7461,11.6652,0,0,0,1
rc_201.1,18,first-feasible,13,11,601.7212,0,10.1154,99.3851,0,0,0,1
rc_201.1,18,first-feasible,13,4,601.7212,0,10.0559,20.7795,0,0,0,1
rc_201.1,18,first-feasible,13,13,601.7212,0,18.3982,18.6374,0,0,0,1
rc_201.1,18,first-feasible,13,16,579.0442,22.677,32.681,120,0,41.3585999999999,0,1
rc_201.1,18,first-feasible,13,3,579.0442,22.677,54.0414,58.9773,0,0,0,1
rc_201.1,19,first-feasible,14,15,585.1627,0,18.1846,119.8197,0,0,0,1
rc_201.1,19,first-feasible,14,14,585.1627,0,14.4695,101.7642,0,0,0,1
rc_201.1,19,first-feasible,14,10,553.9141,31.2486,48.9058,112.1487,0,0,0,1
rc_201.1,19,first-feasible,14,19,499.3201,85.8426000000001,99.0898,78.7752,0,0,1,1
rc_201.1,19,first-feasible,14,9,585.1627,0,10.0059,77.6186,0,0,0,1
rc_201.1,19,first-feasible,14,7,585.1627,0,10,94.6186,0,0,0,1
rc_201.1,19,first-feasible,14,5,585.1627,0,15.4458,31.6186,0,0,0,1
rc_201.1,19,first-feasible,14,6,585.1627,0,11.2287,18.7876,0,0,0,1
rc_201.1,19,first-feasible,14,8,585.1627,0,10.3697,101.7876,0,0,0,1
rc_201.1,19,first-feasible,14,17,585.1627,0,26.1206,86.9548,0,0,0,1
rc_201.1,19,first-feasible,14,12,585.1627,0,12.9382,111.1851,0,0,0,1
rc_201.1,19,first-feasible,14,18,585.1627,0,23.8463,33.7511,0,0,0,1
rc_201.1,19,first-feasible,14,4,552.0451,33.1176,43.1735,110.5274,0,0,0,1
rc_201.1,19,first-feasible,14,20,549.2095,35.9532,49.7538,45.1757999999999,0,0,0,1
rc_201.1,19,first-feasible,14,2,575.6485,9.51419999999996,27.525,0.0032999999999106,0,0,0,1
rc_201.1,19,first-feasible,14,13,580.6502,4.51249999999993,44.8248,27.5901999999999,0,0,0,1
rc_201.1,19,first-feasible,14,11,580.6502,4.51249999999993,15.0713,42.8983999999999,0,0,0,1
rc_201.1,19,first-feasible,14,3,585.1627,0,10.0027,120,0,6.89839999999992,0,1
rc_201.1,19,first-feasible,14,16,585.1627,0,10.004,116.9773,0,0,0,1
rc_201.1,20,first-feasible,15,15,536.9278,0,18.1846,119.8197,0,0,0,1
rc_201.1,20,first-feasible,15,14,482.3338,54.5940000000001,66.9192,101.7642,0,0,1,1
rc_201.1,20,first-feasible,15,19,482.3338,54.5940000000001,67.8412,120,0,7.681,0,1
rc_201.1,20,first-feasible,15,10,536.9278,0,17.6572,36.6265,0,0,0,1
rc_201.1,20,first-feasible,15,9,536.9278,0,11.26,101.1862,0,0,0,1
rc_201.1,20,first-feasible,15,7,536.9278,0,10,118.1862,0,0,0,1
rc_201.1,20,first-feasible,15,5,536.9278,0,15.4458,55.1862,0,0,0,1
rc_201.1,20,first-feasible,15,6,536.9278,0,11.2287,42.3552,0,0,0,1
rc_201.1,20,first-feasible,15,8,536.9278,0,10.5715,120,0,5.3552,0,1
rc_201.1,20,first-feasible,15,18,536.9278,0,18.2387,98.7134,0,0,0,1
rc_201.1,20,first-feasible,15,12,530.6629,6.26490000000013,16.5762,120,0,17.2794,0,1
rc_201.1,20,first-feasible,15,20,536.2665,0.661299999999983,13.8006,119.456,0,0,0,1
rc_201.1,20,first-feasible,15,17,525.8262,11.1016000000001,44.9133,14.4297,0,0,0,1
rc_201.1,20,first-feasible,15,2,536.9278,0,38.4594,29.3702,0,0,0,1
rc_201.1,20,first-feasible,15,13,536.9055,0.0222999999999729,37.7849,56.9571,0,0,0,1
rc_201.1,20,first-feasible,15,4,536.9055,0.0222999999999729,10.5216,10.8150000000001,0,0,0,1
rc_201.1,20,first-feasible,15,3,535.5361,1.39170000000001,11.3944,120,0,40.8150000000001,0,1
rc_201.1,20,first-feasible,15,11,531.4893,5.43849999999998,15.9973,10,0,0,0,1
rc_201.1,20,first-feasible,15,16,536.9278,0,10.0058,100.98,0,0,0,1
rc_201.1,21,first-feasible,16,15,540.3221,0,18.1846,119.8197,0,0,0,1
rc_201.1,21,first-feasible,16,14,485.7281,54.5940000000001,66.9192,101.7642,0,0,1,1
rc_201.1,21,first-feasible,16,19,485.7281,54.5940000000001,67.8412,120,0,7.681,0,1
rc_201.1,21,first-feasible,16,10,540.3221,0,14.3778,36.6265,0,0,0,1
rc_201.1,21,first-feasible,16,5,536.0482,4.27390000000003,20.7018,78.4844,0,0,0,1
rc_201.1,21,first-feasible,16,9,532.8242,7.49790000000007,17.5721,80.4844,0,0,0,1
rc_201.1,21,first-feasible,16,6,535.2102,5.11189999999999,15.4031,48.0813,0,0,0,1
rc_201.1,21,first-feasible,16,8,540.3221,0,14,120,0,11.0813,0,1
rc_201.1,21,first-feasible,16,7,534.8439,5.47820000000002,15.4782,52.6148,0,0,0,1
rc_201.1,21,first-feasible,16,17,540.3221,0,24.0672,89.689,0,0,0,1
rc_201.1,21,first-feasible,16,2,528.583,11.7391,39.2582,104.6295,0,0,0,1
rc_201.1,21,first-feasible,16,18,540.3221,0,12.6935,10.1653,0,0,0,1
rc_201.1,21,first-feasible,16,20,540.3221,0,20.5118,64.7635,0,0,0,1
rc_201.1,21,first-feasible,16,12,540.3221,0,10.9785,28.2195,0,0,0,1
rc_201.1,21,first-feasible,16,13,540.3221,0,33.8258,63.7244000000001,0,0,0,1
rc_201.1,21,first-feasible,16,4,540.3221,0,10.0559,17.5823,0,0,0,1
rc_201.1,21,first-feasible,16,11,540.3221,0,14.6056,68.9767000000001,0,0,0,1
rc_201.1,21,first-feasible,16,3,540.3221,0,10.0027,120,0,32.9767000000001,0,1
rc_201.1,21,first-feasible,16,16,540.3221,0,10.004,116.9773,0,0,0,1
rc_201.1,22,first-feasible,17,15,609.0656,0,18.1846,119.8197,0,0,0,1
rc_201.1,22,first-feasible,17,14,554.4716,54.5940000000001,66.9192,101.7642,0,0,1,1
rc_201.1,22,first-feasible,17,19,554.4716,54.5940000000001,67.8412,120,0,7.681,0,1
rc_201.1,22,first-feasible,17,10,609.0656,0,11.9667,36.6265,0,0,0,1
rc_201.1,22,first-feasible,17,6,609.0656,0,10.2912,87.0242,0,0,0,1
rc_201.1,22,first-feasible,17,5,609.0656,0,16.4279,68.1932,0,0,0,1
rc_201.1,22,first-feasible,17,9,605.1398,3.92579999999998,14,70.1932,0,0,0,1
rc_201.1,22,first-feasible,17,7,605.1398,3.92579999999998,13.9258,87.1932,0,0,0,1
rc_201.1,22,first-feasible,17,17,584.5039,24.5617000000001,58.3734,120,0,4.26740000000001,0,1
rc_201.1,22,first-feasible,17,8,584.5039,24.5617000000001,39.8539,61.1672,0,0,0,1
rc_201.1,22,first-feasible,17,18,609.0656,0,10.1445,39.8806,0,0,0,1
rc_201.1,22,first-feasible,17,2,595.0255,14.0400999999999,36.6313,79.4164,0,0,0,1
rc_201.1,22,first-feasible,17,12,608.0968,0.968799999999987,10.9726,41.8153,0,0,0,1
rc_201.1,22,first-feasible,17,20,596.0581,13.0075000000001,27.0842,41.2713,0,0,0,1
rc_201.1,22,first-feasible,17,4,603.6884,5.37720000000002,15.4331,37.9197,0,0,0,1
rc_201.1,22,first-feasible,17,13,589.7879,19.2777,38.2283,35.7776,0,0,0,1
rc_201.1,22,first-feasible,17,11,585.5931,23.4725,36.433,51.0858,0,0,0,1
rc_201.1,22,first-feasible,17,16,565.0269,44.0386999999999,54.0427,120,0,22.0658,0,1
rc_201.1,22,first-feasible,17,3,565.0269,44.0386999999999,54.0414,58.9773,0,0,0,1
rc_201.1,23,first-feasible,18,14,480.4281,61.6012000000001,73.9264,119.9488,0,0,1,1
rc_201.1,23,first-feasible,18,15,535.0221,7.00720000000001,25.1918,45.8933,0,0,0,1
rc_201.1,23,first-feasible,18,19,542.0293,0,15.3915,120,0,0.6738,0,1
rc_201.1,23,first-feasible,18,10,542.0293,0,11.9667,36.6265,0,0,0,1
rc_201.1,23,first-feasible,18,6,541.4642,0.565100000000029,14.5651,87.0242,0,0,0,1
rc_201.1,23,first-feasible,18,9,536.072,5.95730000000003,17.5721,86.6211,0,0,0,1
rc_201.1,23,first-feasible,18,5,538.4572,3.57210000000009,20,50.6211,0,0,0,1
rc_201.1,23,first-feasible,18,7,540.2464,1.78290000000004,11.7829,83.6211,0,0,0,1
rc_201.1,23,first-feasible,18,8,542.0293,0,15.2922,120,0,0.235900000000015,0,1
rc_201.1,23,first-feasible,18,17,542.0293,0,26.1206,105.1672,0,0,0,1
rc_201.1,23,first-feasible,18,12,542.0293,0,10.3113,120,0,9.39749999999998,0,1
rc_201.1,23,first-feasible,18,2,529.8428,12.1865,36.6313,100.3989,0,0,0,1
rc_201.1,23,first-feasible,18,18,542.0293,0,12.6935,5.93470000000002,0,0,0,1
rc_201.1,23,first-feasible,18,20,542.0293,0,21.7668,60.5329,0,0,0,1
rc_201.1,23,first-feasible,18,13,542.0293,0,32.8511,70.4723,0,0,0,1
rc_201.1,23,first-feasible,18,4,542.0293,0,10.0559,24.3302,0,0,0,1
rc_201.1,23,first-feasible,18,11,542.0293,0,14.6056,75.7246,0,0,0,1
rc_201.1,23,first-feasible,18,3,542.0293,0,10.0027,120,0,39.7246,0,1
rc_201.1,23,first-feasible,18,16,542.0293,0,10.004,116.9773,0,0,0,1
rc_201.1,24,first-feasible,19,15,618.8522,0,18.1846,119.8197,0,0,0,1
rc_201.1,24,first-feasible,19,14,618.8522,0,14.4695,101.7642,0,0,0,1
rc_201.1,24,first-feasible,19,10,586.3495,32.5027000000001,48.9058,112.1487,0,0,0,1
rc_201.1,24,first-feasible,19,19,531.7555,87.0967000000001,100.3439,78.7752,0,0,1,1
rc_201.1,24,first-feasible,19,7,618.8522,0,10.0129,104.6245,0,0,0,1
rc_201.1,24,first-feasible,19,5,618.8522,0,15.4458,41.6245,0,0,0,1
rc_201.1,24,first-feasible,19,6,618.8522,0,15.2341,28.7935,0,0,0,1
rc_201.1,24,first-feasible,19,9,611.455,7.3972,17.4031,28.3904,0,0,0,1
rc_201.1,24,first-feasible,19,8,614.6163,4.23590000000002,16.8328,94.3904,0,0,0,1
rc_201.1,24,first-feasible,19,17,618.8522,0,28.286,79.5576,0,0,0,1
rc_201.1,24,first-feasible,19,2,607.119,11.7332000000001,39.2582,94.4981,0,0,0,1
rc_201.1,24,first-feasible,19,18,616.2253,2.62690000000009,18.2971,0.0338999999999601,0,0,0,1
rc_201.1,24,first-feasible,19,12,613.2545,5.59770000000015,16.5762,38.5998999999999,0,0,0,1
rc_201.1,24,first-feasible,19,20,613.2545,5.59770000000015,26.1095,38.0559,0,0,0,1
rc_201.1,24,first-feasible,19,13,604.9517,13.9005,32.8511,47.9952999999999,0,0,0,1
rc_201.1,24,first-feasible,19,4,618.8522,0,10.0559,1.8531999999999,0,0,0,1
rc_201.1,24,first-feasible,19,11,618.8522,0,16.6029,53.2475999999999,0,0,0,1
rc_201.1,24,first-feasible,19,16,574.8135,44.0386999999999,54.0427,120,0,24.2275999999999,0,1
rc_201.1,24,first-feasible,19,3,574.8135,44.0386999999999,54.0414,58.9773,0,0,0,1
rc_201.1,25,first-feasible,20,15,554.0339,0,21.9036,119.8197,0,0,0,1
rc_201.1,25,first-feasible,20,10,523.6755,30.3584,46.7615,120,0,6.6182,1,1
rc_201.1,25,first-feasible,20,14,554.0339,0,12.3252,48.3845,0,0,0,1
rc_201.1,25,first-feasible,20,19,554.0339,0,64.0791,74.3013,0,0,0,1
rc_201.1,25,first-feasible,20,7,554.0339,0,10.0129,100.1506,0,0,0,1
rc_201.1,25,first-feasible,20,5,554.0339,0,18.2171,37.1506,0,0,0,1
rc_201.1,25,first-feasible,20,8,549.8595,4.17439999999999,16.7713,118.5483,0,0,0,1
rc_201.1,25,first-feasible,20,6,549.8595,4.17439999999999,15.4031,7.54829999999998,0,0,0,1
rc_201.1,25,first-feasible,20,9,554.0339,0,10.94,7.14519999999999,0,0,0,1
rc_201.1,25,first-feasible,20,17,554.0339,0,26.2955,75.1452,0,0,0,1
rc_201.1,25,first-feasible,20,20,554.0339,0,10.1626,120,0,2.1189,0,1
rc_201.1,25,first-feasible,20,18,554.0339,0,12.6935,22.5982,0,0,0,1
rc_201.1,25,first-feasible,20,2,544.9217,9.11219999999992,36.6313,62.134,0,0,0,1
rc_201.1,25,first-feasible,20,12,540.927,13.1068999999999,29.6831,24.5329,0,0,0,1
rc_201.1,25,first-feasible,20,13,554.0339,0,33.8258,60.0378000000001,0,0,0,1
rc_201.1,25,first-feasible,20,4,554.0339,0,10.0559,13.8957,0,0,0,1
rc_201.1,25,first-feasible,20,11,554.0339,0,14.6056,65.2901000000001,0,0,0,1
rc_201.1,25,first-feasible,20,3,554.0339,0,10.0027,120,0,29.2901000000001,0,1
rc_201.1,25,first-feasible,20,16,554.0339,0,10.004,116.9773,0,0,0,1
rc_201.3,1,reference,0,13,790.6069,0,24.0272,119.9884,0,0,1,0
rc_201.3,1,reference,0,15,790.6069,0,10.8908,120,0,3.9173,0,0
rc_201.3,1,reference,0,16,790.6069,0,10.044,74,0,0,0,0
rc_201.3,1,reference,0,6,790.6069,0,13.2982,68.6447,0,0,0,0
rc_201.3,1,reference,0,18,790.6069,0,10.0821,19.6447,0,0,0,0
rc_201.3,1,reference,0,3,790.6069,0,10.0312,117.3646,0,0,0,0
rc_201.3,1,reference,0,31,790.6069,0,13.647,104.0194,0,0,0,0
rc_201.3,1,reference,0,23,790.6069,0,15.7935,74.0194,0,0,0,0
rc_201.3,1,reference,0,28,790.6069,0,14.9123,49.1705,0,0,0,0
rc_201.3,1,reference,0,10,790.6069,0,11.3728,91.0655,0,0,0,0
rc_201.3,1,reference,0,11,790.6069,0,23.3783,103.6315,0,0,0,0
rc_201.3,1,reference,0,25,790.6069,0,11.8703,104.5317,0,0,0,0
rc_201.3,1,reference,0,8,790.6069,0,26.9941,88.6823,0,0,0,0
rc_201.3,1,reference,0,29,790.6069,0,12.6846,19.4469,0,0,0,0
rc_201.3,1,reference,0,20,790.6069,0,16.2362,115.5026,0,0,0,0
rc_201.3,1,reference,0,26,790.6069,0,12.7784,82.0862,0,0,0,0
rc_201.3,1,reference,0,27,790.6069,0,14.587,46.9207,0,0,0,0
rc_201.3,1,reference,0,7,790.6069,0,14.7234,59.0283,0,0,0,0
rc_201.3,1,reference,0,9,790.6069,0,13.831,22.1973,0,0,0,0
rc_201.3,1,reference,0,19,790.6069,0,10.8008,120,0,11.1973,0,0
rc_201.3,1,reference,0,4,790.6069,0,16.4583,85.5969,0,0,0,0
rc_201.3,1,reference,0,30,790.6069,0,19.8764,120,0,1.32000000000005,0,0
rc_201.3,1,reference,0,21,790.6069,0,10.434,120,0,23,0,0
rc_201.3,1,reference,0,14,790.6069,0,10.0409,41.8339,0,0,0,0
rc_201.3,1,reference,0,12,790.6069,0,15.1653,120,0,8.22829999999999,0,0
rc_201.3,1,reference,0,17,790.6069,0,10,15,0,0,0,0
rc_201.3,1,reference,0,2,790.6069,0,11.7158,74,0,0,0,0
rc_201.3,1,reference,0,5,790.6069,0,10.7608,27.9289,0,0,0,0
rc_201.3,1,reference,0,22,790.6069,0,31.0503,47.3134,0,0,0,0
rc_201.3,1,reference,0,32,790.6069,0,10.0046,120,0,15.8492,0,0
rc_201.3,1,reference,0,24,790.6069,0,14.8836,105.5279,0,0,0,0
rc_201.3,2,first-feasible,1,13,830.3083,0,24.0272,119.9884,0,0,0,1
rc_201.3,2,first-feasible,1,15,830.3083,0,10.8908,120,0,3.9173,0,1
rc_201.3,2,first-feasible,1,16,830.3083,0,10.044,74,0,0,0,1
rc_201.3,2,first-feasible,1,6,830.3083,0,13.2982,68.6447,0,0,0,1
rc_201.3,2,first-feasible,1,18,830.3083,0,10.0821,19.6447,0,0,0,1
rc_201.3,2,first-feasible,1,3,830.3083,0,10.0252,117.3646,0,0,0,1
rc_201.3,2,first-feasible,1,23,829.7488,0.559499999999844,16.353,87.6664,0,0,0,1
rc_201.3,2,first-feasible,1,31,829.7488,0.559499999999844,14.2065,87.6664,0,0,0,1
rc_201.3,2,first-feasible,1,28,830.3083,0,17.586,48.611,0,0,0,1
rc_201.3,2,first-feasible,1,11,826.1914,4.11689999999999,27.4952,114.4448,0,0,0,1
rc_201.3,2,first-feasible,1,10,826.1914,4.11689999999999,15.4897,63.0108,0,0,0,1
rc_201.3,2,first-feasible,1,25,830.3083,0,15.1991,99.8552999999999,0,0,0,1
rc_201.3,2,first-feasible,1,8,830.3083,0,26.9941,84.0058999999999,0,0,0,1
rc_201.3,2,first-feasible,1,29,830.3083,0,12.6846,14.7705,0,0,0,1
rc_201.3,2,first-feasible,1,20,830.3083,0,16.2362,110.8262,0,0,0,1
rc_201.3,2,first-feasible,1,26,830.3083,0,12.7784,77.4098,0,0,0,1
rc_201.3,2,first-feasible,1,27,830.3083,0,12.1655,42.2443,0,0,0,1
rc_201.3,2,first-feasible,1,9,827.0327,3.27559999999994,16.9386,32.2443,0,0,0,1
rc_201.3,2,first-feasible,1,7,824.6317,5.67660000000001,17.999,37.4132999999999,0,0,0,1
rc_201.3,2,first-feasible,1,4,824.5932,5.71509999999989,22.1734,99.6429999999999,0,0,0,1
rc_201.3,2,first-feasible,1,19,824.5932,5.71509999999989,16.3479,101.2399,0,0,0,1
rc_201.3,2,first-feasible,1,30,830.3083,0,19.1622,119.0182,0,0,0,1
rc_201.3,2,first-feasible,1,21,830.3083,0,10.434,120,0,22.0182,0,1
rc_201.3,2,first-feasible,1,14,830.3083,0,10.0409,41.8339,0,0,0,1
rc_201.3,2,first-feasible,1,12,830.3083,0,15.1653,120,0,8.22829999999999,0,1
rc_201.3,2,first-feasible,1,17,830.3083,0,10.0901,15,0,0,0,1
rc_201.3,2,first-feasible,1,5,830.3083,0,18.8009,39.6447000000001,0,0,0,1
rc_201.3,2,first-feasible,1,22,819.8276,10.4807000000001,50.4702,59.0292000000001,0,0,0,1
rc_201.3,2,first-feasible,1,2,808.162,22.1463,33.8621,1.10340000000008,0,0,1,1
rc_201.3,2,first-feasible,1,24,830.3083,0,14.3664,109.2354,0,0,0,1
rc_201.3,2,first-feasible,1,32,830.3083,0,14.0606,94.7633000000001,0,0,0,1
rc_201.3,3,first-feasible,4,13,818.8442,0,24.0272,119.9884,0,0,0,1
rc_201.3,3,first-feasible,4,15,818.8442,0,10.8908,120,0,3.9173,0,1
rc_201.3,3,first-feasible,4,16,818.8442,0,10.044,74,0,0,0,1
rc_201.3,3,first-feasible,4,6,818.8442,0,13.2982,68.6447,0,0,0,1
rc_201.3,3,first-feasible,4,18,818.8442,0,10.0821,19.6447,0,0,0,1
rc_201.3,3,first-feasible,4,3,818.8442,0,10.0312,117.3646,0,0,0,1
rc_201.3,3,first-feasible,4,31,818.8442,0,13.647,104.0194,0,0,0,1
rc_201.3,3,first-feasible,4,23,818.8442,0,15.7935,74.0194,0,0,0,1
rc_201.3,3,first-feasible,4,28,818.8442,0,14.9123,49.1705,0,0,0,1
rc_201.3,3,first-feasible,4,10,818.8442,0,11.3728,91.0655,0,0,0,1
rc_201.3,3,first-feasible,4,11,818.8442,0,26.7071,103.6315,0,0,0,1
rc_201.3,3,first-feasible,4,8,818.8442,0,37.3143,100.5526,0,0,0,1
rc_201.3,3,first-feasible,4,29,818.8442,0,12.6846,31.3172000000001,0,0,0,1
rc_201.3,3,first-feasible,4,20,818.8442,0,17.4449,120,0,7.37290000000007,0,1
rc_201.3,3,first-feasible,4,25,806.3285,12.5156999999999,24.386,0.40870000000001,0,0,1,1
rc_201.3,3,first-feasible,4,26,818.8442,0,20.4323,62.1976,0,0,0,1
rc_201.3,3,first-feasible,4,27,818.8442,0,14.587,27.0321,0,0,0,1
rc_201.3,3,first-feasible,4,7,818.8442,0,14.7234,39.1397,0,0,0,1
rc_201.3,3,first-feasible,4,9,818.8442,0,13.831,2.30869999999999,0,0,0,1
rc_201.3,3,first-feasible,4,19,818.8442,0,10.8008,111.3087,0,0,0,1
rc_201.3,3,first-feasible,4,4,818.8442,0,16.4583,76.9055999999999,0,0,0,1
rc_201.3,3,first-feasible,4,30,818.8442,0,19.8764,112.6287,0,0,0,1
rc_201.3,3,first-feasible,4,21,818.8442,0,10.434,120,0,15.6287,0,1
rc_201.3,3,first-feasible,4,14,818.8442,0,10.0409,41.8339,0,0,0,1
rc_201.3,3,first-feasible,4,12,818.8442,0,15.1653,120,0,8.22829999999999,0,1
rc_201.3,3,first-feasible,4,17,818.8442,0,10.0901,15,0,0,0,1
rc_201.3,3,first-feasible,4,5,807.1786,11.6656,22.4264,39.6447000000001,0,0,0,1
rc_201.3,3,first-feasible,4,2,807.1786,11.6656,23.3814,51.5736000000001,0,0,0,1
rc_201.3,3,first-feasible,4,22,818.8442,0,39.9895,35.6478000000001,0,0,0,1
rc_201.3,3,first-feasible,4,24,814.7882,4.05600000000004,18.9396,119.7161,0,0,0,1
rc_201.3,3,first-feasible,4,32,814.7882,4.05600000000004,14.0606,105.244,0,0,0,1
rc_201.3,4,first-feasible,5,13,828.0352,0,24.0272,119.9884,0,0,0,1
rc_201.3,4,first-feasible,5,15,828.0352,0,10.8908,120,0,3.9173,0,1
rc_201.3,4,first-feasible,5,16,828.0352,0,10.044,74,0,0,0,1
rc_201.3,4,first-feasible,5,6,828.0352,0,13.2982,68.6447,0,0,0,1
rc_201.3,4,first-feasible,5,18,828.0352,0,10.0821,19.6447,0,0,0,1
rc_201.3,4,first-feasible,5,3,828.0352,0,10.0252,117.3646,0,0,0,1
rc_201.3,4,first-feasible,5,23,828.0352,0,12.1588,87.6664,0,0,0,1
rc_201.3,4,first-feasible,5,28,828.0352,0,25.9265,62.8175,0,0,0,1
rc_201.3,4,first-feasible,5,29,823.0958,4.93940000000009,22.5663,120,0,25.5204,0,1
rc_201.3,4,first-feasible,5,31,823.0958,4.93940000000009,15.0223,15.6754,0,0,0,1
rc_201.3,4,first-feasible,5,10,828.0352,0,10.1116,37.3622,0,0,0,1
rc_201.3,4,first-feasible,5,11,828.0352,0,23.3783,49.9282,0,0,0,1
rc_201.3,4,first-feasible,5,25,828.0352,0,10.4085,50.8284,0,0,0,1
rc_201.3,4,first-feasible,5,27,828.0352,0,10.0906,97.8841,0,0,0,1
rc_201.3,4,first-feasible,5,9,828.0352,0,18.5982,87.8841,0,0,0,1
rc_201.3,4,first-feasible,5,8,828.0352,0,10.2485,5.88409999999999,0,0,0,1
rc_201.3,4,first-feasible,5,26,828.0352,0,18.1698,40.6356,0,0,0,1
rc_201.3,4,first-feasible,5,20,828.0352,0,27.0254,27.2192,0,0,0,1
rc_201.3,4,first-feasible,5,7,828.0352,0,10.0133,5.13929999999999,0,0,0,1
rc_201.3,4,first-feasible,5,19,828.0352,0,10.6328,91.1393,0,0,0,1
rc_201.3,4,first-feasible,5,4,828.0352,0,16.4583,56.7362000000001,0,0,0,1
rc_201.3,4,first-feasible,5,30,828.0352,0,19.8764,92.4593000000001,0,0,0,1
rc_201.3,4,first-feasible,5,21,828.0352,0,10.434,115.4593,0,0,0,1
rc_201.3,4,first-feasible,5,14,820.1467,7.88850000000002,19.6064,37.2932000000001,0,0,0,1
rc_201.3,4,first-feasible,5,17,809.2005,18.8347,28.8347,33.8529000000001,0,0,1,1
rc_201.3,4,first-feasible,5,12,809.2005,18.8347,34,94.8529000000001,0,0,0,1
rc_201.3,4,first-feasible,5,2,828.0352,0,11.8059,58.8529000000001,0,0,0,1
rc_201.3,4,first-feasible,5,5,828.0352,0,10.7608,12.7818000000001,0,0,0,1
rc_201.3,4,first-feasible,5,22,828.0352,0,33.9461,32.1663000000001,0,0,0,1
rc_201.3,4,first-feasible,5,24,823.9792,4.05600000000004,18.9396,116.2346,0,0,0,1
rc_201.3,4,first-feasible,5,32,823.9792,4.05600000000004,14.0606,101.7625,0,0,0,1
rc_201.3,5,final-feasible,5,13,801.747,0,24.0272,119.9884,0,0,0,1
rc_201.3,5,final-feasible,5,15,801.747,0,10.8908,120,0,3.9173,0,1
rc_201.3,5,final-feasible,5,16,801.747,0,10.044,74,0,0,0,1
rc_201.3,5,final-feasible,5,6,801.747,0,13.2982,68.6447,0,0,0,1
rc_201.3,5,final-feasible,5,18,801.747,0,10.0821,19.6447,0,0,0,1
rc_201.3,5,final-feasible,5,3,801.747,0,10.0312,117.3646,0,0,0,1
rc_201.3,5,final-feasible,5,31,801.747,0,10.0123,104.0194,0,0,0,1
rc_201.3,5,final-feasible,5,28,801.747,0,23.9043,64.964,0,0,0,1
rc_201.3,5,final-feasible,5,23,801.747,0,13.7713,50.1151,0,0,0,1
rc_201.3,5,final-feasible,5,29,801.747,0,15.7934,120,0,13.8956,0,1
rc_201.3,5,final-feasible,5,10,801.747,0,10.0495,52.3845,0,0,0,1
rc_201.3,5,final-feasible,5,11,801.747,0,23.3783,64.9505,0,0,0,1
rc_201.3,5,final-feasible,5,25,801.747,0,10.4085,65.8507,0,0,0,1
rc_201.3,5,final-feasible,5,27,801.747,0,10.0906,112.9064,0,0,0,1
rc_201.3,5,final-feasible,5,9,796.9798,4.7672,18.5982,102.9064,0,0,1,1
rc_201.3,5,final-feasible,5,8,801.747,0,10.2485,20.9064,0,0,0,1
rc_201.3,5,final-feasible,5,26,801.747,0,18.1698,55.6579,0,0,0,1
rc_201.3,5,final-feasible,5,20,801.747,0,27.0254,42.2415,0,0,0,1
rc_201.3,5,final-feasible,5,7,801.747,0,10.0133,20.1616,0,0,0,1
rc_201.3,5,final-feasible,5,19,801.747,0,10.6328,106.1616,0,0,0,1
rc_201.3,5,final-feasible,5,4,801.747,0,16.4583,71.7584999999999,0,0,0,1
rc_201.3,5,final-feasible,5,30,801.747,0,19.8764,107.4816,0,0,0,1
rc_201.3,5,final-feasible,5,21,801.747,0,10.434,120,0,10.4816,0,1
rc_201.3,5,final-feasible,5,14,801.747,0,10.0409,41.8339,0,0,0,1
rc_201.3,5,final-feasible,5,12,801.747,0,15.1653,120,0,8.22829999999999,0,1
rc_201.3,5,final-feasible,5,17,801.747,0,10,15,0,0,0,1
rc_201.3,5,final-feasible,5,2,801.747,0,11.7158,74,0,0,0,1
rc_201.3,5,final-feasible,5,5,801.747,0,10.7608,27.9289,0,0,0,1
rc_201.3,5,final-feasible,5,22,801.747,0,31.0503,47.3134,0,0,0,1
rc_201.3,5,final-feasible,5,32,801.747,0,10.0046,120,0,15.8492,0,1
rc_201.3,5,final-feasible,5,24,801.747,0,14.8836,105.5279,0,0,0,1
rc_201.3,6,first-feasible,14,15,823.0127,0,10.115,120,0,27.9445,0,1
rc_201.3,6,first-feasible,14,13,823.0127,0,23.2514,81.9289,0,0,0,1
rc_201.3,6,first-feasible,14,16,823.0127,0,11.1375,50.7486,0,0,0,1
rc_201.3,6,first-feasible,14,18,823.0127,0,12.7018,9.69149999999999,0,0,0,1
rc_201.3,6,first-feasible,14,6,823.0127,0,15.9179,32.6915,0,0,0,1
rc_201.3,6,first-feasible,14,3,823.0127,0,10.1111,91.4935,0,0,0,1
rc_201.3,6,first-feasible,14,23,823.0127,0,12.1588,61.7953,0,0,0,1
rc_201.3,6,first-feasible,14,28,823.0127,0,23.9043,36.9464,0,0,0,1
rc_201.3,6,first-feasible,14,31,823.0127,0,10.0829,37.891,0,0,0,1
rc_201.3,6,first-feasible,14,29,823.0127,0,17.6269,109.5664,0,0,0,1
rc_201.3,6,first-feasible,14,10,823.0127,0,10.0495,41.9509,0,0,0,1
rc_201.3,6,first-feasible,14,11,823.0127,0,23.3783,54.5169,0,0,0,1
rc_201.3,6,first-feasible,14,25,823.0127,0,19.4224,55.4170999999999,0,0,0,1
rc_201.3,6,first-feasible,14,26,820.583,2.42970000000014,20.4323,117.206,0,0,0,1
rc_201.3,6,first-feasible,14,27,823.0127,0,13.3188,82.0405,0,0,0,1
rc_201.3,6,first-feasible,14,8,823.0127,0,11.4018,8.63869999999997,0,0,0,1
rc_201.3,6,first-feasible,14,9,823.0127,0,19.9187,60.6387,0,0,0,1
rc_201.3,6,first-feasible,14,20,822.7167,0.296000000000049,59.6627,28.2249,0,0,0,1
rc_201.3,6,first-feasible,14,7,822.7167,0.296000000000049,10.7931,6.14499999999998,0,0,0,1
rc_201.3,6,first-feasible,14,4,817.2976,5.71510000000012,22.1734,68.3747,0,0,0,1
rc_201.3,6,first-feasible,14,19,817.2976,5.71510000000012,16.3479,69.9716,0,0,0,1
rc_201.3,6,first-feasible,14,30,823.0127,0,19.1622,87.7499,0,0,0,1
rc_201.3,6,first-feasible,14,21,823.0127,0,10.434,110.7499,0,0,0,1
rc_201.3,6,first-feasible,14,14,823.0127,0,10.0409,32.5838,0,0,0,1
rc_201.3,6,first-feasible,14,12,823.0127,0,15.1653,118.9782,0,0,0,1
rc_201.3,6,first-feasible,14,17,823.0127,0,10.0901,13.9782,0,0,0,1
rc_201.3,6,first-feasible,14,5,811.3471,11.6656,22.4264,38.6229000000001,0,0,1,1
rc_201.3,6,first-feasible,14,2,811.3471,11.6656,23.3814,50.5518000000001,0,0,0,1
rc_201.3,6,first-feasible,14,22,823.0127,0,35.4163,34.6260000000001,0,0,0,1
rc_201.3,6,first-feasible,14,32,823.0127,0,10.0046,120,0,3.16180000000008,0,1
rc_201.3,6,first-feasible,14,24,823.0127,0,14.8836,105.5279,0,0,0,1
rc_201.3,7,final-feasible,14,15,802.049,0,10.115,120,0,27.9445,1,0
rc_201.3,7,final-feasible,14,13,802.049,0,23.2514,81.9289,0,0,0,0
rc_201.3,7,final-feasible,14,16,802.049,0,11.1375,50.7486,0,0,0,0
rc_201.3,7,final-feasible,14,18,802.049,0,12.7018,9.69149999999999,0,0,0,0
rc_201.3,7,final-feasible,14,6,802.049,0,15.9179,32.6915,0,0,0,0
rc_201.3,7,final-feasible,14,3,802.049,0,10.1111,91.4935,0,0,0,0
rc_201.3,7,final-feasible,14,23,802.049,0,12.1588,61.7953,0,0,0,0
rc_201.3,7,final-feasible,14,28,802.049,0,23.9043,36.9464,0,0,0,0
rc_201.3,7,final-feasible,14,31,802.049,0,10.0829,37.891,0,0,0,0
rc_201.3,7,final-feasible,14,29,802.049,0,17.6269,109.5664,0,0,0,0
rc_201.3,7,final-feasible,14,10,802.049,0,10.0495,41.9509,0,0,0,0
rc_201.3,7,final-feasible,14,11,802.049,0,23.3783,54.5169,0,0,0,0
rc_201.3,7,final-feasible,14,25,802.049,0,10.4085,55.4170999999999,0,0,0,0
rc_201.3,7,final-feasible,14,27,802.049,0,10.0906,102.4728,0,0,0,0
rc_201.3,7,final-feasible,14,9,802.049,0,18.5982,92.4727999999999,0,0,0,0
rc_201.3,7,final-feasible,14,8,802.049,0,10.2485,10.4727999999999,0,0,0,0
rc_201.3,7,final-feasible,14,26,802.049,0,18.1698,45.2243,0,0,0,0
rc_201.3,7,final-feasible,14,20,802.049,0,27.0254,31.8079,0,0,0,0
rc_201.3,7,final-feasible,14,7,802.049,0,10.0133,9.72799999999995,0,0,0,0
rc_201.3,7,final-feasible,14,19,802.049,0,10.6328,95.728,0,0,0,0
rc_201.3,7,final-feasible,14,4,802.049,0,16.4583,61.3249,0,0,0,0
rc_201.3,7,final-feasible,14,30,802.049,0,19.8764,97.048,0,0,0,0
rc_201.3,7,final-feasible,14,21,802.049,0,10.434,120,0,0.0480000000000018,0,0
rc_201.3,7,final-feasible,14,14,802.049,0,10.0409,41.8339,0,0,0,0
rc_201.3,7,final-feasible,14,12,802.049,0,15.1653,120,0,8.22829999999999,0,0
rc_201.3,7,final-feasible,14,17,802.049,0,10,15,0,0,0,0
rc_201.3,7,final-feasible,14,2,802.049,0,11.7158,74,0,0,0,0
rc_201.3,7,final-feasible,14,5,802.049,0,10.7608,27.9289,0,0,0,0
rc_201.3,7,final-feasible,14,22,802.049,0,31.0503,47.3134,0,0,0,0
rc_201.3,7,final-feasible,14,32,802.049,0,10.0046,120,0,15.8492,0,0
rc_201.3,7,final-feasible,14,24,802.049,0,14.8836,105.5279,0,0,0,0
rc_201.3,8,first-feasible,15,13,815.5056,0,24.0272,119.9884,0,0,0,1
rc_201.3,8,first-feasible,15,15,815.5056,0,10.8908,120,0,3.9173,0,1
rc_201.3,8,first-feasible,15,16,815.5056,0,10.044,74,0,0,0,1
rc_201.3,8,first-feasible,15,6,815.5056,0,13.2982,68.6447,0,0,0,1
rc_201.3,8,first-feasible,15,18,815.5056,0,10.0821,19.6447,0,0,0,1
rc_201.3,8,first-feasible,15,3,815.5056,0,10.0252,117.3646,0,0,0,1
rc_201.3,8,first-feasible,15,23,814.9461,0.559500000000071,16.353,87.6664,0,0,0,1
rc_201.3,8,first-feasible,15,31,814.9461,0.559500000000071,14.2065,87.6664,0,0,0,1
rc_201.3,8,first-feasible,15,28,815.5056,0,18.8472,48.611,0,0,0,1
rc_201.3,8,first-feasible,15,10,815.5056,0,11.3728,90.506,0,0,0,1
rc_201.3,8,first-feasible,15,11,815.5056,0,23.3783,103.072,0,0,0,1
rc_201.3,8,first-feasible,15,25,815.5056,0,22.1905,103.9722,0,0,0,1
rc_201.3,8,first-feasible,15,29,796.7135,18.7921000000001,31.4767,45.8815,0,0,1,1
rc_201.3,8,first-feasible,15,8,796.7135,18.7921000000001,45.7862,56.6460999999999,0,0,0,1
rc_201.3,8,first-feasible,15,20,815.5056,0,28.663,96.151,0,0,0,1
rc_201.3,8,first-feasible,15,26,815.5056,0,12.7784,62.7345999999999,0,0,0,1
rc_201.3,8,first-feasible,15,27,815.5056,0,14.587,27.5690999999999,0,0,0,1
rc_201.3,8,first-feasible,15,7,815.5056,0,14.7234,39.6766999999999,0,0,0,1
rc_201.3,8,first-feasible,15,9,815.5056,0,13.663,2.84569999999991,0,0,0,1
rc_201.3,8,first-feasible,15,4,809.9585,5.54710000000011,22.0054,88.2433999999999,0,0,0,1
rc_201.3,8,first-feasible,15,19,809.9585,5.54710000000011,16.3479,89.8402999999998,0,0,0,1
rc_201.3,8,first-feasible,15,30,815.5056,0,19.1622,107.6186,0,0,0,1
rc_201.3,8,first-feasible,15,21,815.5056,0,10.434,120,0,10.6185999999998,0,1
rc_201.3,8,first-feasible,15,14,815.5056,0,10.0409,41.8339,0,0,0,1
rc_201.3,8,first-feasible,15,12,815.5056,0,15.1653,120,0,8.22829999999999,0,1
rc_201.3,8,first-feasible,15,17,815.5056,0,10,15,0,0,0,1
rc_201.3,8,first-feasible,15,2,815.5056,0,11.7158,74,0,0,0,1
rc_201.3,8,first-feasible,15,5,815.5056,0,10.7608,27.9289,0,0,0,1
rc_201.3,8,first-feasible,15,22,815.5056,0,31.0503,47.3134,0,0,0,1
rc_201.3,8,first-feasible,15,32,815.5056,0,10.0046,120,0,15.8492,0,1
rc_201.3,8,first-feasible,15,24,815.5056,0,14.8836,105.5279,0,0,0,1
rc_201.3,9,first-feasible,17,16,868.2136,1.66570000000002,11.7097,119.459,0,0,0,1
rc_201.3,9,first-feasible,17,13,869.8793,0,23.2514,108.2787,0,0,0,1
rc_201.3,9,first-feasible,17,15,869.8793,0,12.3824,112.2076,0,0,0,1
rc_201.3,9,first-feasible,17,6,869.8793,0,13.2613,70.8963,0,0,0,1
rc_201.3,9,first-feasible,17,18,869.8793,0,10.0821,21.8963,0,0,0,1
rc_201.3,9,first-feasible,17,3,869.8793,0,10.0252,119.6162,0,0,0,1
rc_201.3,9,first-feasible,17,23,869.3198,0.559500000000071,16.353,89.918,0,0,0,1
rc_201.3,9,first-feasible,17,31,869.3198,0.559500000000071,14.2065,89.918,0,0,0,1
rc_201.3,9,first-feasible,17,28,869.8793,0,18.8472,50.8626,0,0,0,1
rc_201.3,9,first-feasible,17,10,869.8793,0,34.4234,92.7576,0,0,0,1
rc_201.3,9,first-feasible,17,29,869.8793,0,19.0451,99.1421,0,0,0,1
rc_201.3,9,first-feasible,17,8,869.8793,0,26.9941,109.9067,0,0,0,1
rc_201.3,9,first-feasible,17,25,869.8793,0,11.8703,66.0573,0,0,0,1
rc_201.3,9,first-feasible,17,11,865.5053,4.37400000000025,31.8692,4.95749999999998,0,0,0,1
rc_201.3,9,first-feasible,17,20,869.8793,0,27.8886,92.5968,0,0,0,1
rc_201.3,9,first-feasible,17,26,869.8793,0,12.7784,59.1804,0,0,0,1
rc_201.3,9,first-feasible,17,27,869.8793,0,12.1655,24.0149,0,0,0,1
rc_201.3,9,first-feasible,17,9,869.8793,0,16.9386,14.0149,0,0,0,1
rc_201.3,9,first-feasible,17,7,869.8793,0,17.999,19.1838999999999,0,0,0,1
rc_201.3,9,first-feasible,17,4,864.1642,5.71510000000012,22.1734,81.4135999999999,0,0,0,1
rc_201.3,9,first-feasible,17,19,864.1642,5.71510000000012,16.3479,83.0104999999999,0,0,0,1
rc_201.3,9,first-feasible,17,30,869.8793,0,48.8854,100.7888,0,0,0,1
rc_201.3,9,first-feasible,17,17,869.8793,0,21.7082,71.7887999999998,0,0,0,1
rc_201.3,9,first-feasible,17,14,867.8743,2.005,12.0459,34.3484999999998,0,0,0,1
rc_201.3,9,first-feasible,17,12,867.8743,2.005,17.1703,120,0,0.74289999999985,0,1
rc_201.3,9,first-feasible,17,21,849.1024,20.7769,30.7769,26.2692,0,0,1,1
rc_201.3,9,first-feasible,17,5,862.3089,7.57039999999995,18.3312,18.9579,0,0,0,1
rc_201.3,9,first-feasible,17,2,862.3089,7.57039999999995,23.3814,30.8868,0,0,0,1
rc_201.3,9,first-feasible,17,22,869.8793,0,35.4163,14.961,0,0,0,1
rc_201.3,9,first-feasible,17,32,869.8793,0,10.0046,103.4968,0,0,0,1
rc_201.3,9,first-feasible,17,24,869.8793,0,14.8836,89.0247000000001,0,0,0,1
rc_201.3,10,final-feasible,17,13,807.9155,0,24.0272,119.9884,0,0,0,1
rc_201.3,10,final-feasible,17,15,807.9155,0,10.8908,120,0,3.9173,0,1
rc_201.3,10,final-feasible,17,16,807.9155,0,10.044,74,0,0,0,1
rc_201.3,10,final-feasible,17,6,807.9155,0,13.2982,68.6447,0,0,0,1
rc_201.3,10,final-feasible,17,18,807.9155,0,10.0821,19.6447,0,0,0,1
rc_201.3,10,final-feasible,17,3,807.9155,0,10.0312,117.3646,0,0,0,1
rc_201.3,10,final-feasible,17,31,807.9155,0,13.647,104.0194,0,0,0,1
rc_201.3,10,final-feasible,17,23,807.9155,0,15.7935,74.0194,0,0,0,1
rc_201.3,10,final-feasible,17,28,807.9155,0,13.7736,49.1705,0,0,0,1
rc_201.3,10,final-feasible,17,11,807.9155,0,27.4952,115.0043,0,0,0,1
rc_201.3,10,final-feasible,17,10,807.9155,0,10.0495,63.5703,0,0,0,1
rc_201.3,10,final-feasible,17,29,807.9155,0,19.0451,69.9548,0,0,0,1
rc_201.3,10,final-feasible,17,8,807.9155,0,20.0459,80.7194,0,0,0,1
rc_201.3,10,final-feasible,17,27,807.9155,0,10.4967,111.3176,0,0,0,1
rc_201.3,10,final-feasible,17,25,807.9155,0,13.9899,26.3733,0,0,0,1
rc_201.3,10,final-feasible,17,26,807.9155,0,10.0362,88.1622,0,0,0,1
rc_201.3,10,final-feasible,17,20,807.9155,0,27.0254,74.7458,0,0,0,1
rc_201.3,10,final-feasible,17,7,807.9155,0,10.4971,52.6659,0,0,0,1
rc_201.3,10,final-feasible,17,9,807.9155,0,13.831,15.8348999999999,0,0,0,1
rc_201.3,10,final-feasible,17,19,807.9155,0,10.8008,120,0,4.83489999999995,0,1
rc_201.3,10,final-feasible,17,4,807.9155,0,16.4583,85.5969,0,0,0,1
rc_201.3,10,final-feasible,17,30,807.9155,0,19.8764,120,0,1.32000000000005,0,1
rc_201.3,10,final-feasible,17,21,807.9155,0,10,120,0,23,0,1
rc_201.3,10,final-feasible,17,17,798.9743,8.94119999999998,19.2692,58,0,0,1,1
rc_201.3,10,final-feasible,17,12,807.9155,0,15.1653,119,0,0,0,1
rc_201.3,10,final-feasible,17,14,807.9155,0,11.7179,5.39440000000002,0,0,0,1
rc_201.3,10,final-feasible,17,2,807.9155,0,12.139,71.2821,0,0,0,1
rc_201.3,10,final-feasible,17,5,807.9155,0,10.7608,25.211,0,0,0,1
rc_201.3,10,final-feasible,17,22,807.9155,0,31.0503,44.5955,0,0,0,1
rc_201.3,10,final-feasible,17,32,807.9155,0,10.0046,120,0,13.1313,0,1
rc_201.3,10,final-feasible,17,24,807.9155,0,14.8836,105.5279,0,0,0,1
rc_204.1,1,reference,0,41,878.64017,0,10.95937,934.38423,0,0,1,0
rc_204.1,1,reference,0,43,878.64017,0,12.2972,913.99903,0,0,0,0
rc_204.1,1,reference,0,44,878.64017,0,11.887,96.87593,0,0,0,0
rc_204.1,1,reference,0,45,878.64017,0,10.0631,875.69563,0,0,0,0
rc_204.1,1,reference,0,29,878.64017,0,15.1135,856.69563,0,0,0,0
rc_204.1,1,reference,0,42,878.64017,0,10.0001,846.37103,0,0,0,0
rc_204.1,1,reference,0,34,878.64017,0,31.7958,120,0,37.39733,0,0
rc_204.1,1,reference,0,33,878.64017,0,10.0077,760.9584,0,0,0,0
rc_204.1,1,reference,0,32,878.64017,0,10.0989,737.8873,0,0,0,0
rc_204.1,1,reference,0,23,878.64017,0,10.3047,691.8595,0,0,0,0
rc_204.1,1,reference,0,25,878.64017,0,10,100.8595,0,0,0,0
rc_204.1,1,reference,0,24,878.64017,0,12.169,661.8595,0,0,0,0
rc_204.1,1,reference,0,21,878.64017,0,10,644.8595,0,0,0,0
rc_204.1,1,reference,0,17,878.64017,0,10,626.8595,0,0,0,0
rc_204.1,1,reference,0,16,878.64017,0,12.6056,613.8595,0,0,0,0
rc_204.1,1,reference,0,18,878.64017,0,10.1401,604.2539,0,0,0,0
rc_204.1,1,reference,0,19,878.64017,0,10.2204,79.6483000000001,0,0,0,0
rc_204.1,1,reference,0,20,878.64017,0,10.9821,582.6483,0,0,0,0
rc_204.1,1,reference,0,22,878.64017,0,11.8419,573.2631,0,0,0,0
rc_204.1,1,reference,0,35,878.64017,0,10.1602,550.4934,0,0,0,0
rc_204.1,1,reference,0,31,878.64017,0,14.9561,511.5617,0,0,0,0
rc_204.1,1,reference,0,40,878.64017,0,17.0416,38.5201000000001,0,0,0,0
rc_204.1,1,reference,0,8,878.64017,0,11.0294,28.5201000000001,0,0,0,0
rc_204.1,1,reference,0,27,878.64017,0,10.4432,440.5201,0,0,0,0
rc_204.1,1,reference,0,26,878.64017,0,10.4432,427.6917,0,0,0,0
rc_204.1,1,reference,0,5,878.64017,0,11.3944,411.6917,0,0,0,0
rc_204.1,1,reference,0,4,878.64017,0,10,400.6917,0,0,0,0
rc_204.1,1,reference,0,2,878.64017,0,13.4403,388.6917,0,0,0,0
rc_204.1,1,reference,0,3,878.64017,0,12.2337,376.2514,0,0,0,0
rc_204.1,1,reference,0,6,878.64017,0,10,359.2514,0,0,0,0
rc_204.1,1,reference,0,7,878.64017,0,10.9177,344.2514,0,0,0,0
rc_204.1,1,reference,0,36,878.64017,0,16.812,310.402,0,0,0,0
rc_204.1,1,reference,0,39,878.64017,0,13.3158,300.1909,0,0,0,0
rc_204.1,1,reference,0,10,878.64017,0,11.8718,275.7891,0,0,0,0
rc_204.1,1,reference,0,28,878.64017,0,10,259.7891,0,0,0,0
rc_204.1,1,reference,0,12,878.64017,0,11.6148,245.7891,0,0,0,0
rc_204.1,1,reference,0,11,878.64017,0,10.8908,229.7891,0,0,0,0
rc_204.1,1,reference,0,9,878.64017,0,10,77.7180000000002,0,0,0,0
rc_204.1,1,reference,0,37,878.64017,0,15.4677,38.5048000000002,0,0,0,0
rc_204.1,1,reference,0,30,878.64017,0,14.5477,120,0,34.3245000000002,0,0
rc_204.1,1,reference,0,38,878.64017,0,12.1801,81.3699,0,0,0,0
rc_204.1,1,reference,0,15,878.64017,0,12.5371,79.2044000000001,0,0,0,0
rc_204.1,1,reference,0,14,878.64017,0,10.9737,69.0241000000001,0,0,0,0
rc_204.1,1,reference,0,13,878.64017,0,12.3776,56.0241000000001,0,0,0,0
rc_204.1,1,reference,0,46,878.64017,0,47.329,8.87340000000006,0,0,0,0
