dataset,level,instance,strategy,budget,gap_to_bks,insertion_ratio,mean_detour_ratio,max_detour_ratio,min_slack,critical_count,n_add
addition_instances,M1,1,Restart,500,0.603117318943737,1.2662611751848e-05,1,1,80,0,1
addition_instances,M1,1,Restart,1000,0.125250475922696,1.2662611751848e-05,1,1,80,0,1
addition_instances,M1,1,Restart,1500,0.344197520811035,1.2662611751848e-05,1,1,80,0,1
addition_instances,M1,1,Restart,2500,0.274879345763114,1.2662611751848e-05,1,1,80,0,1
addition_instances,M1,1,WarmStart,500,0,1.2662611751848e-05,1,1,80,0,1
addition_instances,M1,1,WarmStart,1000,0,1.2662611751848e-05,1,1,80,0,1
addition_instances,M1,1,WarmStart,1500,0,1.2662611751848e-05,1,1,80,0,1
addition_instances,M1,1,WarmStart,2500,0,1.2662611751848e-05,1,1,80,0,1
addition_instances,M1,1,Repair,500,0,1.2662611751848e-05,1,1,80,0,1
addition_instances,M1,1,Repair,1000,0,1.2662611751848e-05,1,1,80,0,1
addition_instances,M1,1,Repair,1500,0,1.2662611751848e-05,1,1,80,0,1
addition_instances,M1,1,Repair,2500,0,1.2662611751848e-05,1,1,80,0,1
addition_instances,M1,2,Restart,500,0.600989301906949,0.000207931013785781,1,1,80,0,1
addition_instances,M1,2,Restart,1000,0.570670499363261,0.000207931013785781,1,1,80,0,1
addition_instances,M1,2,Restart,1500,0.442766544237356,0.000207931013785781,1,1,80,0,1
addition_instances,M1,2,Restart,2500,0.365355856613234,0.000207931013785781,1,1,80,0,1
addition_instances,M1,2,WarmStart,500,0,0.000207931013785781,1,1,80,0,1
addition_instances,M1,2,WarmStart,1000,0,0.000207931013785781,1,1,80,0,1
addition_instances,M1,2,WarmStart,1500,0,0.000207931013785781,1,1,80,0,1
addition_instances,M1,2,WarmStart,2500,0,0.000207931013785781,1,1,80,0,1
addition_instances,M1,2,Repair,500,0,0.000207931013785781,1,1,80,0,1
addition_instances,M1,2,Repair,1000,0,0.000207931013785781,1,1,80,0,1
addition_instances,M1,2,Repair,1500,0,0.000207931013785781,1,1,80,0,1
addition_instances,M1,2,Repair,2500,0,0.000207931013785781,1,1,80,0,1
addition_instances,M1,3,Restart,500,0.465868077177865,3.80516884657914e-06,1,1,80,0,1
addition_instances,M1,3,Restart,1000,0.413204612780409,3.80516884657914e-06,1,1,80,0,1
addition_instances,M1,3,Restart,1500,0.476889109460842,3.80516884657914e-06,1,1,80,0,1
addition_instances,M1,3,Restart,2500,0.238418870427485,3.80516884657914e-06,1,1,80,0,1
addition_instances,M1,3,WarmStart,500,0,3.80516884657914e-06,1,1,80,0,1
addition_instances,M1,3,WarmStart,1000,0,3.80516884657914e-06,1,1,80,0,1
addition_instances,M1,3,WarmStart,1500,0,3.80516884657914e-06,1,1,80,0,1
addition_instances,M1,3,WarmStart,2500,0,3.80516884657914e-06,1,1,80,0,1
addition_instances,M1,3,Repair,500,0,3.80516884657914e-06,1,1,80,0,1
addition_instances,M1,3,Repair,1000,0,3.80516884657914e-06,1,1,80,0,1
addition_instances,M1,3,Repair,1500,0,3.80516884657914e-06,1,1,80,0,1
addition_instances,M1,3,Repair,2500,0,3.80516884657914e-06,1,1,80,0,1
addition_instances,M1,4,Restart,500,0.333233878050238,1.20118545574765e-05,1,1,80,0,1
addition_instances,M1,4,Restart,1000,0.42670835523763,1.20118545574765e-05,1,1,80,0,1
addition_instances,M1,4,Restart,1500,0.246472918796049,1.20118545574765e-05,1,1,80,0,1
addition_instances,M1,4,Restart,2500,0.253939471211111,1.20118545574765e-05,1,1,80,0,1
addition_instances,M1,4,WarmStart,500,0,1.20118545574765e-05,1,1,80,0,1
addition_instances,M1,4,WarmStart,1000,0,1.20118545574765e-05,1,1,80,0,1
addition_instances,M1,4,WarmStart,1500,0,1.20118545574765e-05,1,1,80,0,1
addition_instances,M1,4,WarmStart,2500,0,1.20118545574765e-05,1,1,80,0,1
addition_instances,M1,4,Repair,500,0,1.20118545574765e-05,1,1,80,0,1
addition_instances,M1,4,Repair,1000,0,1.20118545574765e-05,1,1,80,0,1
addition_instances,M1,4,Repair,1500,0,1.20118545574765e-05,1,1,80,0,1
addition_instances,M1,4,Repair,2500,0,1.20118545574765e-05,1,1,80,0,1
addition_instances,M1,5,Restart,500,0.62562887645186,4.05812112006266e-05,1,1,80,0,1
addition_instances,M1,5,Restart,1000,0.449539658240668,4.05812112006266e-05,1,1,80,0,1
addition_instances,M1,5,Restart,1500,0.75701932014778,4.05812112006266e-05,1,1,80,0,1
addition_instances,M1,5,Restart,2500,0.157969255439099,4.05812112006266e-05,1,1,80,0,1
addition_instances,M1,5,WarmStart,500,0,4.05812112006266e-05,1,1,80,0,1
addition_instances,M1,5,WarmStart,1000,0,4.05812112006266e-05,1,1,80,0,1
addition_instances,M1,5,WarmStart,1500,0,4.05812112006266e-05,1,1,80,0,1
addition_instances,M1,5,WarmStart,2500,0,4.05812112006266e-05,1,1,80,0,1
addition_instances,M1,5,Repair,500,0,4.05812112006266e-05,1,1,80,0,1
addition_instances,M1,5,Repair,1000,0,4.05812112006266e-05,1,1,80,0,1
addition_instances,M1,5,Repair,1500,0,4.05812112006266e-05,1,1,80,0,1
addition_instances,M1,5,Repair,2500,0,4.05812112006266e-05,1,1,80,0,1
addition_instances,M1,6,Restart,500,0.433946341219127,0.000115082972705641,1,1,80,0,1
addition_instances,M1,6,Restart,1000,0.487112691219958,0.000115082972705641,1,1,80,0,1
addition_instances,M1,6,Restart,1500,0.0592147543684528,0.000115082972705641,1,1,80,0,1
addition_instances,M1,6,Restart,2500,0.201135438511697,0.000115082972705641,1,1,80,0,1
addition_instances,M1,6,WarmStart,500,0,0.000115082972705641,1,1,80,0,1
addition_instances,M1,6,WarmStart,1000,0,0.000115082972705641,1,1,80,0,1
addition_instances,M1,6,WarmStart,1500,0,0.000115082972705641,1,1,80,0,1
addition_instances,M1,6,WarmStart,2500,0,0.000115082972705641,1,1,80,0,1
addition_instances,M1,6,Repair,500,0,0.000115082972705641,1,1,80,0,1
addition_instances,M1,6,Repair,1000,0,0.000115082972705641,1,1,80,0,1
addition_instances,M1,6,Repair,1500,0,0.000115082972705641,1,1,80,0,1
addition_instances,M1,6,Repair,2500,0,0.000115082972705641,1,1,80,0,1
addition_instances,M1,7,Restart,500,0.526585859517623,0.000332946784268503,1,1,80,0,1
addition_instances,M1,7,Restart,1000,0.484849197123874,0.000332946784268503,1,1,80,0,1
addition_instances,M1,7,Restart,1500,0.294302912603987,0.000332946784268503,1,1,80,0,1
addition_instances,M1,7,Restart,2500,0.575654532236301,0.000332946784268503,1,1,80,0,1
addition_instances,M1,7,WarmStart,500,0,0.000332946784268503,1,1,80,0,1
addition_instances,M1,7,WarmStart,1000,0,0.000332946784268503,1,1,80,0,1
addition_instances,M1,7,WarmStart,1500,0,0.000332946784268503,1,1,80,0,1
addition_instances,M1,7,WarmStart,2500,0,0.000332946784268503,1,1,80,0,1
addition_instances,M1,7,Repair,500,0,0.000332946784268503,1,1,80,0,1
addition_instances,M1,7,Repair,1000,0,0.000332946784268503,1,1,80,0,1
addition_instances,M1,7,Repair,1500,0,0.000332946784268503,1,1,80,0,1
addition_instances,M1,7,Repair,2500,0,0.000332946784268503,1,1,80,0,1
addition_instances,M1,8,Restart,500,0.780619504918022,0.000509134393538508,1,1,80,0,1
addition_instances,M1,8,Restart,1000,0.207765855117743,0.000509134393538508,1,1,80,0,1
addition_instances,M1,8,Restart,1500,0.391468990654638,0.000509134393538508,1,1,80,0,1
addition_instances,M1,8,Restart,2500,0.372177491433018,0.000509134393538508,1,1,80,0,1
addition_instances,M1,8,WarmStart,500,0,0.000509134393538508,1,1,80,0,1
addition_instances,M1,8,WarmStart,1000,0,0.000509134393538508,1,1,80,0,1
addition_instances,M1,8,WarmStart,1500,0,0.000509134393538508,1,1,80,0,1
addition_instances,M1,8,WarmStart,2500,0,0.000509134393538508,1,1,80,0,1
addition_instances,M1,8,Repair,500,0,0.000509134393538508,1,1,80,0,1
addition_instances,M1,8,Repair,1000,0,0.000509134393538508,1,1,80,0,1
addition_instances,M1,8,Repair,1500,0,0.000509134393538508,1,1,80,0,1
addition_instances,M1,8,Repair,2500,0,0.000509134393538508,1,1,80,0,1
addition_instances,M1,9,Restart,500,0.507834454414778,0,0,0,80,0,1
addition_instances,M1,9,Restart,1000,0.38636078363785,0,0,0,80,0,1
addition_instances,M1,9,Restart,1500,0.522181149766024,0,0,0,80,0,1
addition_instances,M1,9,Restart,2500,0.502892622672513,0,0,0,80,0,1
addition_instances,M1,9,WarmStart,500,0.073430155799529,0,0,0,80,0,1
addition_instances,M1,9,WarmStart,1000,0.073430155799529,0,0,0,80,0,1
addition_instances,M1,9,WarmStart,1500,0.073430155799529,0,0,0,80,0,1
addition_instances,M1,9,WarmStart,2500,0.073430155799529,0,0,0,80,0,1
addition_instances,M1,9,Repair,500,0.073430155799529,0,0,0,80,0,1
addition_instances,M1,9,Repair,1000,0.073430155799529,0,0,0,80,0,1
addition_instances,M1,9,Repair,1500,0.073430155799529,0,0,0,80,0,1
addition_instances,M1,9,Repair,2500,0.073430155799529,0,0,0,80,0,1
addition_instances,M1,10,Restart,500,0.755440151756796,0.000145637615536684,1,1,80,0,1
addition_instances,M1,10,Restart,1000,0.608103115615014,0.000145637615536684,1,1,80,0,1
addition_instances,M1,10,Restart,1500,0.0869356296072813,0.000145637615536684,1,1,80,0,1
addition_instances,M1,10,Restart,2500,0.351570737535092,0.000145637615536684,1,1,80,0,1
addition_instances,M1,10,WarmStart,500,0.0137724598160359,0.000145637615536684,1,1,80,0,1
addition_instances,M1,10,WarmStart,1000,0.0137724598160359,0.000145637615536684,1,1,80,0,1
addition_instances,M1,10,WarmStart,1500,0.0137724598160359,0.000145637615536684,1,1,80,0,1
addition_instances,M1,10,WarmStart,2500,0,0.000145637615536684,1,1,80,0,1
addition_instances,M1,10,Repair,500,0.0137724598160359,0.000145637615536684,1,1,80,0,1
addition_instances,M1,10,Repair,1000,0.0137724598160359,0.000145637615536684,1,1,80,0,1
addition_instances,M1,10,Repair,1500,0.0137724598160359,0.000145637615536684,1,1,80,0,1
addition_instances,M1,10,Repair,2500,0.0137724598160359,0.000145637615536684,1,1,80,0,1
addition_instances,M2,1,Restart,500,0.49115024700438,0.000752321371960284,1,1,80,0,2
addition_instances,M2,1,Restart,1000,0.513366921637655,0.000752321371960284,1,1,80,0,2
addition_instances,M2,1,Restart,1500,0.302292390199841,0.000752321371960284,1,1,80,0,2
addition_instances,M2,1,Restart,2500,0.392894108977436,0.000752321371960284,1,1,80,0,2
addition_instances,M2,1,WarmStart,500,0,0.000752321371960284,1,1,80,0,2
addition_instances,M2,1,WarmStart,1000,0,0.000752321371960284,1,1,80,0,2
addition_instances,M2,1,WarmStart,1500,0,0.000752321371960284,1,1,80,0,2
addition_instances,M2,1,WarmStart,2500,0,0.000752321371960284,1,1,80,0,2
addition_instances,M2,1,Repair,500,0,0.000752321371960284,1,1,80,0,2
addition_instances,M2,1,Repair,1000,0,0.000752321371960284,1,1,80,0,2
addition_instances,M2,1,Repair,1500,0,0.000752321371960284,1,1,80,0,2
addition_instances,M2,1,Repair,2500,0,0.000752321371960284,1,1,80,0,2
addition_instances,M2,2,Restart,500,0.883309382202189,0.000787864725733693,1,1,80,0,2
addition_instances,M2,2,Restart,1000,0.648112922891466,0.000787864725733693,1,1,80,0,2
addition_instances,M2,2,Restart,1500,0.652842828113101,0.000787864725733693,1,1,80,0,2
addition_instances,M2,2,Restart,2500,0.305341226540222,0.000787864725733693,1,1,80,0,2
addition_instances,M2,2,WarmStart,500,0,0.000787864725733693,1,1,80,0,2
addition_instances,M2,2,WarmStart,1000,0,0.000787864725733693,1,1,80,0,2
addition_instances,M2,2,WarmStart,1500,0,0.000787864725733693,1,1,80,0,2
addition_instances,M2,2,WarmStart,2500,0,0.000787864725733693,1,1,80,0,2
addition_instances,M2,2,Repair,500,0,0.000787864725733693,1,1,80,0,2
addition_instances,M2,2,Repair,1000,0,0.000787864725733693,1,1,80,0,2
addition_instances,M2,2,Repair,1500,0,0.000787864725733693,1,1,80,0,2
addition_instances,M2,2,Repair,2500,0,0.000787864725733693,1,1,80,0,2
addition_instances,M2,3,Restart,500,0.685381959716504,0.00022118464176093,0.5,1,80,0,2
addition_instances,M2,3,Restart,1000,0.409162992871128,0.00022118464176093,0.5,1,80,0,2
addition_instances,M2,3,Restart,1500,0.106492439773802,0.00022118464176093,0.5,1,80,0,2
addition_instances,M2,3,Restart,2500,0.311664582249762,0.00022118464176093,0.5,1,80,0,2
addition_instances,M2,3,WarmStart,500,0,0.00022118464176093,0.5,1,80,0,2
addition_instances,M2,3,WarmStart,1000,0,0.00022118464176093,0.5,1,80,0,2
addition_instances,M2,3,WarmStart,1500,0,0.00022118464176093,0.5,1,80,0,2
addition_instances,M2,3,WarmStart,2500,0,0.00022118464176093,0.5,1,80,0,2
addition_instances,M2,3,Repair,500,0,0.00022118464176093,0.5,1,80,0,2
addition_instances,M2,3,Repair,1000,0,0.00022118464176093,0.5,1,80,0,2
addition_instances,M2,3,Repair,1500,0,0.00022118464176093,0.5,1,80,0,2
addition_instances,M2,3,Repair,2500,0,0.00022118464176093,0.5,1,80,0,2
addition_instances,M2,4,Restart,500,0.841799440802325,0.00130217045771116,1,1,80,0,2
addition_instances,M2,4,Restart,1000,0.550412866606367,0.00130217045771116,1,1,80,0,2
addition_instances,M2,4,Restart,1500,0.367363739905148,0.00130217045771116,1,1,80,0,2
addition_instances,M2,4,Restart,2500,0.670121762980347,0.00130217045771116,1,1,80,0,2
addition_instances,M2,4,WarmStart,500,0,0.00130217045771116,1,1,80,0,2
addition_instances,M2,4,WarmStart,1000,0,0.00130217045771116,1,1,80,0,2
addition_instances,M2,4,WarmStart,1500,0,0.00130217045771116,1,1,80,0,2
addition_instances,M2,4,WarmStart,2500,0,0.00130217045771116,1,1,80,0,2
addition_instances,M2,4,Repair,500,0,0.00130217045771116,1,1,80,0,2
addition_instances,M2,4,Repair,1000,0,0.00130217045771116,1,1,80,0,2
addition_instances,M2,4,Repair,1500,0,0.00130217045771116,1,1,80,0,2
addition_instances,M2,4,Repair,2500,0,0.00130217045771116,1,1,80,0,2
addition_instances,M2,5,Restart,500,0.771400323031454,0.000819733531631232,1,1,80,0,2
addition_instances,M2,5,Restart,1000,0.321434807160737,0.000819733531631232,1,1,80,0,2
addition_instances,M2,5,Restart,1500,0.300880461753087,0.000819733531631232,1,1,80,0,2
addition_instances,M2,5,Restart,2500,0.246554829408878,0.000819733531631232,1,1,80,0,2
addition_instances,M2,5,WarmStart,500,0,0.000819733531631232,1,1,80,0,2
addition_instances,M2,5,WarmStart,1000,0,0.000819733531631232,1,1,80,0,2
addition_instances,M2,5,WarmStart,1500,0,0.000819733531631232,1,1,80,0,2
addition_instances,M2,5,WarmStart,2500,0,0.000819733531631232,1,1,80,0,2
addition_instances,M2,5,Repair,500,0,0.000819733531631232,1,1,80,0,2
addition_instances,M2,5,Repair,1000,0,0.000819733531631232,1,1,80,0,2
addition_instances,M2,5,Repair,1500,0,0.000819733531631232,1,1,80,0,2
addition_instances,M2,5,Repair,2500,0,0.000819733531631232,1,1,80,0,2
addition_instances,M2,6,Restart,500,0.764366094363753,0.000359148455361109,1,1,80,0,2
addition_instances,M2,6,Restart,1000,0.555099769546677,0.000359148455361109,1,1,80,0,2
addition_instances,M2,6,Restart,1500,0.380635726876041,0.000359148455361109,1,1,80,0,2
addition_instances,M2,6,Restart,2500,0.409435163799272,0.000359148455361109,1,1,80,0,2
addition_instances,M2,6,WarmStart,500,0,0.000359148455361109,1,1,80,0,2
addition_instances,M2,6,WarmStart,1000,0,0.000359148455361109,1,1,80,0,2
addition_instances,M2,6,WarmStart,1500,0,0.000359148455361109,1,1,80,0,2
addition_instances,M2,6,WarmStart,2500,0,0.000359148455361109,1,1,80,0,2
addition_instances,M2,6,Repair,500,0,0.000359148455361109,1,1,80,0,2
addition_instances,M2,6,Repair,1000,0,0.000359148455361109,1,1,80,0,2
addition_instances,M2,6,Repair,1500,0,0.000359148455361109,1,1,80,0,2
addition_instances,M2,6,Repair,2500,0,0.000359148455361109,1,1,80,0,2
addition_instances,M2,7,Restart,500,0.687866107876635,0.000351550177096208,1,1,80,0,2
addition_instances,M2,7,Restart,1000,0.551388632796081,0.000351550177096208,1,1,80,0,2
addition_instances,M2,7,Restart,1500,0.752889612562,0.000351550177096208,1,1,80,0,2
addition_instances,M2,7,Restart,2500,0.498423161592692,0.000351550177096208,1,1,80,0,2
addition_instances,M2,7,WarmStart,500,0,0.000351550177096208,1,1,80,0,2
addition_instances,M2,7,WarmStart,1000,0,0.000351550177096208,1,1,80,0,2
addition_instances,M2,7,WarmStart,1500,0,0.000351550177096208,1,1,80,0,2
addition_instances,M2,7,WarmStart,2500,0,0.000351550177096208,1,1,80,0,2
addition_instances,M2,7,Repair,500,0,0.000351550177096208,1,1,80,0,2
addition_instances,M2,7,Repair,1000,0,0.000351550177096208,1,1,80,0,2
addition_instances,M2,7,Repair,1500,0,0.000351550177096208,1,1,80,0,2
addition_instances,M2,7,Repair,2500,0,0.000351550177096208,1,1,80,0,2
addition_instances,M2,8,Restart,500,0.714308541704293,0.000352435270465089,1,1,80,0,2
addition_instances,M2,8,Restart,1000,0.691499424073471,0.000352435270465089,1,1,80,0,2
addition_instances,M2,8,Restart,1500,0.186765096539938,0.000352435270465089,1,1,80,0,2
addition_instances,M2,8,Restart,2500,0.372532854148641,0.000352435270465089,1,1,80,0,2
addition_instances,M2,8,WarmStart,500,0,0.000352435270465089,1,1,80,0,2
addition_instances,M2,8,WarmStart,1000,0,0.000352435270465089,1,1,80,0,2
addition_instances,M2,8,WarmStart,1500,0,0.000352435270465089,1,1,80,0,2
addition_instances,M2,8,WarmStart,2500,0,0.000352435270465089,1,1,80,0,2
addition_instances,M2,8,Repair,500,0,0.000352435270465089,1,1,80,0,2
addition_instances,M2,8,Repair,1000,0,0.000352435270465089,1,1,80,0,2
addition_instances,M2,8,Repair,1500,0,0.000352435270465089,1,1,80,0,2
addition_instances,M2,8,Repair,2500,0,0.000352435270465089,1,1,80,0,2
addition_instances,M2,9,Restart,500,0.682287168124095,0.000202816044339349,0.5,1,80,0,2
addition_instances,M2,9,Restart,1000,0.152702110645213,0.000202816044339349,0.5,1,80,0,2
addition_instances,M2,9,Restart,1500,0.266191117553361,0.000202816044339349,0.5,1,80,0,2
addition_instances,M2,9,Restart,2500,0.0915716375603095,0.000202816044339349,0.5,1,80,0,2
addition_instances,M2,9,WarmStart,500,0.000979156425000588,0.000202816044339349,0.5,1,80,0,2
addition_instances,M2,9,WarmStart,1000,0.000979156425000588,0.000202816044339349,0.5,1,80,0,2
addition_instances,M2,9,WarmStart,1500,0.000979156425000588,0.000202816044339349,0.5,1,80,0,2
addition_instances,M2,9,WarmStart,2500,0.000979156425000588,0.000202816044339349,0.5,1,80,0,2
addition_instances,M2,9,Repair,500,0.000979156425000588,0.000202816044339349,0.5,1,80,0,2
addition_instances,M2,9,Repair,1000,0.000979156425000588,0.000202816044339349,0.5,1,80,0,2
addition_instances,M2,9,Repair,1500,0.000979156425000588,0.000202816044339349,0.5,1,80,0,2
addition_instances,M2,9,Repair,2500,0.000979156425000588,0.000202816044339349,0.5,1,80,0,2
addition_instances,M2,10,Restart,500,0.719478402699278,0.000414006954072155,1,1,80,0,2
addition_instances,M2,10,Restart,1000,0.689355201528052,0.000414006954072155,1,1,80,0,2
addition_instances,M2,10,Restart,1500,0.384387685352452,0.000414006954072155,1,1,80,0,2
addition_instances,M2,10,Restart,2500,0.329791409419484,0.000414006954072155,1,1,80,0,2
addition_instances,M2,10,WarmStart,500,0,0.000414006954072155,1,1,80,0,2
addition_instances,M2,10,WarmStart,1000,0,0.000414006954072155,1,1,80,0,2
addition_instances,M2,10,WarmStart,1500,0,0.000414006954072155,1,1,80,0,2
addition_instances,M2,10,WarmStart,2500,0,0.000414006954072155,1,1,80,0,2
addition_instances,M2,10,Repair,500,0,0.000414006954072155,1,1,80,0,2
addition_instances,M2,10,Repair,1000,0,0.000414006954072155,1,1,80,0,2
addition_instances,M2,10,Repair,1500,0,0.000414006954072155,1,1,80,0,2
addition_instances,M2,10,Repair,2500,0,0.000414006954072155,1,1,80,0,2
addition_instances,M4,1,Restart,500,0.895141317235533,0.000788403383370667,1,1,80,0,4
addition_instances,M4,1,Restart,1000,0.861219007300567,0.000788403383370667,1,1,80,0,4
addition_instances,M4,1,Restart,1500,0.955130640921275,0.000788403383370667,1,1,80,0,4
addition_instances,M4,1,Restart,2500,0.70685388382456,0.000788403383370667,1,1,80,0,4
addition_instances,M4,1,WarmStart,500,0.0426157724807296,0.000788403383370667,1,1,80,0,4
addition_instances,M4,1,WarmStart,1000,0,0.000788403383370667,1,1,80,0,4
addition_instances,M4,1,WarmStart,1500,0,0.000788403383370667,1,1,80,0,4
addition_instances,M4,1,WarmStart,2500,0.0991373284528863,0.000788403383370667,1,1,80,0,4
addition_instances,M4,1,Repair,500,0,0.000788403383370667,1,1,80,0,4
addition_instances,M4,1,Repair,1000,0,0.000788403383370667,1,1,80,0,4
addition_instances,M4,1,Repair,1500,0,0.000788403383370667,1,1,80,0,4
addition_instances,M4,1,Repair,2500,0,0.000788403383370667,1,1,80,0,4
addition_instances,M4,2,Restart,500,0.98898795324504,0.00160918712680885,1,1,80,0,4
addition_instances,M4,2,Restart,1000,0.764062629706499,0.00160918712680885,1,1,80,0,4
addition_instances,M4,2,Restart,1500,0.738603959078896,0.00160918712680885,1,1,80,0,4
addition_instances,M4,2,Restart,2500,0.497201118436572,0.00160918712680885,1,1,80,0,4
addition_instances,M4,2,WarmStart,500,0.0252963663208813,0.00160918712680885,1,1,80,0,4
addition_instances,M4,2,WarmStart,1000,0.0507469144136208,0.00160918712680885,1,1,80,0,4
addition_instances,M4,2,WarmStart,1500,0,0.00160918712680885,1,1,80,0,4
addition_instances,M4,2,WarmStart,2500,0,0.00160918712680885,1,1,80,0,4
addition_instances,M4,2,Repair,500,0,0.00160918712680885,1,1,80,0,4
addition_instances,M4,2,Repair,1000,0,0.00160918712680885,1,1,80,0,4
addition_instances,M4,2,Repair,1500,0,0.00160918712680885,1,1,80,0,4
addition_instances,M4,2,Repair,2500,0,0.00160918712680885,1,1,80,0,4
addition_instances,M4,3,Restart,500,1.2054539418802,0.000381364063157591,1,1,80,0,4
addition_instances,M4,3,Restart,1000,0.89384181898268,0.000381364063157591,1,1,80,0,4
addition_instances,M4,3,Restart,1500,0.652920892776325,0.000381364063157591,1,1,80,0,4
addition_instances,M4,3,Restart,2500,0.69933891640166,0.000381364063157591,1,1,80,0,4
addition_instances,M4,3,WarmStart,500,0.0563622639592792,0.000381364063157591,1,1,80,0,4
addition_instances,M4,3,WarmStart,1000,0.0563622639592792,0.000381364063157591,1,1,80,0,4
addition_instances,M4,3,WarmStart,1500,0,0.000381364063157591,1,1,80,0,4
addition_instances,M4,3,WarmStart,2500,0,0.000381364063157591,1,1,80,0,4
addition_instances,M4,3,Repair,500,0,0.000381364063157591,1,1,80,0,4
addition_instances,M4,3,Repair,1000,0,0.000381364063157591,1,1,80,0,4
addition_instances,M4,3,Repair,1500,0,0.000381364063157591,1,1,80,0,4
addition_instances,M4,3,Repair,2500,0,0.000381364063157591,1,1,80,0,4
addition_instances,M4,4,Restart,500,1.01477294792169,0.000504756731213523,1,1,80,0,4
addition_instances,M4,4,Restart,1000,0.691577396418066,0.000504756731213523,1,1,80,0,4
addition_instances,M4,4,Restart,1500,0.776545198706522,0.000504756731213523,1,1,80,0,4
addition_instances,M4,4,Restart,2500,0.530559650614138,0.000504756731213523,1,1,80,0,4
addition_instances,M4,4,WarmStart,500,0.195060192151533,0.000504756731213523,1,1,80,0,4
addition_instances,M4,4,WarmStart,1000,0,0.000504756731213523,1,1,80,0,4
addition_instances,M4,4,WarmStart,1500,0,0.000504756731213523,1,1,80,0,4
addition_instances,M4,4,WarmStart,2500,0,0.000504756731213523,1,1,80,0,4
addition_instances,M4,4,Repair,500,0,0.000504756731213523,1,1,80,0,4
addition_instances,M4,4,Repair,1000,0,0.000504756731213523,1,1,80,0,4
addition_instances,M4,4,Repair,1500,0,0.000504756731213523,1,1,80,0,4
addition_instances,M4,4,Repair,2500,0,0.000504756731213523,1,1,80,0,4
addition_instances,M4,5,Restart,500,0.763849425294047,0.000930430074504412,1,1,80,0,4
addition_instances,M4,5,Restart,1000,0.772301757630799,0.000930430074504412,1,1,80,0,4
addition_instances,M4,5,Restart,1500,0.60721129387482,0.000930430074504412,1,1,80,0,4
addition_instances,M4,5,Restart,2500,0.35930039199487,0.000930430074504412,1,1,80,0,4
addition_instances,M4,5,WarmStart,500,0.139673026612355,0.000930430074504412,1,1,80,0,4
addition_instances,M4,5,WarmStart,1000,0,0.000930430074504412,1,1,80,0,4
addition_instances,M4,5,WarmStart,1500,0,0.000930430074504412,1,1,80,0,4
addition_instances,M4,5,WarmStart,2500,0,0.000930430074504412,1,1,80,0,4
addition_instances,M4,5,Repair,500,0,0.000930430074504412,1,1,80,0,4
addition_instances,M4,5,Repair,1000,0,0.000930430074504412,1,1,80,0,4
addition_instances,M4,5,Repair,1500,0,0.000930430074504412,1,1,80,0,4
addition_instances,M4,5,Repair,2500,0,0.000930430074504412,1,1,80,0,4
addition_instances,M4,6,Restart,500,0.978306510179334,0.000661604764438052,1,1,80,0,4
addition_instances,M4,6,Restart,1000,0.750516769770636,0.000661604764438052,1,1,80,0,4
addition_instances,M4,6,Restart,1500,0.79982658076357,0.000661604764438052,1,1,80,0,4
addition_instances,M4,6,Restart,2500,0.236061173452103,0.000661604764438052,1,1,80,0,4
addition_instances,M4,6,WarmStart,500,0.124834746763344,0.000661604764438052,1,1,80,0,4
addition_instances,M4,6,WarmStart,1000,0.189038227030519,0.000661604764438052,1,1,80,0,4
addition_instances,M4,6,WarmStart,1500,0.0280166848590113,0.000661604764438052,1,1,80,0,4
addition_instances,M4,6,WarmStart,2500,0,0.000661604764438052,1,1,80,0,4
addition_instances,M4,6,Repair,500,0,0.000661604764438052,1,1,80,0,4
addition_instances,M4,6,Repair,1000,0,0.000661604764438052,1,1,80,0,4
addition_instances,M4,6,Repair,1500,0,0.000661604764438052,1,1,80,0,4
addition_instances,M4,6,Repair,2500,0,0.000661604764438052,1,1,80,0,4
addition_instances,M4,7,Restart,500,0.919054769190149,0.00106149877862755,1,1,80,0,4
addition_instances,M4,7,Restart,1000,0.84554123267427,0.00106149877862755,1,1,80,0,4
addition_instances,M4,7,Restart,1500,0.608460869447212,0.00106149877862755,1,1,80,0,4
addition_instances,M4,7,Restart,2500,0.559397960575215,0.00106149877862755,1,1,80,0,4
addition_instances,M4,7,WarmStart,500,0.0957759449199096,0.00106149877862755,1,1,80,0,4
addition_instances,M4,7,WarmStart,1000,0.103057847051636,0.00106149877862755,1,1,80,0,4
addition_instances,M4,7,WarmStart,1500,0.162322369947691,0.00106149877862755,1,1,80,0,4
addition_instances,M4,7,WarmStart,2500,0.146939903036655,0.00106149877862755,1,1,80,0,4
addition_instances,M4,7,Repair,500,0,0.00106149877862755,1,1,80,0,4
addition_instances,M4,7,Repair,1000,0,0.00106149877862755,1,1,80,0,4
addition_instances,M4,7,Repair,1500,0,0.00106149877862755,1,1,80,0,4
addition_instances,M4,7,Repair,2500,0,0.00106149877862755,1,1,80,0,4
addition_instances,M4,8,Restart,500,0.811109011130179,0.000335092330932282,0.75,1,80,0,4
addition_instances,M4,8,Restart,1000,0.508638900361604,0.000335092330932282,0.75,1,80,0,4
addition_instances,M4,8,Restart,1500,0.540786637470259,0.000335092330932282,0.75,1,80,0,4
addition_instances,M4,8,Restart,2500,0.312154312247955,0.000335092330932282,0.75,1,80,0,4
addition_instances,M4,8,WarmStart,500,0.0773042735669826,0.000335092330932282,0.75,1,80,0,4
addition_instances,M4,8,WarmStart,1000,0.180345008402348,0.000335092330932282,0.75,1,80,0,4
addition_instances,M4,8,WarmStart,1500,0.0575751421107701,0.000335092330932282,0.75,1,80,0,4
addition_instances,M4,8,WarmStart,2500,0,0.000335092330932282,0.75,1,80,0,4
addition_instances,M4,8,Repair,500,0,0.000335092330932282,0.75,1,80,0,4
addition_instances,M4,8,Repair,1000,0,0.000335092330932282,0.75,1,80,0,4
addition_instances,M4,8,Repair,1500,0,0.000335092330932282,0.75,1,80,0,4
addition_instances,M4,8,Repair,2500,0,0.000335092330932282,0.75,1,80,0,4
addition_instances,M4,9,Restart,500,0.678274794670336,0.00029503373083734,1,1,80,0,4
addition_instances,M4,9,Restart,1000,0.995653673588375,0.00029503373083734,1,1,80,0,4
addition_instances,M4,9,Restart,1500,0.523959317659683,0.00029503373083734,1,1,80,0,4
addition_instances,M4,9,Restart,2500,0.467970058303355,0.00029503373083734,1,1,80,0,4
addition_instances,M4,9,WarmStart,500,0.0126171775264044,0.00029503373083734,1,1,80,0,4
addition_instances,M4,9,WarmStart,1000,0.17876274670042,0.00029503373083734,1,1,80,0,4
addition_instances,M4,9,WarmStart,1500,0.0126171775264044,0.00029503373083734,1,1,80,0,4
addition_instances,M4,9,WarmStart,2500,0.0268100333546727,0.00029503373083734,1,1,80,0,4
addition_instances,M4,9,Repair,500,0,0.00029503373083734,1,1,80,0,4
addition_instances,M4,9,Repair,1000,0,0.00029503373083734,1,1,80,0,4
addition_instances,M4,9,Repair,1500,0,0.00029503373083734,1,1,80,0,4
addition_instances,M4,9,Repair,2500,0,0.00029503373083734,1,1,80,0,4
addition_instances,M4,10,Restart,500,0.789163872549152,0.000552124907682614,0.5,1,71.4675521287701,0,4
addition_instances,M4,10,Restart,1000,0.669762620338385,0.000552124907682614,0.5,1,71.4675521287701,0,4
addition_instances,M4,10,Restart,1500,0.681274907403501,0.000552124907682614,0.5,1,71.4675521287701,0,4
addition_instances,M4,10,Restart,2500,0.262229483105659,0.000552124907682614,0.5,1,71.4675521287701,0,4
addition_instances,M4,10,WarmStart,500,0.0016564505518729,0.000552124907682614,0.5,1,71.4675521287701,0,4
addition_instances,M4,10,WarmStart,1000,0.0329012966415481,0.000552124907682614,0.5,1,71.4675521287701,0,4
addition_instances,M4,10,WarmStart,1500,0.0016564505518729,0.000552124907682614,0.5,1,71.4675521287701,0,4
addition_instances,M4,10,WarmStart,2500,0.0016564505518729,0.000552124907682614,0.5,1,71.4675521287701,0,4
addition_instances,M4,10,Repair,500,0.0016564505518729,0.000552124907682614,0.5,1,71.4675521287701,0,4
addition_instances,M4,10,Repair,1000,0.0016564505518729,0.000552124907682614,0.5,1,71.4675521287701,0,4
addition_instances,M4,10,Repair,1500,0.0016564505518729,0.000552124907682614,0.5,1,71.4675521287701,0,4
addition_instances,M4,10,Repair,2500,0.0016564505518729,0.000552124907682614,0.5,1,71.4675521287701,0,4
addition_stress_instances,Near,1,Restart,500,0.64442329158056,0.000583995104665499,1,1,35.6036914381914,0,2
addition_stress_instances,Near,1,Restart,1000,0.452481627152343,0.000583995104665499,1,1,35.6036914381914,0,2
addition_stress_instances,Near,1,Restart,1500,0.457990714297765,0.000583995104665499,1,1,35.6036914381914,0,2
addition_stress_instances,Near,1,Restart,2500,0.146178277643515,0.000583995104665499,1,1,35.6036914381914,0,2
addition_stress_instances,Near,1,WarmStart,500,0,0.000583995104665499,1,1,35.6036914381914,0,2
addition_stress_instances,Near,1,WarmStart,1000,0,0.000583995104665499,1,1,35.6036914381914,0,2
addition_stress_instances,Near,1,WarmStart,1500,0,0.000583995104665499,1,1,35.6036914381914,0,2
addition_stress_instances,Near,1,WarmStart,2500,0,0.000583995104665499,1,1,35.6036914381914,0,2
addition_stress_instances,Near,1,Repair,500,0,0.000583995104665499,1,1,35.6036914381914,0,2
addition_stress_instances,Near,1,Repair,1000,0,0.000583995104665499,1,1,35.6036914381914,0,2
addition_stress_instances,Near,1,Repair,1500,0,0.000583995104665499,1,1,35.6036914381914,0,2
addition_stress_instances,Near,1,Repair,2500,0,0.000583995104665499,1,1,35.6036914381914,0,2
addition_stress_instances,Near,2,Restart,500,0.544711507915176,0.228441331246189,1,1,-4.59687489905673,1,2
addition_stress_instances,Near,2,Restart,1000,0.592961308834023,0.228441331246189,1,1,-4.59687489905673,1,2
addition_stress_instances,Near,2,Restart,1500,0.335608573321597,0.228441331246189,1,1,-4.59687489905673,1,2
addition_stress_instances,Near,2,Restart,2500,0,0.228441331246189,1,1,-4.59687489905673,1,2
addition_stress_instances,Near,2,WarmStart,500,0.0859716362499634,0.228441331246189,1,1,-4.59687489905673,1,2
addition_stress_instances,Near,2,WarmStart,1000,0.0859716362499634,0.228441331246189,1,1,-4.59687489905673,1,2
addition_stress_instances,Near,2,WarmStart,1500,0.0859716362499634,0.228441331246189,1,1,-4.59687489905673,1,2
addition_stress_instances,Near,2,WarmStart,2500,0.0859716362499634,0.228441331246189,1,1,-4.59687489905673,1,2
addition_stress_instances,Near,2,Repair,500,0.159970867071583,0.228441331246189,1,1,-4.59687489905673,1,2
addition_stress_instances,Near,2,Repair,1000,0.159970867071583,0.228441331246189,1,1,-4.59687489905673,1,2
addition_stress_instances,Near,2,Repair,1500,0.159970867071583,0.228441331246189,1,1,-4.59687489905673,1,2
addition_stress_instances,Near,2,Repair,2500,0.159970867071583,0.228441331246189,1,1,-4.59687489905673,1,2
addition_stress_instances,Near,3,Restart,500,0.968305193531258,0.000837467198218211,1,1,42.890651976401,0,2
addition_stress_instances,Near,3,Restart,1000,0.643129190048199,0.000837467198218211,1,1,42.890651976401,0,2
addition_stress_instances,Near,3,Restart,1500,0.320377373306471,0.000837467198218211,1,1,42.890651976401,0,2
addition_stress_instances,Near,3,Restart,2500,0.343940253236977,0.000837467198218211,1,1,42.890651976401,0,2
addition_stress_instances,Near,3,WarmStart,500,0,0.000837467198218211,1,1,42.890651976401,0,2
addition_stress_instances,Near,3,WarmStart,1000,0,0.000837467198218211,1,1,42.890651976401,0,2
addition_stress_instances,Near,3,WarmStart,1500,0,0.000837467198218211,1,1,42.890651976401,0,2
addition_stress_instances,Near,3,WarmStart,2500,0,0.000837467198218211,1,1,42.890651976401,0,2
addition_stress_instances,Near,3,Repair,500,0,0.000837467198218211,1,1,42.890651976401,0,2
addition_stress_instances,Near,3,Repair,1000,0,0.000837467198218211,1,1,42.890651976401,0,2
addition_stress_instances,Near,3,Repair,1500,0,0.000837467198218211,1,1,42.890651976401,0,2
addition_stress_instances,Near,3,Repair,2500,0,0.000837467198218211,1,1,42.890651976401,0,2
addition_stress_instances,Near,4,Restart,500,0.747876173584225,0.0741278546780723,1,1,18.5463612583983,1,2
addition_stress_instances,Near,4,Restart,1000,0.257431997430845,0.0741278546780723,1,1,18.5463612583983,1,2
addition_stress_instances,Near,4,Restart,1500,0.243755116269537,0.0741278546780723,1,1,18.5463612583983,1,2
addition_stress_instances,Near,4,Restart,2500,0.00695107532219487,0.0741278546780723,1,1,18.5463612583983,1,2
addition_stress_instances,Near,4,WarmStart,500,0.0455875830152152,0.0741278546780723,1,1,18.5463612583983,1,2
addition_stress_instances,Near,4,WarmStart,1000,0,0.0741278546780723,1,1,18.5463612583983,1,2
addition_stress_instances,Near,4,WarmStart,1500,0,0.0741278546780723,1,1,18.5463612583983,1,2
addition_stress_instances,Near,4,WarmStart,2500,0,0.0741278546780723,1,1,18.5463612583983,1,2
addition_stress_instances,Near,4,Repair,500,0.00545757817417225,0.0741278546780723,1,1,18.5463612583983,1,2
addition_stress_instances,Near,4,Repair,1000,0.00545757817417225,0.0741278546780723,1,1,18.5463612583983,1,2
addition_stress_instances,Near,4,Repair,1500,0.00545757817417225,0.0741278546780723,1,1,18.5463612583983,1,2
addition_stress_instances,Near,4,Repair,2500,0.00545757817417225,0.0741278546780723,1,1,18.5463612583983,1,2
addition_stress_instances,Near,5,Restart,500,0.734724917955629,0.0485378965382577,1,1,76.6162934767557,0,2
addition_stress_instances,Near,5,Restart,1000,0.450466284198468,0.0485378965382577,1,1,76.6162934767557,0,2
addition_stress_instances,Near,5,Restart,1500,0.336907510759964,0.0485378965382577,1,1,76.6162934767557,0,2
addition_stress_instances,Near,5,Restart,2500,0.28055136708562,0.0485378965382577,1,1,76.6162934767557,0,2
addition_stress_instances,Near,5,WarmStart,500,0,0.0485378965382577,1,1,76.6162934767557,0,2
addition_stress_instances,Near,5,WarmStart,1000,0,0.0485378965382577,1,1,76.6162934767557,0,2
addition_stress_instances,Near,5,WarmStart,1500,0,0.0485378965382577,1,1,76.6162934767557,0,2
addition_stress_instances,Near,5,WarmStart,2500,0,0.0485378965382577,1,1,76.6162934767557,0,2
addition_stress_instances,Near,5,Repair,500,0,0.0485378965382577,1,1,76.6162934767557,0,2
addition_stress_instances,Near,5,Repair,1000,0,0.0485378965382577,1,1,76.6162934767557,0,2
addition_stress_instances,Near,5,Repair,1500,0,0.0485378965382577,1,1,76.6162934767557,0,2
addition_stress_instances,Near,5,Repair,2500,0,0.0485378965382577,1,1,76.6162934767557,0,2
addition_stress_instances,Far,1,Restart,500,0.946146184442726,0.180259328269142,1,1,49.7317931153106,0,2
addition_stress_instances,Far,1,Restart,1000,0.411406867171853,0.180259328269142,1,1,49.7317931153106,0,2
addition_stress_instances,Far,1,Restart,1500,0.273710986273124,0.180259328269142,1,1,49.7317931153106,0,2
addition_stress_instances,Far,1,Restart,2500,0.28632653634922,0.180259328269142,1,1,49.7317931153106,0,2
addition_stress_instances,Far,1,WarmStart,500,0,0.180259328269142,1,1,49.7317931153106,0,2
addition_stress_instances,Far,1,WarmStart,1000,0,0.180259328269142,1,1,49.7317931153106,0,2
addition_stress_instances,Far,1,WarmStart,1500,0,0.180259328269142,1,1,49.7317931153106,0,2
addition_stress_instances,Far,1,WarmStart,2500,0,0.180259328269142,1,1,49.7317931153106,0,2
addition_stress_instances,Far,1,Repair,500,0,0.180259328269142,1,1,49.7317931153106,0,2
addition_stress_instances,Far,1,Repair,1000,0,0.180259328269142,1,1,49.7317931153106,0,2
addition_stress_instances,Far,1,Repair,1500,0,0.180259328269142,1,1,49.7317931153106,0,2
addition_stress_instances,Far,1,Repair,2500,0,0.180259328269142,1,1,49.7317931153106,0,2
addition_stress_instances,Far,2,Restart,500,0.803552498745236,0.17570209059769,1,1,48.5856557401993,0,2
addition_stress_instances,Far,2,Restart,1000,0.452665485245759,0.17570209059769,1,1,48.5856557401993,0,2
addition_stress_instances,Far,2,Restart,1500,0.206654441254047,0.17570209059769,1,1,48.5856557401993,0,2
addition_stress_instances,Far,2,Restart,2500,0.332749376220045,0.17570209059769,1,1,48.5856557401993,0,2
addition_stress_instances,Far,2,WarmStart,500,0,0.17570209059769,1,1,48.5856557401993,0,2
addition_stress_instances,Far,2,WarmStart,1000,0,0.17570209059769,1,1,48.5856557401993,0,2
addition_stress_instances,Far,2,WarmStart,1500,0,0.17570209059769,1,1,48.5856557401993,0,2
addition_stress_instances,Far,2,WarmStart,2500,0,0.17570209059769,1,1,48.5856557401993,0,2
addition_stress_instances,Far,2,Repair,500,0,0.17570209059769,1,1,48.5856557401993,0,2
addition_stress_instances,Far,2,Repair,1000,0,0.17570209059769,1,1,48.5856557401993,0,2
addition_stress_instances,Far,2,Repair,1500,0,0.17570209059769,1,1,48.5856557401993,0,2
addition_stress_instances,Far,2,Repair,2500,0,0.17570209059769,1,1,48.5856557401993,0,2
addition_stress_instances,Far,3,Restart,500,0.672679481860696,0.185446050497687,1,1,122.231794461981,0,2
addition_stress_instances,Far,3,Restart,1000,0.377525568582453,0.185446050497687,1,1,122.231794461981,0,2
addition_stress_instances,Far,3,Restart,1500,0.361630378452682,0.185446050497687,1,1,122.231794461981,0,2
addition_stress_instances,Far,3,Restart,2500,0.191608173107545,0.185446050497687,1,1,122.231794461981,0,2
addition_stress_instances,Far,3,WarmStart,500,0,0.185446050497687,1,1,122.231794461981,0,2
addition_stress_instances,Far,3,WarmStart,1000,0,0.185446050497687,1,1,122.231794461981,0,2
addition_stress_instances,Far,3,WarmStart,1500,0,0.185446050497687,1,1,122.231794461981,0,2
addition_stress_instances,Far,3,WarmStart,2500,0,0.185446050497687,1,1,122.231794461981,0,2
addition_stress_instances,Far,3,Repair,500,0,0.185446050497687,1,1,122.231794461981,0,2
addition_stress_instances,Far,3,Repair,1000,0,0.185446050497687,1,1,122.231794461981,0,2
addition_stress_instances,Far,3,Repair,1500,0,0.185446050497687,1,1,122.231794461981,0,2
addition_stress_instances,Far,3,Repair,2500,0,0.185446050497687,1,1,122.231794461981,0,2
addition_stress_instances,Far,4,Restart,500,0.520769984878507,0.180062722199903,1,1,156.106435524659,0,2
addition_stress_instances,Far,4,Restart,1000,0.289070905815967,0.180062722199903,1,1,156.106435524659,0,2
addition_stress_instances,Far,4,Restart,1500,0.209728731026843,0.180062722199903,1,1,156.106435524659,0,2
addition_stress_instances,Far,4,Restart,2500,0.344459662347761,0.180062722199903,1,1,156.106435524659,0,2
addition_stress_instances,Far,4,WarmStart,500,0,0.180062722199903,1,1,156.106435524659,0,2
addition_stress_instances,Far,4,WarmStart,1000,0,0.180062722199903,1,1,156.106435524659,0,2
addition_stress_instances,Far,4,WarmStart,1500,0,0.180062722199903,1,1,156.106435524659,0,2
addition_stress_instances,Far,4,WarmStart,2500,0,0.180062722199903,1,1,156.106435524659,0,2
addition_stress_instances,Far,4,Repair,500,0,0.180062722199903,1,1,156.106435524659,0,2
addition_stress_instances,Far,4,Repair,1000,0,0.180062722199903,1,1,156.106435524659,0,2
addition_stress_instances,Far,4,Repair,1500,0,0.180062722199903,1,1,156.106435524659,0,2
addition_stress_instances,Far,4,Repair,2500,0,0.180062722199903,1,1,156.106435524659,0,2
addition_stress_instances,Far,5,Restart,500,0.642805713984665,0.155162331050455,1,1,15.5524953274134,1,2
addition_stress_instances,Far,5,Restart,1000,0.41747119539029,0.155162331050455,1,1,15.5524953274134,1,2
addition_stress_instances,Far,5,Restart,1500,0.469834931741538,0.155162331050455,1,1,15.5524953274134,1,2
addition_stress_instances,Far,5,Restart,2500,0.269595259343093,0.155162331050455,1,1,15.5524953274134,1,2
addition_stress_instances,Far,5,WarmStart,500,0,0.155162331050455,1,1,15.5524953274134,1,2
addition_stress_instances,Far,5,WarmStart,1000,0,0.155162331050455,1,1,15.5524953274134,1,2
addition_stress_instances,Far,5,WarmStart,1500,0,0.155162331050455,1,1,15.5524953274134,1,2
addition_stress_instances,Far,5,WarmStart,2500,0,0.155162331050455,1,1,15.5524953274134,1,2
addition_stress_instances,Far,5,Repair,500,0,0.155162331050455,1,1,15.5524953274134,1,2
addition_stress_instances,Far,5,Repair,1000,0,0.155162331050455,1,1,15.5524953274134,1,2
addition_stress_instances,Far,5,Repair,1500,0,0.155162331050455,1,1,15.5524953274134,1,2
addition_stress_instances,Far,5,Repair,2500,0,0.155162331050455,1,1,15.5524953274134,1,2
addition_stress_instances,Tight,1,Restart,500,0.559798075644578,0.23038888553521,1,1,1.21763003963599,1,2
addition_stress_instances,Tight,1,Restart,1000,0.0571294984892048,0.23038888553521,1,1,1.21763003963599,1,2
addition_stress_instances,Tight,1,Restart,1500,0.199101911309824,0.23038888553521,1,1,1.21763003963599,1,2
addition_stress_instances,Tight,1,Restart,2500,0.12000641195091,0.23038888553521,1,1,1.21763003963599,1,2
addition_stress_instances,Tight,1,WarmStart,500,0.00717438019398561,0.23038888553521,1,1,1.21763003963599,1,2
addition_stress_instances,Tight,1,WarmStart,1000,0.00717438019398561,0.23038888553521,1,1,1.21763003963599,1,2
addition_stress_instances,Tight,1,WarmStart,1500,0,0.23038888553521,1,1,1.21763003963599,1,2
addition_stress_instances,Tight,1,WarmStart,2500,0,0.23038888553521,1,1,1.21763003963599,1,2
addition_stress_instances,Tight,1,Repair,500,0.00989528312301959,0.23038888553521,1,1,1.21763003963599,1,2
addition_stress_instances,Tight,1,Repair,1000,0.00989528312301959,0.23038888553521,1,1,1.21763003963599,1,2
addition_stress_instances,Tight,1,Repair,1500,0.00989528312301959,0.23038888553521,1,1,1.21763003963599,1,2
addition_stress_instances,Tight,1,Repair,2500,0.00989528312301959,0.23038888553521,1,1,1.21763003963599,1,2
addition_stress_instances,Tight,2,Restart,500,0.587001955906994,0.0690803838840778,1,1,44.4594717054911,0,2
addition_stress_instances,Tight,2,Restart,1000,0.698714798070353,0.0690803838840778,1,1,44.4594717054911,0,2
addition_stress_instances,Tight,2,Restart,1500,0.415226775753174,0.0690803838840778,1,1,44.4594717054911,0,2
addition_stress_instances,Tight,2,Restart,2500,0.162955669419753,0.0690803838840778,1,1,44.4594717054911,0,2
addition_stress_instances,Tight,2,WarmStart,500,0,0.0690803838840778,1,1,44.4594717054911,0,2
addition_stress_instances,Tight,2,WarmStart,1000,0,0.0690803838840778,1,1,44.4594717054911,0,2
addition_stress_instances,Tight,2,WarmStart,1500,0,0.0690803838840778,1,1,44.4594717054911,0,2
addition_stress_instances,Tight,2,WarmStart,2500,0,0.0690803838840778,1,1,44.4594717054911,0,2
addition_stress_instances,Tight,2,Repair,500,0,0.0690803838840778,1,1,44.4594717054911,0,2
addition_stress_instances,Tight,2,Repair,1000,0,0.0690803838840778,1,1,44.4594717054911,0,2
addition_stress_instances,Tight,2,Repair,1500,0,0.0690803838840778,1,1,44.4594717054911,0,2
addition_stress_instances,Tight,2,Repair,2500,0,0.0690803838840778,1,1,44.4594717054911,0,2
addition_stress_instances,Tight,3,Restart,500,0.661010993987929,0.00101665679387863,1,1,29.8060492219763,1,2
addition_stress_instances,Tight,3,Restart,1000,0.634346637555465,0.00101665679387863,1,1,29.8060492219763,1,2
addition_stress_instances,Tight,3,Restart,1500,0.383122476273111,0.00101665679387863,1,1,29.8060492219763,1,2
addition_stress_instances,Tight,3,Restart,2500,0.317090290422031,0.00101665679387863,1,1,29.8060492219763,1,2
addition_stress_instances,Tight,3,WarmStart,500,0,0.00101665679387863,1,1,29.8060492219763,1,2
addition_stress_instances,Tight,3,WarmStart,1000,0,0.00101665679387863,1,1,29.8060492219763,1,2
addition_stress_instances,Tight,3,WarmStart,1500,0,0.00101665679387863,1,1,29.8060492219763,1,2
addition_stress_instances,Tight,3,WarmStart,2500,0,0.00101665679387863,1,1,29.8060492219763,1,2
addition_stress_instances,Tight,3,Repair,500,0,0.00101665679387863,1,1,29.8060492219763,1,2
addition_stress_instances,Tight,3,Repair,1000,0,0.00101665679387863,1,1,29.8060492219763,1,2
addition_stress_instances,Tight,3,Repair,1500,0,0.00101665679387863,1,1,29.8060492219763,1,2
addition_stress_instances,Tight,3,Repair,2500,0,0.00101665679387863,1,1,29.8060492219763,1,2
addition_stress_instances,Tight,4,Restart,500,0.690010987864201,0.0832444200272005,1,1,32.2221057732316,0,2
addition_stress_instances,Tight,4,Restart,1000,0.34403475243509,0.0832444200272005,1,1,32.2221057732316,0,2
addition_stress_instances,Tight,4,Restart,1500,0.297341061647725,0.0832444200272005,1,1,32.2221057732316,0,2
addition_stress_instances,Tight,4,Restart,2500,0.41537359973406,0.0832444200272005,1,1,32.2221057732316,0,2
addition_stress_instances,Tight,4,WarmStart,500,0,0.0832444200272005,1,1,32.2221057732316,0,2
addition_stress_instances,Tight,4,WarmStart,1000,0,0.0832444200272005,1,1,32.2221057732316,0,2
addition_stress_instances,Tight,4,WarmStart,1500,0,0.0832444200272005,1,1,32.2221057732316,0,2
addition_stress_instances,Tight,4,WarmStart,2500,0,0.0832444200272005,1,1,32.2221057732316,0,2
addition_stress_instances,Tight,4,Repair,500,0,0.0832444200272005,1,1,32.2221057732316,0,2
addition_stress_instances,Tight,4,Repair,1000,0,0.0832444200272005,1,1,32.2221057732316,0,2
addition_stress_instances,Tight,4,Repair,1500,0,0.0832444200272005,1,1,32.2221057732316,0,2
addition_stress_instances,Tight,4,Repair,2500,0,0.0832444200272005,1,1,32.2221057732316,0,2
addition_stress_instances,Tight,5,Restart,500,0.951062474086647,0.000519163238815606,1,1,13.9592106391795,2,2
addition_stress_instances,Tight,5,Restart,1000,0.608174193174242,0.000519163238815606,1,1,13.9592106391795,2,2
addition_stress_instances,Tight,5,Restart,1500,0.319680758364844,0.000519163238815606,1,1,13.9592106391795,2,2
addition_stress_instances,Tight,5,Restart,2500,0.279429932790703,0.000519163238815606,1,1,13.9592106391795,2,2
addition_stress_instances,Tight,5,WarmStart,500,0,0.000519163238815606,1,1,13.9592106391795,2,2
addition_stress_instances,Tight,5,WarmStart,1000,0,0.000519163238815606,1,1,13.9592106391795,2,2
addition_stress_instances,Tight,5,WarmStart,1500,0,0.000519163238815606,1,1,13.9592106391795,2,2
addition_stress_instances,Tight,5,WarmStart,2500,0,0.000519163238815606,1,1,13.9592106391795,2,2
addition_stress_instances,Tight,5,Repair,500,0,0.000519163238815606,1,1,13.9592106391795,2,2
addition_stress_instances,Tight,5,Repair,1000,0,0.000519163238815606,1,1,13.9592106391795,2,2
addition_stress_instances,Tight,5,Repair,1500,0,0.000519163238815606,1,1,13.9592106391795,2,2
addition_stress_instances,Tight,5,Repair,2500,0,0.000519163238815606,1,1,13.9592106391795,2,2
