instance,nCustomers,method,seed,budget_factor,budget_fe,actual_fe,total_late,is_feasible,first_feasible_fe,tour_cost,gap_to_bks,feedback_updates
rc_201.1,19,PSO,980101,25,475,475,548.7994,0,NaN,608.6231,NaN,0
rc_201.1,19,FixedRelocate,980101,25,475,475,361.2392,0,NaN,621.3262,NaN,0
rc_201.1,19,StateSwitch,980101,25,475,475,0,1,439,492.7424,0.108432087101273,0
rc_201.1,19,Feedback,980101,25,475,475,361.2392,0,NaN,621.3262,NaN,9
rc_201.1,19,Full,980101,25,475,475,0,1,439,492.7424,0.108432087101273,11
rc_201.1,19,PSO,980101,50,950,950,483.0665,0,NaN,570.6045,NaN,0
rc_201.1,19,FixedRelocate,980101,50,950,950,0,1,879,522.9484,0.176380978089711,0
rc_201.1,19,StateSwitch,980101,50,950,950,0,1,439,453.3787,0.0198828001979573,0
rc_201.1,19,Feedback,980101,50,950,950,0,1,879,522.9484,0.176380978089711,14
rc_201.1,19,Full,980101,50,950,950,0,1,439,453.3787,0.0198828001979573,15
rc_201.1,19,PSO,980101,100,1900,1900,483.0665,0,NaN,557.3209,NaN,0
rc_201.1,19,FixedRelocate,980101,100,1900,1900,0,1,879,449.893,0.0120416610428758,0
rc_201.1,19,StateSwitch,980101,100,1900,1900,0,1,439,444.5425,5.62379088495462e-06,0
rc_201.1,19,Feedback,980101,100,1900,1900,0,1,879,449.893,0.0120416610428758,17
rc_201.1,19,Full,980101,100,1900,1900,0,1,439,444.5425,5.62379088495462e-06,16
rc_201.1,19,PSO,980102,25,475,475,571.3201,0,NaN,625.852,NaN,0
rc_201.1,19,FixedRelocate,980102,25,475,475,330.2015,0,NaN,607.5988,NaN,0
rc_201.1,19,StateSwitch,980102,25,475,475,0,1,318,509.0546,0.145126647770729,0
rc_201.1,19,Feedback,980102,25,475,475,330.2015,0,NaN,607.5988,NaN,10
rc_201.1,19,Full,980102,25,475,475,0,1,318,509.0546,0.145126647770729,8
rc_201.1,19,PSO,980102,50,950,950,445.428,0,NaN,631.6852,NaN,0
rc_201.1,19,FixedRelocate,980102,50,950,950,279.5907,0,NaN,585.814,NaN,0
rc_201.1,19,StateSwitch,980102,50,950,950,0,1,318,470.0866,0.0574674944886848,0
rc_201.1,19,Feedback,980102,50,950,950,279.5907,0,NaN,585.814,NaN,14
rc_201.1,19,Full,980102,50,950,950,0,1,318,470.0866,0.0574674944886848,10
rc_201.1,19,PSO,980102,100,1900,1900,442.1025,0,NaN,625.0887,NaN,0
rc_201.1,19,FixedRelocate,980102,100,1900,1900,0,1,1632,461.1626,0.0373928105457325,0
rc_201.1,19,StateSwitch,980102,100,1900,1900,0,1,318,444.5425,5.62379088495462e-06,0
rc_201.1,19,Feedback,980102,100,1900,1900,0,1,1632,461.1626,0.0373928105457325,21
rc_201.1,19,Full,980102,100,1900,1900,0,1,318,444.5425,5.62379088495462e-06,12
rc_201.1,19,PSO,980103,25,475,475,824.1888,0,NaN,646.3166,NaN,0
rc_201.1,19,FixedRelocate,980103,25,475,475,1557.1674,0,NaN,626.053,NaN,0
rc_201.1,19,StateSwitch,980103,25,475,475,0,1,392,463.7196,0.0431448238628695,0
rc_201.1,19,Feedback,980103,25,475,475,1557.1674,0,NaN,626.053,NaN,8
rc_201.1,19,Full,980103,25,475,475,0,1,392,463.7196,0.0431448238628695,10
rc_201.1,19,PSO,980103,50,950,950,538.8022,0,NaN,654.0876,NaN,0
rc_201.1,19,FixedRelocate,980103,50,950,950,1217.8416,0,NaN,592.5494,NaN,0
rc_201.1,19,StateSwitch,980103,50,950,950,0,1,392,447.2877,0.00618099608584144,0
rc_201.1,19,Feedback,980103,50,950,950,1217.8416,0,NaN,592.5494,NaN,16
rc_201.1,19,Full,980103,50,950,950,0,1,392,447.2877,0.00618099608584144,13
rc_201.1,19,PSO,980103,100,1900,1900,535.7902,0,NaN,651.0756,NaN,0
rc_201.1,19,FixedRelocate,980103,100,1900,1900,106.4372,0,NaN,507.2271,NaN,0
rc_201.1,19,StateSwitch,980103,100,1900,1900,0,1,392,447.2877,0.00618099608584144,0
rc_201.1,19,Feedback,980103,100,1900,1900,106.4372,0,NaN,507.2271,NaN,27
rc_201.1,19,Full,980103,100,1900,1900,0,1,392,447.2877,0.00618099608584144,13
rc_201.1,19,PSO,980104,25,475,475,470.6333,0,NaN,555.3768,NaN,0
rc_201.1,19,FixedRelocate,980104,25,475,475,1197.1002,0,NaN,658.9177,NaN,0
rc_201.1,19,StateSwitch,980104,25,475,475,10.0573999999999,0,NaN,543.0595,NaN,0
rc_201.1,19,Feedback,980104,25,475,475,1197.1002,0,NaN,658.9177,NaN,10
rc_201.1,19,Full,980104,25,475,475,10.0573999999999,0,NaN,543.0595,NaN,12
rc_201.1,19,PSO,980104,50,950,950,285,0,NaN,523.3301,NaN,0
rc_201.1,19,FixedRelocate,980104,50,950,950,25.2728999999999,0,NaN,555.6147,NaN,0
rc_201.1,19,StateSwitch,980104,50,950,950,0,1,562,501.5217,0.128181266027804,0
rc_201.1,19,Feedback,980104,50,950,950,25.2728999999999,0,NaN,555.6147,NaN,19
rc_201.1,19,Full,980104,50,950,950,0,1,562,501.5217,0.128181266027804,18
rc_201.1,19,PSO,980104,100,1900,1900,285,0,NaN,523.3301,NaN,0
rc_201.1,19,FixedRelocate,980104,100,1900,1900,0,1,1077,444.5425,5.62379088495462e-06,0
rc_201.1,19,StateSwitch,980104,100,1900,1900,0,1,562,444.5425,5.62379088495462e-06,0
rc_201.1,19,Feedback,980104,100,1900,1900,0,1,1077,444.5425,5.62379088495462e-06,26
rc_201.1,19,Full,980104,100,1900,1900,0,1,562,444.5425,5.62379088495462e-06,20
rc_201.1,19,PSO,980105,25,475,475,679.2659,0,NaN,538.1152,NaN,0
rc_201.1,19,FixedRelocate,980105,25,475,475,173.5571,0,NaN,473.3022,NaN,0
rc_201.1,19,StateSwitch,980105,25,475,475,0,1,398,490.9298,0.104354613758042,0
rc_201.1,19,Feedback,980105,25,475,475,173.5571,0,NaN,473.3022,NaN,10
rc_201.1,19,Full,980105,25,475,475,0,1,398,490.9298,0.104354613758042,11
rc_201.1,19,PSO,980105,50,950,950,618.1674,0,NaN,520.8255,NaN,0
rc_201.1,19,FixedRelocate,980105,50,950,950,122.0799,0,NaN,475.1265,NaN,0
rc_201.1,19,StateSwitch,980105,50,950,950,0,1,398,453.0497,0.0191427093174965,0
rc_201.1,19,Feedback,980105,50,950,950,122.0799,0,NaN,475.1265,NaN,13
rc_201.1,19,Full,980105,50,950,950,0,1,398,453.0497,0.0191427093174965,14
rc_201.1,19,PSO,980105,100,1900,1900,618.1674,0,NaN,520.8255,NaN,0
rc_201.1,19,FixedRelocate,980105,100,1900,1900,0,1,1386,449.3752,0.0108768614747828,0
rc_201.1,19,StateSwitch,980105,100,1900,1900,0,1,398,444.5425,5.62379088495462e-06,0
rc_201.1,19,Feedback,980105,100,1900,1900,0,1,1386,449.3752,0.0108768614747828,19
rc_201.1,19,Full,980105,100,1900,1900,0,1,398,444.5425,5.62379088495462e-06,16
rc_201.1,19,PSO,980106,25,475,475,292.4202,0,NaN,636.5359,NaN,0
rc_201.1,19,FixedRelocate,980106,25,475,475,305.0281,0,NaN,606.5803,NaN,0
rc_201.1,19,StateSwitch,980106,25,475,475,0,1,432,571.6308,0.285892833040896,0
rc_201.1,19,Feedback,980106,25,475,475,305.0281,0,NaN,606.5803,NaN,6
rc_201.1,19,Full,980106,25,475,475,0,1,432,571.6308,0.285892833040896,11
rc_201.1,19,PSO,980106,50,950,950,285,0,NaN,594.0994,NaN,0
rc_201.1,19,FixedRelocate,980106,50,950,950,57.1608,0,NaN,569.9526,NaN,0
rc_201.1,19,StateSwitch,980106,50,950,950,0,1,432,464.7119,0.0453770189409274,0
rc_201.1,19,Feedback,980106,50,950,950,57.1608,0,NaN,569.9526,NaN,10
rc_201.1,19,Full,980106,50,950,950,0,1,432,464.7119,0.0453770189409274,15
rc_201.1,19,PSO,980106,100,1900,1900,285,0,NaN,585.9998,NaN,0
rc_201.1,19,FixedRelocate,980106,100,1900,1900,0,1,1241,470.1647,0.0576431817159309,0
rc_201.1,19,StateSwitch,980106,100,1900,1900,0,1,432,445.3805,0.00189071849552338,0
rc_201.1,19,Feedback,980106,100,1900,1900,0,1,1241,470.1647,0.0576431817159309,15
rc_201.1,19,Full,980106,100,1900,1900,0,1,432,445.3805,0.00189071849552338,18
rc_201.1,19,PSO,980107,25,475,475,1354.3275,0,NaN,612.4711,NaN,0
rc_201.1,19,FixedRelocate,980107,25,475,475,768.4437,0,NaN,608.1124,NaN,0
rc_201.1,19,StateSwitch,980107,25,475,475,0,1,470,558.6237,0.256633148872992,0
rc_201.1,19,Feedback,980107,25,475,475,768.4437,0,NaN,608.1124,NaN,10
rc_201.1,19,Full,980107,25,475,475,0,1,470,558.6237,0.256633148872992,12
rc_201.1,19,PSO,980107,50,950,950,1257.4248,0,NaN,612.2871,NaN,0
rc_201.1,19,FixedRelocate,980107,50,950,950,337.6207,0,NaN,563.7102,NaN,0
rc_201.1,19,StateSwitch,980107,50,950,950,0,1,470,453.1696,0.0194124263283395,0
rc_201.1,19,Feedback,980107,50,950,950,337.6207,0,NaN,563.7102,NaN,20
rc_201.1,19,Full,980107,50,950,950,0,1,470,453.1696,0.0194124263283395,19
rc_201.1,19,PSO,980107,100,1900,1900,1232.4939,0,NaN,587.3562,NaN,0
rc_201.1,19,FixedRelocate,980107,100,1900,1900,0,1,1524,449.055,0.0101565663382371,0
rc_201.1,19,StateSwitch,980107,100,1900,1900,0,1,470,445.3805,0.00189071849552338,0
rc_201.1,19,Feedback,980107,100,1900,1900,0,1,1524,449.055,0.0101565663382371,30
rc_201.1,19,Full,980107,100,1900,1900,0,1,470,445.3805,0.00189071849552338,22
rc_201.1,19,PSO,980108,25,475,475,1229.7437,0,NaN,617.36,NaN,0
rc_201.1,19,FixedRelocate,980108,25,475,475,386.6924,0,NaN,520.1166,NaN,0
rc_201.1,19,StateSwitch,980108,25,475,475,7.5711,0,NaN,578.0648,NaN,0
rc_201.1,19,Feedback,980108,25,475,475,386.6924,0,NaN,520.1166,NaN,10
rc_201.1,19,Full,980108,25,475,475,7.5711,0,NaN,578.0648,NaN,11
rc_201.1,19,PSO,980108,50,950,950,1229.7437,0,NaN,612.4041,NaN,0
rc_201.1,19,FixedRelocate,980108,50,950,950,0,1,911,537.5693,0.209270931749674,0
rc_201.1,19,StateSwitch,980108,50,950,950,0,1,476,483.587,0.087836865074009,0
rc_201.1,19,Feedback,980108,50,950,950,0,1,911,537.5693,0.209270931749674,19
rc_201.1,19,Full,980108,50,950,950,0,1,476,483.587,0.087836865074009,17
rc_201.1,19,PSO,980108,100,1900,1900,1229.7437,0,NaN,612.4041,NaN,0
rc_201.1,19,FixedRelocate,980108,100,1900,1900,0,1,911,450.4244,0.0132370540333828,0
rc_201.1,19,StateSwitch,980108,100,1900,1900,0,1,476,444.5425,5.62379088495462e-06,0
rc_201.1,19,Feedback,980108,100,1900,1900,0,1,911,450.4244,0.0132370540333828,22
rc_201.1,19,Full,980108,100,1900,1900,0,1,476,444.5425,5.62379088495462e-06,20
rc_201.1,19,PSO,980109,25,475,475,0,1,439,534.8221,0.203091060422009,0
rc_201.1,19,FixedRelocate,980109,25,475,475,385.7653,0,NaN,656.8422,NaN,0
rc_201.1,19,StateSwitch,980109,25,475,475,0,1,316,499.1365,0.122815719620281,0
rc_201.1,19,Feedback,980109,25,475,475,385.7653,0,NaN,656.8422,NaN,10
rc_201.1,19,Full,980109,25,475,475,0,1,316,499.1365,0.122815719620281,11
rc_201.1,19,PSO,980109,50,950,950,0,1,439,527.841,0.187386961803212,0
rc_201.1,19,FixedRelocate,980109,50,950,950,229.3839,0,NaN,620.8076,NaN,0
rc_201.1,19,StateSwitch,980109,50,950,950,0,1,316,444.5425,5.62379088495462e-06,0
rc_201.1,19,Feedback,980109,50,950,950,229.3839,0,NaN,620.8076,NaN,18
rc_201.1,19,Full,980109,50,950,950,0,1,316,444.5425,5.62379088495462e-06,12
rc_201.1,19,PSO,980109,100,1900,1900,0,1,439,527.841,0.187386961803212,0
rc_201.1,19,FixedRelocate,980109,100,1900,1900,0,1,1020,445.3805,0.00189071849552338,0
rc_201.1,19,StateSwitch,980109,100,1900,1900,0,1,316,444.5425,5.62379088495462e-06,0
rc_201.1,19,Feedback,980109,100,1900,1900,0,1,1020,445.3805,0.00189071849552338,23
rc_201.1,19,Full,980109,100,1900,1900,0,1,316,444.5425,5.62379088495462e-06,12
rc_201.1,19,PSO,980110,25,475,475,2876.8909,0,NaN,668.5337,NaN,0
rc_201.1,19,FixedRelocate,980110,25,475,475,1028.7923,0,NaN,642.1331,NaN,0
rc_201.1,19,StateSwitch,980110,25,475,475,49.966,0,NaN,592.6093,NaN,0
rc_201.1,19,Feedback,980110,25,475,475,1028.7923,0,NaN,642.1331,NaN,7
rc_201.1,19,Full,980110,25,475,475,49.966,0,NaN,592.6093,NaN,11
rc_201.1,19,PSO,980110,50,950,950,2632.7894,0,NaN,666.9598,NaN,0
rc_201.1,19,FixedRelocate,980110,50,950,950,334.7076,0,NaN,533.7723,NaN,0
rc_201.1,19,StateSwitch,980110,50,950,950,0,1,477,452.7116,0.0183821478382147,0
rc_201.1,19,Feedback,980110,50,950,950,334.7076,0,NaN,533.7723,NaN,14
rc_201.1,19,Full,980110,50,950,950,0,1,477,452.7116,0.0183821478382147,19
rc_201.1,19,PSO,980110,100,1900,1900,2632.7894,0,NaN,666.9598,NaN,0
rc_201.1,19,FixedRelocate,980110,100,1900,1900,0,1,1488,445.3805,0.00189071849552338,0
rc_201.1,19,StateSwitch,980110,100,1900,1900,0,1,477,445.3805,0.00189071849552338,0
rc_201.1,19,Feedback,980110,100,1900,1900,0,1,1488,445.3805,0.00189071849552338,18
rc_201.1,19,Full,980110,100,1900,1900,0,1,477,445.3805,0.00189071849552338,19
rc_201.3,31,PSO,980201,25,775,775,6516.3312,0,NaN,1108.7956,NaN,0
rc_201.3,31,FixedRelocate,980201,25,775,775,6006.8608,0,NaN,1136.3965,NaN,0
rc_201.3,31,StateSwitch,980201,25,775,775,2335.4012,0,NaN,1041.8048,NaN,0
rc_201.3,31,Feedback,980201,25,775,775,6006.8608,0,NaN,1136.3965,NaN,13
rc_201.3,31,Full,980201,25,775,775,2335.4012,0,NaN,1041.8048,NaN,15
rc_201.3,31,PSO,980201,50,1550,1550,5274.6372,0,NaN,1043.6756,NaN,0
rc_201.3,31,FixedRelocate,980201,50,1550,1550,2442.7904,0,NaN,949.2072,NaN,0
rc_201.3,31,StateSwitch,980201,50,1550,1550,203.0632,0,NaN,894.5165,NaN,0
rc_201.3,31,Feedback,980201,50,1550,1550,2442.7904,0,NaN,949.2072,NaN,24
rc_201.3,31,Full,980201,50,1550,1550,203.0632,0,NaN,894.5165,NaN,25
rc_201.3,31,PSO,980201,100,3100,3100,5274.6372,0,NaN,1043.6756,NaN,0
rc_201.3,31,FixedRelocate,980201,100,3100,3100,1474.487,0,NaN,924.2774,NaN,0
rc_201.3,31,StateSwitch,980201,100,3100,3100,141.4151,0,NaN,905.9561,NaN,0
rc_201.3,31,Feedback,980201,100,3100,3100,1474.487,0,NaN,924.2774,NaN,34
rc_201.3,31,Full,980201,100,3100,3100,141.4151,0,NaN,905.9561,NaN,28
rc_201.3,31,PSO,980202,25,775,775,4754.0646,0,NaN,1040.572,NaN,0
rc_201.3,31,FixedRelocate,980202,25,775,775,6712.5254,0,NaN,965.1894,NaN,0
rc_201.3,31,StateSwitch,980202,25,775,775,1297.8982,0,NaN,949.0404,NaN,0
rc_201.3,31,Feedback,980202,25,775,775,6712.5254,0,NaN,965.1894,NaN,12
rc_201.3,31,Full,980202,25,775,775,1297.8982,0,NaN,949.0404,NaN,15
rc_201.3,31,PSO,980202,50,1550,1550,4333.1937,0,NaN,982.6986,NaN,0
rc_201.3,31,FixedRelocate,980202,50,1550,1550,3572.5992,0,NaN,964.4871,NaN,0
rc_201.3,31,StateSwitch,980202,50,1550,1550,407.6036,0,NaN,949.8979,NaN,0
rc_201.3,31,Feedback,980202,50,1550,1550,3572.5992,0,NaN,964.4871,NaN,24
rc_201.3,31,Full,980202,50,1550,1550,407.6036,0,NaN,949.8979,NaN,24
rc_201.3,31,PSO,980202,100,3100,3100,4333.1937,0,NaN,982.6986,NaN,0
rc_201.3,31,FixedRelocate,980202,100,3100,3100,815.1808,0,NaN,929.8145,NaN,0
rc_201.3,31,StateSwitch,980202,100,3100,3100,0.113699999999994,0,NaN,827.9881,NaN,0
rc_201.3,31,Feedback,980202,100,3100,3100,815.1808,0,NaN,929.8145,NaN,36
rc_201.3,31,Full,980202,100,3100,3100,0.113699999999994,0,NaN,827.9881,NaN,31
rc_201.3,31,PSO,980203,25,775,775,4561.4001,0,NaN,1021.8132,NaN,0
rc_201.3,31,FixedRelocate,980203,25,775,775,4226.6531,0,NaN,952.6856,NaN,0
rc_201.3,31,StateSwitch,980203,25,775,775,479.1415,0,NaN,961.174,NaN,0
rc_201.3,31,Feedback,980203,25,775,775,4226.6531,0,NaN,952.6856,NaN,14
rc_201.3,31,Full,980203,25,775,775,479.1415,0,NaN,961.174,NaN,15
rc_201.3,31,PSO,980203,50,1550,1550,4435.6187,0,NaN,972.4475,NaN,0
rc_201.3,31,FixedRelocate,980203,50,1550,1550,2340.1642,0,NaN,940.6278,NaN,0
rc_201.3,31,StateSwitch,980203,50,1550,1550,0,1,1087,808.896,0.0231289763600257,0
rc_201.3,31,Feedback,980203,50,1550,1550,2340.1642,0,NaN,940.6278,NaN,23
rc_201.3,31,Full,980203,50,1550,1550,0,1,1087,808.896,0.0231289763600257,24
rc_201.3,31,PSO,980203,100,3100,3100,4385.2071,0,NaN,950.1087,NaN,0
rc_201.3,31,FixedRelocate,980203,100,3100,3100,672.3944,0,NaN,871.803,NaN,0
rc_201.3,31,StateSwitch,980203,100,3100,3100,0,1,1087,790.6069,-3.92102300757345e-06,0
rc_201.3,31,Feedback,980203,100,3100,3100,672.3944,0,NaN,871.803,NaN,39
rc_201.3,31,Full,980203,100,3100,3100,0,1,1087,790.6069,-3.92102300757345e-06,26
rc_201.3,31,PSO,980204,25,775,775,5326.6237,0,NaN,1060.1711,NaN,0
rc_201.3,31,FixedRelocate,980204,25,775,775,6227.2797,0,NaN,1193.2456,NaN,0
rc_201.3,31,StateSwitch,980204,25,775,775,2470.2426,0,NaN,1006.032,NaN,0
rc_201.3,31,Feedback,980204,25,775,775,6227.2797,0,NaN,1193.2456,NaN,12
rc_201.3,31,Full,980204,25,775,775,2470.2426,0,NaN,1006.032,NaN,15
rc_201.3,31,PSO,980204,50,1550,1550,4247.6009,0,NaN,1007.6875,NaN,0
rc_201.3,31,FixedRelocate,980204,50,1550,1550,2731.5229,0,NaN,1023.3342,NaN,0
rc_201.3,31,StateSwitch,980204,50,1550,1550,138.0951,0,NaN,865.5685,NaN,0
rc_201.3,31,Feedback,980204,50,1550,1550,2731.5229,0,NaN,1023.3342,NaN,22
rc_201.3,31,Full,980204,50,1550,1550,138.0951,0,NaN,865.5685,NaN,22
rc_201.3,31,PSO,980204,100,3100,3100,4247.6009,0,NaN,1007.6875,NaN,0
rc_201.3,31,FixedRelocate,980204,100,3100,3100,632.3434,0,NaN,895.1866,NaN,0
rc_201.3,31,StateSwitch,980204,100,3100,3100,112.6294,0,NaN,850.4441,NaN,0
rc_201.3,31,Feedback,980204,100,3100,3100,632.3434,0,NaN,895.1866,NaN,33
rc_201.3,31,Full,980204,100,3100,3100,112.6294,0,NaN,850.4441,NaN,22
rc_201.3,31,PSO,980205,25,775,775,4051.784,0,NaN,1029.7044,NaN,0
rc_201.3,31,FixedRelocate,980205,25,775,775,4007.6604,0,NaN,1104.2165,NaN,0
rc_201.3,31,StateSwitch,980205,25,775,775,1281.8278,0,NaN,926.572,NaN,0
rc_201.3,31,Feedback,980205,25,775,775,4007.6604,0,NaN,1104.2165,NaN,13
rc_201.3,31,Full,980205,25,775,775,1281.8278,0,NaN,926.572,NaN,15
rc_201.3,31,PSO,980205,50,1550,1550,1749.5586,0,NaN,967.1842,NaN,0
rc_201.3,31,FixedRelocate,980205,50,1550,1550,721.7338,0,NaN,924.1508,NaN,0
rc_201.3,31,StateSwitch,980205,50,1550,1550,522.737200000001,0,NaN,900.4174,NaN,0
rc_201.3,31,Feedback,980205,50,1550,1550,721.7338,0,NaN,924.1508,NaN,25
rc_201.3,31,Full,980205,50,1550,1550,522.737200000001,0,NaN,900.4174,NaN,23
rc_201.3,31,PSO,980205,100,3100,3100,1653.1059,0,NaN,931.2414,NaN,0
rc_201.3,31,FixedRelocate,980205,100,3100,3100,17.7602,0,NaN,836.8568,NaN,0
rc_201.3,31,StateSwitch,980205,100,3100,3100,224.5988,0,NaN,855.6617,NaN,0
rc_201.3,31,Feedback,980205,100,3100,3100,17.7602,0,NaN,836.8568,NaN,30
rc_201.3,31,Full,980205,100,3100,3100,224.5988,0,NaN,855.6617,NaN,27
rc_201.3,31,PSO,980206,25,775,775,3530.6808,0,NaN,1027.0833,NaN,0
rc_201.3,31,FixedRelocate,980206,25,775,775,6041.9196,0,NaN,1037.70914,NaN,0
rc_201.3,31,StateSwitch,980206,25,775,775,2022.6687,0,NaN,1055.9325,NaN,0
rc_201.3,31,Feedback,980206,25,775,775,6041.9196,0,NaN,1037.70914,NaN,10
rc_201.3,31,Full,980206,25,775,775,2022.6687,0,NaN,1055.9325,NaN,15
rc_201.3,31,PSO,980206,50,1550,1550,2477.7973,0,NaN,907.5535,NaN,0
rc_201.3,31,FixedRelocate,980206,50,1550,1550,1763.1942,0,NaN,923.2746,NaN,0
rc_201.3,31,StateSwitch,980206,50,1550,1550,539.475,0,NaN,899.6523,NaN,0
rc_201.3,31,Feedback,980206,50,1550,1550,1763.1942,0,NaN,923.2746,NaN,20
rc_201.3,31,Full,980206,50,1550,1550,539.475,0,NaN,899.6523,NaN,24
rc_201.3,31,PSO,980206,100,3100,3100,2477.7973,0,NaN,907.5535,NaN,0
rc_201.3,31,FixedRelocate,980206,100,3100,3100,78.7855000000001,0,NaN,863.9034,NaN,0
rc_201.3,31,StateSwitch,980206,100,3100,3100,0,1,2287,796.9693,0.00804353600384494,0
rc_201.3,31,Feedback,980206,100,3100,3100,78.7855000000001,0,NaN,863.9034,NaN,37
rc_201.3,31,Full,980206,100,3100,3100,0,1,2287,796.9693,0.00804353600384494,32
rc_201.3,31,PSO,980207,25,775,775,5508.0372,0,NaN,1023.7427,NaN,0
rc_201.3,31,FixedRelocate,980207,25,775,775,5003.0513,0,NaN,1022.6772,NaN,0
rc_201.3,31,StateSwitch,980207,25,775,775,1498.5908,0,NaN,999.9116,NaN,0
rc_201.3,31,Feedback,980207,25,775,775,5003.0513,0,NaN,1022.6772,NaN,13
rc_201.3,31,Full,980207,25,775,775,1498.5908,0,NaN,999.9116,NaN,15
rc_201.3,31,PSO,980207,50,1550,1550,4821.52,0,NaN,1000.374,NaN,0
rc_201.3,31,FixedRelocate,980207,50,1550,1550,1255.3023,0,NaN,984.6234,NaN,0
rc_201.3,31,StateSwitch,980207,50,1550,1550,297.9431,0,NaN,855.8999,NaN,0
rc_201.3,31,Feedback,980207,50,1550,1550,1255.3023,0,NaN,984.6234,NaN,23
rc_201.3,31,Full,980207,50,1550,1550,297.9431,0,NaN,855.8999,NaN,22
rc_201.3,31,PSO,980207,100,3100,3100,4452.7985,0,NaN,1001.1535,NaN,0
rc_201.3,31,FixedRelocate,980207,100,3100,3100,462.367,0,NaN,907.4261,NaN,0
rc_201.3,31,StateSwitch,980207,100,3100,3100,39.9831,0,NaN,867.697,NaN,0
rc_201.3,31,Feedback,980207,100,3100,3100,462.367,0,NaN,907.4261,NaN,32
rc_201.3,31,Full,980207,100,3100,3100,39.9831,0,NaN,867.697,NaN,26
rc_201.3,31,PSO,980208,25,775,775,7631.9753,0,NaN,1130.9642,NaN,0
rc_201.3,31,FixedRelocate,980208,25,775,775,7147.2242,0,NaN,1021.62064,NaN,0
rc_201.3,31,StateSwitch,980208,25,775,775,2251.1812,0,NaN,953.0236,NaN,0
rc_201.3,31,Feedback,980208,25,775,775,7147.2242,0,NaN,1021.62064,NaN,12
rc_201.3,31,Full,980208,25,775,775,2251.1812,0,NaN,953.0236,NaN,15
rc_201.3,31,PSO,980208,50,1550,1550,7104.8875,0,NaN,1104.4314,NaN,0
rc_201.3,31,FixedRelocate,980208,50,1550,1550,3271.6522,0,NaN,1024.4185,NaN,0
rc_201.3,31,StateSwitch,980208,50,1550,1550,0,1,1269,823.5465,0.0416596046090992,0
rc_201.3,31,Feedback,980208,50,1550,1550,3271.6522,0,NaN,1024.4185,NaN,20
rc_201.3,31,Full,980208,50,1550,1550,0,1,1269,823.5465,0.0416596046090992,26
rc_201.3,31,PSO,980208,100,3100,3100,7104.8875,0,NaN,1076.257,NaN,0
rc_201.3,31,FixedRelocate,980208,100,3100,3100,103.9412,0,NaN,859.8777,NaN,0
rc_201.3,31,StateSwitch,980208,100,3100,3100,0,1,1269,808.7929,0.0229985707238715,0
rc_201.3,31,Feedback,980208,100,3100,3100,103.9412,0,NaN,859.8777,NaN,37
rc_201.3,31,Full,980208,100,3100,3100,0,1,1269,808.7929,0.0229985707238715,30
rc_201.3,31,PSO,980209,25,775,775,3579.5805,0,NaN,1038.395,NaN,0
rc_201.3,31,FixedRelocate,980209,25,775,775,7291.3429,0,NaN,1035.8551,NaN,0
rc_201.3,31,StateSwitch,980209,25,775,775,2281.6463,0,NaN,1041.2419,NaN,0
rc_201.3,31,Feedback,980209,25,775,775,7291.3429,0,NaN,1035.8551,NaN,13
rc_201.3,31,Full,980209,25,775,775,2281.6463,0,NaN,1041.2419,NaN,15
rc_201.3,31,PSO,980209,50,1550,1550,3368.0893,0,NaN,1036.3125,NaN,0
rc_201.3,31,FixedRelocate,980209,50,1550,1550,3032.1925,0,NaN,999.1714,NaN,0
rc_201.3,31,StateSwitch,980209,50,1550,1550,1.99349999999993,0,NaN,883.6594,NaN,0
rc_201.3,31,Feedback,980209,50,1550,1550,3032.1925,0,NaN,999.1714,NaN,26
rc_201.3,31,Full,980209,50,1550,1550,1.99349999999993,0,NaN,883.6594,NaN,30
rc_201.3,31,PSO,980209,100,3100,3100,3361.1491,0,NaN,1031.9704,NaN,0
rc_201.3,31,FixedRelocate,980209,100,3100,3100,1089.1027,0,NaN,947.0225,NaN,0
rc_201.3,31,StateSwitch,980209,100,3100,3100,0,1,1977,837.0595,0.0587514703836276,0
rc_201.3,31,Feedback,980209,100,3100,3100,1089.1027,0,NaN,947.0225,NaN,45
rc_201.3,31,Full,980209,100,3100,3100,0,1,1977,837.0595,0.0587514703836276,34
rc_201.3,31,PSO,980210,25,775,775,5078.2154,0,NaN,994.898,NaN,0
rc_201.3,31,FixedRelocate,980210,25,775,775,4309.2976,0,NaN,1085.8489,NaN,0
rc_201.3,31,StateSwitch,980210,25,775,775,960.4191,0,NaN,1009.5227,NaN,0
rc_201.3,31,Feedback,980210,25,775,775,4309.2976,0,NaN,1085.8489,NaN,11
rc_201.3,31,Full,980210,25,775,775,960.4191,0,NaN,1009.5227,NaN,14
rc_201.3,31,PSO,980210,50,1550,1550,3762.1505,0,NaN,889.3119,NaN,0
rc_201.3,31,FixedRelocate,980210,50,1550,1550,577.9815,0,NaN,893.5558,NaN,0
rc_201.3,31,StateSwitch,980210,50,1550,1550,375.7089,0,NaN,916.2867,NaN,0
rc_201.3,31,Feedback,980210,50,1550,1550,577.9815,0,NaN,893.5558,NaN,19
rc_201.3,31,Full,980210,50,1550,1550,375.7089,0,NaN,916.2867,NaN,21
rc_201.3,31,PSO,980210,100,3100,3100,3760.7427,0,NaN,890.4957,NaN,0
rc_201.3,31,FixedRelocate,980210,100,3100,3100,134.2548,0,NaN,846.1545,NaN,0
rc_201.3,31,StateSwitch,980210,100,3100,3100,1.54709999999994,0,NaN,844.7883,NaN,0
rc_201.3,31,Feedback,980210,100,3100,3100,134.2548,0,NaN,846.1545,NaN,26
rc_201.3,31,Full,980210,100,3100,3100,1.54709999999994,0,NaN,844.7883,NaN,28
rc_204.1,45,PSO,980301,25,1125,1125,7910.221,0,NaN,1645.6868,NaN,0
rc_204.1,45,FixedRelocate,980301,25,1125,1125,7783.10319999999,0,NaN,1796.387,NaN,0
rc_204.1,45,StateSwitch,980301,25,1125,1125,5489.7073,0,NaN,1558.5279,NaN,0
rc_204.1,45,Feedback,980301,25,1125,1125,7783.10319999999,0,NaN,1796.387,NaN,17
rc_204.1,45,Full,980301,25,1125,1125,5489.7073,0,NaN,1558.5279,NaN,17
rc_204.1,45,PSO,980301,50,2250,2250,7883.9996,0,NaN,1663.8163,NaN,0
rc_204.1,45,FixedRelocate,980301,50,2250,2250,3483.4511,0,NaN,1378.9918,NaN,0
rc_204.1,45,StateSwitch,980301,50,2250,2250,3507.4893,0,NaN,1257.3149,NaN,0
rc_204.1,45,Feedback,980301,50,2250,2250,3483.4511,0,NaN,1378.9918,NaN,26
rc_204.1,45,Full,980301,50,2250,2250,3507.4893,0,NaN,1257.3149,NaN,28
rc_204.1,45,PSO,980301,100,4500,4500,7883.9996,0,NaN,1663.8163,NaN,0
rc_204.1,45,FixedRelocate,980301,100,4500,4500,1959.3636,0,NaN,1281.0351,NaN,0
rc_204.1,45,StateSwitch,980301,100,4500,4500,3049.8702,0,NaN,1227.0601,NaN,0
rc_204.1,45,Feedback,980301,100,4500,4500,1959.3636,0,NaN,1281.0351,NaN,39
rc_204.1,45,Full,980301,100,4500,4500,3049.8702,0,NaN,1227.0601,NaN,29
rc_204.1,45,PSO,980302,25,1125,1125,6938.3976,0,NaN,1653.6731,NaN,0
rc_204.1,45,FixedRelocate,980302,25,1125,1125,7159.30270000001,0,NaN,1706.8042,NaN,0
rc_204.1,45,StateSwitch,980302,25,1125,1125,3709.9182,0,NaN,1440.4702,NaN,0
rc_204.1,45,Feedback,980302,25,1125,1125,7159.30270000001,0,NaN,1706.8042,NaN,16
rc_204.1,45,Full,980302,25,1125,1125,3709.9182,0,NaN,1440.4702,NaN,17
rc_204.1,45,PSO,980302,50,2250,2250,5801.3808,0,NaN,1559.5517,NaN,0
rc_204.1,45,FixedRelocate,980302,50,2250,2250,3235.6724,0,NaN,1423.0385,NaN,0
rc_204.1,45,StateSwitch,980302,50,2250,2250,3094.6216,0,NaN,1294.4721,NaN,0
rc_204.1,45,Feedback,980302,50,2250,2250,3235.6724,0,NaN,1423.0385,NaN,27
rc_204.1,45,Full,980302,50,2250,2250,3094.6216,0,NaN,1294.4721,NaN,21
rc_204.1,45,PSO,980302,100,4500,4500,5050.6856,0,NaN,1508.65857,NaN,0
rc_204.1,45,FixedRelocate,980302,100,4500,4500,1271.3449,0,NaN,1193.0029,NaN,0
rc_204.1,45,StateSwitch,980302,100,4500,4500,2932.018,0,NaN,1260.236,NaN,0
rc_204.1,45,Feedback,980302,100,4500,4500,1271.3449,0,NaN,1193.0029,NaN,41
rc_204.1,45,Full,980302,100,4500,4500,2932.018,0,NaN,1260.236,NaN,22
rc_204.1,45,PSO,980303,25,1125,1125,9155.1299,0,NaN,1847.2215,NaN,0
rc_204.1,45,FixedRelocate,980303,25,1125,1125,8093.6661,0,NaN,1684.4884,NaN,0
rc_204.1,45,StateSwitch,980303,25,1125,1125,4746.7059,0,NaN,1540.1454,NaN,0
rc_204.1,45,Feedback,980303,25,1125,1125,8093.6661,0,NaN,1684.4884,NaN,14
rc_204.1,45,Full,980303,25,1125,1125,4746.7059,0,NaN,1540.1454,NaN,17
rc_204.1,45,PSO,980303,50,2250,2250,6742.4703,0,NaN,1665.1957,NaN,0
rc_204.1,45,FixedRelocate,980303,50,2250,2250,5267.225,0,NaN,1532.0015,NaN,0
rc_204.1,45,StateSwitch,980303,50,2250,2250,1274.4645,0,NaN,1100.6163,NaN,0
rc_204.1,45,Feedback,980303,50,2250,2250,5267.225,0,NaN,1532.0015,NaN,26
rc_204.1,45,Full,980303,50,2250,2250,1274.4645,0,NaN,1100.6163,NaN,30
rc_204.1,45,PSO,980303,100,4500,4500,6742.4703,0,NaN,1665.1957,NaN,0
rc_204.1,45,FixedRelocate,980303,100,4500,4500,2255.5738,0,NaN,1299.4713,NaN,0
rc_204.1,45,StateSwitch,980303,100,4500,4500,670.2342,0,NaN,1085.9831,NaN,0
rc_204.1,45,Feedback,980303,100,4500,4500,2255.5738,0,NaN,1299.4713,NaN,43
rc_204.1,45,Full,980303,100,4500,4500,670.2342,0,NaN,1085.9831,NaN,36
rc_204.1,45,PSO,980304,25,1125,1125,11900.6357,0,NaN,1929.2774,NaN,0
rc_204.1,45,FixedRelocate,980304,25,1125,1125,9770.5341,0,NaN,1804.0105,NaN,0
rc_204.1,45,StateSwitch,980304,25,1125,1125,4271.566,0,NaN,1372.6815,NaN,0
rc_204.1,45,Feedback,980304,25,1125,1125,9770.5341,0,NaN,1804.0105,NaN,14
rc_204.1,45,Full,980304,25,1125,1125,4271.566,0,NaN,1372.6815,NaN,16
rc_204.1,45,PSO,980304,50,2250,2250,9128.7816,0,NaN,1721.5338,NaN,0
rc_204.1,45,FixedRelocate,980304,50,2250,2250,5989.6079,0,NaN,1596.6335,NaN,0
rc_204.1,45,StateSwitch,980304,50,2250,2250,3837.8977,0,NaN,1369.2281,NaN,0
rc_204.1,45,Feedback,980304,50,2250,2250,5989.6079,0,NaN,1596.6335,NaN,29
rc_204.1,45,Full,980304,50,2250,2250,3837.8977,0,NaN,1369.2281,NaN,17
rc_204.1,45,PSO,980304,100,4500,4500,7563.4796,0,NaN,1646.7175,NaN,0
rc_204.1,45,FixedRelocate,980304,100,4500,4500,1890.525,0,NaN,1429.243,NaN,0
rc_204.1,45,StateSwitch,980304,100,4500,4500,2686.7722,0,NaN,1286.873,NaN,0
rc_204.1,45,Feedback,980304,100,4500,4500,1890.525,0,NaN,1429.243,NaN,50
rc_204.1,45,Full,980304,100,4500,4500,2686.7722,0,NaN,1286.873,NaN,19
rc_204.1,45,PSO,980305,25,1125,1125,6366.5067,0,NaN,1471.8132,NaN,0
rc_204.1,45,FixedRelocate,980305,25,1125,1125,7015.05851,0,NaN,1711.49637,NaN,0
rc_204.1,45,StateSwitch,980305,25,1125,1125,5385.0688,0,NaN,1488.4109,NaN,0
rc_204.1,45,Feedback,980305,25,1125,1125,7015.05851,0,NaN,1711.49637,NaN,15
rc_204.1,45,Full,980305,25,1125,1125,5385.0688,0,NaN,1488.4109,NaN,17
rc_204.1,45,PSO,980305,50,2250,2250,6366.5067,0,NaN,1471.8132,NaN,0
rc_204.1,45,FixedRelocate,980305,50,2250,2250,3983.7011,0,NaN,1441.16567,NaN,0
rc_204.1,45,StateSwitch,980305,50,2250,2250,2361.829,0,NaN,1205.9508,NaN,0
rc_204.1,45,Feedback,980305,50,2250,2250,3983.7011,0,NaN,1441.16567,NaN,26
rc_204.1,45,Full,980305,50,2250,2250,2361.829,0,NaN,1205.9508,NaN,34
rc_204.1,45,PSO,980305,100,4500,4500,6366.5067,0,NaN,1471.8132,NaN,0
rc_204.1,45,FixedRelocate,980305,100,4500,4500,188.019299999999,0,NaN,1072.1563,NaN,0
rc_204.1,45,StateSwitch,980305,100,4500,4500,2049.0397,0,NaN,1157.7767,NaN,0
rc_204.1,45,Feedback,980305,100,4500,4500,188.019299999999,0,NaN,1072.1563,NaN,39
rc_204.1,45,Full,980305,100,4500,4500,2049.0397,0,NaN,1157.7767,NaN,38
rc_204.1,45,PSO,980306,25,1125,1125,8235.7993,0,NaN,1653.1345,NaN,0
rc_204.1,45,FixedRelocate,980306,25,1125,1125,6944.4015,0,NaN,1519.6652,NaN,0
rc_204.1,45,StateSwitch,980306,25,1125,1125,5134.2322,0,NaN,1581.2688,NaN,0
rc_204.1,45,Feedback,980306,25,1125,1125,6944.4015,0,NaN,1519.6652,NaN,15
rc_204.1,45,Full,980306,25,1125,1125,5134.2322,0,NaN,1581.2688,NaN,17
rc_204.1,45,PSO,980306,50,2250,2250,6798.894,0,NaN,1483.779,NaN,0
rc_204.1,45,FixedRelocate,980306,50,2250,2250,4348.6132,0,NaN,1406.9691,NaN,0
rc_204.1,45,StateSwitch,980306,50,2250,2250,2736.164,0,NaN,1294.9219,NaN,0
rc_204.1,45,Feedback,980306,50,2250,2250,4348.6132,0,NaN,1406.9691,NaN,26
rc_204.1,45,Full,980306,50,2250,2250,2736.164,0,NaN,1294.9219,NaN,25
rc_204.1,45,PSO,980306,100,4500,4500,6798.894,0,NaN,1483.779,NaN,0
rc_204.1,45,FixedRelocate,980306,100,4500,4500,1235.295,0,NaN,1193.6902,NaN,0
rc_204.1,45,StateSwitch,980306,100,4500,4500,2644.0098,0,NaN,1287.3072,NaN,0
rc_204.1,45,Feedback,980306,100,4500,4500,1235.295,0,NaN,1193.6902,NaN,45
rc_204.1,45,Full,980306,100,4500,4500,2644.0098,0,NaN,1287.3072,NaN,25
rc_204.1,45,PSO,980307,25,1125,1125,9975.6449,0,NaN,1776.5809,NaN,0
rc_204.1,45,FixedRelocate,980307,25,1125,1125,6808.9102,0,NaN,1699.1771,NaN,0
rc_204.1,45,StateSwitch,980307,25,1125,1125,5297.3933,0,NaN,1470.2299,NaN,0
rc_204.1,45,Feedback,980307,25,1125,1125,6808.9102,0,NaN,1699.1771,NaN,16
rc_204.1,45,Full,980307,25,1125,1125,5297.3933,0,NaN,1470.2299,NaN,17
rc_204.1,45,PSO,980307,50,2250,2250,7120.1764,0,NaN,1665.155,NaN,0
rc_204.1,45,FixedRelocate,980307,50,2250,2250,3316.6894,0,NaN,1333.566,NaN,0
rc_204.1,45,StateSwitch,980307,50,2250,2250,3526.137,0,NaN,1308.2492,NaN,0
rc_204.1,45,Feedback,980307,50,2250,2250,3316.6894,0,NaN,1333.566,NaN,29
rc_204.1,45,Full,980307,50,2250,2250,3526.137,0,NaN,1308.2492,NaN,25
rc_204.1,45,PSO,980307,100,4500,4500,7120.1764,0,NaN,1665.155,NaN,0
rc_204.1,45,FixedRelocate,980307,100,4500,4500,1543.5841,0,NaN,1157.9556,NaN,0
rc_204.1,45,StateSwitch,980307,100,4500,4500,3526.137,0,NaN,1308.2492,NaN,0
rc_204.1,45,Feedback,980307,100,4500,4500,1543.5841,0,NaN,1157.9556,NaN,40
rc_204.1,45,Full,980307,100,4500,4500,3526.137,0,NaN,1308.2492,NaN,25
rc_204.1,45,PSO,980308,25,1125,1125,7602.655,0,NaN,1649.9374,NaN,0
rc_204.1,45,FixedRelocate,980308,25,1125,1125,9291.2324,0,NaN,1734.3463,NaN,0
rc_204.1,45,StateSwitch,980308,25,1125,1125,8529.8364,0,NaN,1675.7239,NaN,0
rc_204.1,45,Feedback,980308,25,1125,1125,9291.2324,0,NaN,1734.3463,NaN,16
rc_204.1,45,Full,980308,25,1125,1125,8529.8364,0,NaN,1675.7239,NaN,17
rc_204.1,45,PSO,980308,50,2250,2250,6829.2977,0,NaN,1557.3548,NaN,0
rc_204.1,45,FixedRelocate,980308,50,2250,2250,2999.079,0,NaN,1349.7327,NaN,0
rc_204.1,45,StateSwitch,980308,50,2250,2250,2939.2811,0,NaN,1240.7671,NaN,0
rc_204.1,45,Feedback,980308,50,2250,2250,2999.079,0,NaN,1349.7327,NaN,29
rc_204.1,45,Full,980308,50,2250,2250,2939.2811,0,NaN,1240.7671,NaN,33
rc_204.1,45,PSO,980308,100,4500,4500,6829.2977,0,NaN,1557.3548,NaN,0
rc_204.1,45,FixedRelocate,980308,100,4500,4500,860.799799999999,0,NaN,1108.0243,NaN,0
rc_204.1,45,StateSwitch,980308,100,4500,4500,1578.4641,0,NaN,1156.0629,NaN,0
rc_204.1,45,Feedback,980308,100,4500,4500,860.799799999999,0,NaN,1108.0243,NaN,47
rc_204.1,45,Full,980308,100,4500,4500,1578.4641,0,NaN,1156.0629,NaN,38
rc_204.1,45,PSO,980309,25,1125,1125,6817.8025,0,NaN,1567.9775,NaN,0
rc_204.1,45,FixedRelocate,980309,25,1125,1125,8423.5383,0,NaN,1741.1163,NaN,0
rc_204.1,45,StateSwitch,980309,25,1125,1125,5785.1655,0,NaN,1550.8495,NaN,0
rc_204.1,45,Feedback,980309,25,1125,1125,8423.5383,0,NaN,1741.1163,NaN,14
rc_204.1,45,Full,980309,25,1125,1125,5785.1655,0,NaN,1550.8495,NaN,17
rc_204.1,45,PSO,980309,50,2250,2250,6504.4535,0,NaN,1543.0244,NaN,0
rc_204.1,45,FixedRelocate,980309,50,2250,2250,6123.2238,0,NaN,1610.1357,NaN,0
rc_204.1,45,StateSwitch,980309,50,2250,2250,3968.7956,0,NaN,1337.8408,NaN,0
rc_204.1,45,Feedback,980309,50,2250,2250,6123.2238,0,NaN,1610.1357,NaN,25
rc_204.1,45,Full,980309,50,2250,2250,3968.7956,0,NaN,1337.8408,NaN,26
rc_204.1,45,PSO,980309,100,4500,4500,6504.4535,0,NaN,1543.0244,NaN,0
rc_204.1,45,FixedRelocate,980309,100,4500,4500,1464.4286,0,NaN,1249.5577,NaN,0
rc_204.1,45,StateSwitch,980309,100,4500,4500,3367.1939,0,NaN,1291.4398,NaN,0
rc_204.1,45,Feedback,980309,100,4500,4500,1464.4286,0,NaN,1249.5577,NaN,44
rc_204.1,45,Full,980309,100,4500,4500,3367.1939,0,NaN,1291.4398,NaN,29
rc_204.1,45,PSO,980310,25,1125,1125,8645.1941,0,NaN,1899.8895,NaN,0
rc_204.1,45,FixedRelocate,980310,25,1125,1125,7002.28520000001,0,NaN,1624.8715,NaN,0
rc_204.1,45,StateSwitch,980310,25,1125,1125,6340.5054,0,NaN,1592.8958,NaN,0
rc_204.1,45,Feedback,980310,25,1125,1125,7002.28520000001,0,NaN,1624.8715,NaN,13
rc_204.1,45,Full,980310,25,1125,1125,6340.5054,0,NaN,1592.8958,NaN,17
rc_204.1,45,PSO,980310,50,2250,2250,5668.2656,0,NaN,1635.7005,NaN,0
rc_204.1,45,FixedRelocate,980310,50,2250,2250,2780.024,0,NaN,1345.1518,NaN,0
rc_204.1,45,StateSwitch,980310,50,2250,2250,2353.0487,0,NaN,1195.7762,NaN,0
rc_204.1,45,Feedback,980310,50,2250,2250,2780.024,0,NaN,1345.1518,NaN,24
rc_204.1,45,Full,980310,50,2250,2250,2353.0487,0,NaN,1195.7762,NaN,34
rc_204.1,45,PSO,980310,100,4500,4500,5664.0747,0,NaN,1631.1138,NaN,0
rc_204.1,45,FixedRelocate,980310,100,4500,4500,817.8221,0,NaN,1127.949,NaN,0
rc_204.1,45,StateSwitch,980310,100,4500,4500,2183.9915,0,NaN,1186.1171,NaN,0
rc_204.1,45,Feedback,980310,100,4500,4500,817.8221,0,NaN,1127.949,NaN,38
rc_204.1,45,Full,980310,100,4500,4500,2183.9915,0,NaN,1186.1171,NaN,35
