level,instance,scenario_seed,algorithm_seed,strategy,budget,event_index,event_time,event_type,event_size,reused_legs,computed_legs,online_leg_time,warm_start_time,routing_or_repair_time,response_time,warm_start_fe,routing_or_repair_fe,total_fe,final_fitness,distance,total_late,obstacle_violation,route_disruption,is_feasible,first_feasible_fe,reference_found,reference_fe,reference_cost,state_x,state_y,state_z,state_time,relative_gap_to_best
Mild,1,3001,7101,Restart,500,1,90,cancel,1,225,47,0.7043157,0,0.048236,0.7525517,0,480,480,6251.83112156706,4870.78585627876,13.810452652883,0,0.666666666666667,0,Inf,0,Inf,3354.80432491796,670.315503600199,260.622649356366,375,90,0.343367025190982
Mild,1,3001,7101,Restart,500,2,150,add,1,144,66,0.9543846,0,0.0329663,0.9873509,0,480,480,6849.0224882783,4028.24041801717,28.2078207026113,0,0.333333333333333,0,Inf,0,Inf,4074.41733688772,174.166919640922,419.696509743778,375,150,0.925666694322804
Mild,1,3001,7102,Restart,1000,1,90,cancel,1,225,47,0.6863047,0,0.0746762,0.7609809,0,990,990,4500.56047881503,4500.56047881503,0,0,0.6,1,837,0,Inf,3354.80432491796,670.315503600199,260.622649356366,375,90,0.0923410931685826
Mild,1,3001,7102,Restart,1000,2,150,add,1,169,71,1.0456684,0,0.0694983,1.1151667,0,990,990,4470.83839817149,3370.35185061533,11.0048654755615,0,0.307692307692308,0,Inf,0,Inf,8642.06528588477,270,700,375,150,0.438545795246812
Mild,1,3001,7103,Restart,1500,1,90,cancel,1,225,47,0.6904513,0,0.104411,0.7948623,0,1500,1500,5213.38078722753,4243.74832908757,9.69632458139955,0,0.733333333333333,0,Inf,0,Inf,3354.80432491796,670.315503600199,260.622649356366,375,90,0.163722899592237
Mild,1,3001,7103,Restart,1500,2,150,add,1,144,66,0.9621363,0,0.0962715,1.0584078,0,1500,1500,7804.88019203273,4265.04448230948,35.3983570972324,0,0.666666666666667,0,Inf,0,Inf,3492.33265184445,260,500,375,150,0.549052871966489
Mild,1,3001,7104,Restart,2500,1,90,cancel,1,225,47,0.6755307,0,0.1723308,0.8478615,0,2490,2490,5587.74569881512,4796.0732982572,7.91672400557917,0,0.533333333333333,0,Inf,0,Inf,3354.80432491796,670.315503600199,260.622649356366,375,90,0.45404115226592
Mild,1,3001,7104,Restart,2500,2,150,add,1,196,76,1.1179555,0,0.1831072,1.3010627,0,2490,2490,12403.6571007628,4229.34950302414,81.7430759773866,0,0.5,0,Inf,0,Inf,11465.3902058376,270,700,375,150,2.84773388617974
Mild,1,3001,7101,WarmStart,500,1,90,cancel,1,225,47,0.7030894,0.0121661,0.0365085,0.751764,46,450,496,4653.85185458029,4367.42668551601,2.86425169064285,0,0.2,0,Inf,0,Inf,3354.80432491796,670.315503600199,260.622649356366,375,90,0
Mild,1,3001,7101,WarmStart,500,2,150,add,1,169,71,1.0443304,0.0078333,0.0287688,1.0809325,72,420,492,3556.7019507947,3509.3924050342,0.473095457604984,0,0.230769230769231,0,Inf,0,Inf,5909.20546628518,610,500,375,150,0
Mild,1,3001,7102,WarmStart,1000,1,90,cancel,1,225,47,0.7002943,0.006736,0.0774339,0.7844642,45,930,975,4120.10543864109,4120.10543864109,0,0,0.2,1,300,0,Inf,3354.80432491796,670.315503600199,260.622649356366,375,90,0
Mild,1,3001,7102,WarmStart,1000,2,150,add,1,169,71,1.0705164,0.006456,0.0592692,1.1362416,74,900,974,3107.88743253351,3107.88743253351,0,0,0.307692307692308,1,587,0,Inf,5909.20546628518,610,500,375,150,0
Mild,1,3001,7103,WarmStart,1500,1,90,cancel,1,225,47,0.6754213,0.0069882,0.101899,0.7843085,47,1440,1487,4479.91595684357,4479.91595684357,0,0,0.333333333333333,1,515,0,Inf,3354.80432491796,670.315503600199,260.622649356366,375,90,0
Mild,1,3001,7103,WarmStart,1500,2,150,add,1,169,71,1.0330615,0.0063292,0.0918586,1.1312493,73,1410,1483,5038.48534370851,3805.74908361696,12.3273626009154,0,0.0769230769230769,0,Inf,0,Inf,5088.25602444983,850,500,375,150,0
Mild,1,3001,7104,WarmStart,2500,1,90,cancel,1,225,47,0.6852174,0.0041919,0.1681156,0.8575249,48,2430,2478,3842.90753401814,3842.90753401814,0,0,0.333333333333333,1,417,0,Inf,3354.80432491796,670.315503600199,260.622649356366,375,90,0
Mild,1,3001,7104,WarmStart,2500,2,150,add,1,169,71,1.0486863,0.0051027,0.1557756,1.2095646,73,2400,2473,3223.62654686546,3223.62654686546,0,0,0,1,74,0,Inf,5088.25602444983,850,500,375,150,0
Mild,1,3001,7101,Repair,500,1,90,cancel,1,225,47,0.6709194,0,0.0035977,0.6745171,0,1,1,6308.80377207608,4940.28491290939,13.6851885916669,0,0,0,Inf,0,Inf,3354.80432491796,670.315503600199,260.622649356366,375,90,0.355609067329249
Mild,1,3001,7101,Repair,500,2,150,add,1,169,71,1.0208957,0,0.0049077,1.0258034,0,15,15,7902.7819787671,4173.70023639108,37.2908174237602,0,0,0,Inf,0,Inf,5909.20546628518,610,500,375,150,1.22194102516836
Mild,1,3001,7102,Repair,1000,1,90,cancel,1,225,47,0.6870891,0,0.0005105,0.6875996,0,1,1,6308.80377207608,4940.28491290939,13.6851885916669,0,0,0,Inf,0,Inf,3354.80432491796,670.315503600199,260.622649356366,375,90,0.531223864541893
Mild,1,3001,7102,Repair,1000,2,150,add,1,169,71,1.020022,0,0.0023976,1.0224196,0,15,15,7902.7819787671,4173.70023639108,37.2908174237602,0,0,0,Inf,0,Inf,5909.20546628518,610,500,375,150,1.54281474162816
Mild,1,3001,7103,Repair,1500,1,90,cancel,1,225,47,0.7014546,0,0.0019479,0.7034025,0,1,1,6308.80377207608,4940.28491290939,13.6851885916669,0,0,0,Inf,0,Inf,3354.80432491796,670.315503600199,260.622649356366,375,90,0.408241545790314
Mild,1,3001,7103,Repair,1500,2,150,add,1,169,71,1.0370087,0,0.0018285,1.0388372,0,15,15,7902.7819787671,4173.70023639108,37.2908174237602,0,0,0,Inf,0,Inf,5909.20546628518,610,500,375,150,0.568483669131875
Mild,1,3001,7104,Repair,2500,1,90,cancel,1,225,47,0.6867696,0,0.0003458,0.6871154,0,1,1,6308.80377207608,4940.28491290939,13.6851885916669,0,0,0,Inf,0,Inf,3354.80432491796,670.315503600199,260.622649356366,375,90,0.641674621684067
Mild,1,3001,7104,Repair,2500,2,150,add,1,169,71,1.0388493,0,0.0013302,1.0401795,0,15,15,7902.7819787671,4173.70023639108,37.2908174237602,0,0,0,Inf,0,Inf,5909.20546628518,610,500,375,150,1.45151907762128
Mild,2,3002,7201,Restart,500,1,90,cancel,1,225,47,0.6879751,0,0.0336808,0.7216559,0,480,480,10175.5095386273,5312.76074350569,48.6274879512159,0,0.466666666666667,0,Inf,0,Inf,6229.28501242683,430,500,375,90,0.617266753463774
Mild,2,3002,7201,Restart,500,2,150,add,1,144,66,0.9436817,0,0.029955,0.9736367,0,480,480,15349.9305703962,3980.39098749549,113.695395829007,0,0.583333333333333,0,Inf,0,Inf,6983.40330584733,238.79731853116,221.926508326222,375,150,1.0242014296072
Mild,2,3002,7202,Restart,1000,1,90,cancel,1,225,47,0.6754726,0,0.0683581,0.7438307,0,990,990,4420.91475234795,4420.91475234795,0,0,0.466666666666667,1,771,0,Inf,6229.28501242683,430,500,375,90,0
Mild,2,3002,7202,Restart,1000,2,150,add,1,144,66,0.9688275,0,0.0612355,1.030063,0,990,990,3326.48552389909,3165.94302611399,1.60542497785099,0,0.416666666666667,0,534,0,Inf,4034.9578415463,127.768217670734,266.67813879512,375,150,0
Mild,2,3002,7203,Restart,1500,1,90,cancel,1,225,47,0.6929111,0,0.1038684,0.7967795,0,1500,1500,7918.68088598077,5083.00636857579,28.3567451740498,0,0.4,0,Inf,0,Inf,6229.28501242683,430,500,375,90,0.792910992683257
Mild,2,3002,7203,Restart,1500,2,150,add,1,169,71,1.0327299,0,0.097719,1.1304489,0,1500,1500,8011.47487367206,3548.94871551677,44.6252615815529,0,0.692307692307692,0,Inf,0,Inf,5620.3256163234,680,700,375,150,0.770142050396612
Mild,2,3002,7204,Restart,2500,1,90,cancel,1,225,47,0.6822856,0,0.1678555,0.8501411,0,2490,2490,3332.04267950989,3332.04267950989,0,0,0.733333333333333,1,399,0,Inf,6229.28501242683,430,500,375,90,0
Mild,2,3002,7204,Restart,2500,2,150,add,1,144,66,0.9602019,0,0.1522302,1.1124321,0,2490,2490,14160.9136683936,4463.62095683941,96.9729271155414,0,0.416666666666667,0,Inf,0,Inf,4344.45406269813,900,700,375,150,2.32507516440151
Mild,2,3002,7201,WarmStart,500,1,90,cancel,1,225,47,0.6792175,0.0036022,0.0307931,0.7136128,43,450,493,6291.79417485331,4896.88299346484,13.9491118138847,0,0.266666666666667,0,Inf,0,Inf,6229.28501242683,430,500,375,90,0
Mild,2,3002,7201,WarmStart,500,2,150,add,1,121,61,0.9162299,0.005181,0.0248884,0.9462993,70,420,490,7583.20310710129,4254.26008437614,33.2894302272514,0,0,0,Inf,0,Inf,5276.64511927311,434.383188845696,148.766377691392,375,150,0
Mild,2,3002,7202,WarmStart,1000,1,90,cancel,1,225,47,0.6837207,0.0042463,0.0657414,0.7537084,52,930,982,5136.83029228984,3969.48999366472,11.6734029862513,0,0.2,0,Inf,0,Inf,6229.28501242683,430,500,375,90,0.161938327257197
Mild,2,3002,7202,WarmStart,1000,2,150,add,1,144,66,0.9395679,0.0051551,0.0581175,1.0028405,70,930,1000,5885.77717698193,3127.4347329324,27.5834244404953,0,0,0,Inf,0,Inf,7172.28337683826,340.475920832573,300,375,150,0.769368041645047
Mild,2,3002,7203,WarmStart,1500,1,90,cancel,1,225,47,0.6770294,0.0037142,0.1002287,0.7809723,48,1440,1488,4416.66146188871,4416.66146188871,0,0,0.266666666666667,1,588,0,Inf,6229.28501242683,430,500,375,90,0
Mild,2,3002,7203,WarmStart,1500,2,150,add,1,144,66,0.955014,0.0046207,0.0865331,1.0461678,72,1410,1482,4525.89376760867,3647.69251875013,8.78201248858534,0,0,0,Inf,0,Inf,4706.36435060735,420,120,375,150,0
Mild,2,3002,7204,WarmStart,2500,1,90,cancel,1,225,47,0.6968727,0.003573,0.1639644,0.8644101,47,2430,2477,4436.33405190668,4436.33405190668,0,0,0.333333333333333,1,1398,0,Inf,6229.28501242683,430,500,375,90,0.331415734614546
Mild,2,3002,7204,WarmStart,2500,2,150,add,1,144,66,0.9461902,0.0048748,0.1460531,1.0971181,73,2400,2473,4258.8251297298,3594.27879117436,6.64546338555442,0,0,0,Inf,0,Inf,3164.62043496268,420,179.816882091305,375,150,0
Mild,2,3002,7201,Repair,500,1,90,cancel,1,225,47,0.6782101,0,0.0007454,0.6789555,0,1,1,7588.17925087987,5061.23662220237,25.2694262867751,0,0,0,Inf,0,Inf,6229.28501242683,430,500,375,90,0.206043783378655
Mild,2,3002,7201,Repair,500,2,150,add,1,144,66,0.9507121,0,0.0020645,0.9527766,0,14,14,9668.12599668015,4296.77471255154,53.7135128412861,0,0,0,Inf,0,Inf,6265.49047969365,420,300,375,150,0.274939607990512
Mild,2,3002,7202,Repair,1000,1,90,cancel,1,225,47,0.6780971,0,0.0002001,0.6782972,0,1,1,7588.17925087987,5061.23662220237,25.2694262867751,0,0,0,Inf,0,Inf,6229.28501242683,430,500,375,90,0.71642740834344
Mild,2,3002,7202,Repair,1000,2,150,add,1,144,66,1.0354816,0,0.0008846,1.0363662,0,14,14,9668.12599668015,4296.77471255154,53.7135128412861,0,0,0,Inf,0,Inf,6265.49047969365,420,300,375,150,1.90640855858822
Mild,2,3002,7203,Repair,1500,1,90,cancel,1,225,47,0.6849882,0,0.0001134,0.6851016,0,1,1,7588.17925087987,5061.23662220237,25.2694262867751,0,0,0,Inf,0,Inf,6229.28501242683,430,500,375,90,0.718080345609037
Mild,2,3002,7203,Repair,1500,2,150,add,1,144,66,0.9604467,0,0.0012654,0.9617121,0,14,14,9668.12599668015,4296.77471255154,53.7135128412861,0,0,0,Inf,0,Inf,6265.49047969365,420,300,375,150,1.13618049673942
Mild,2,3002,7204,Repair,2500,1,90,cancel,1,225,47,0.6760646,0,0.0001049,0.6761695,0,1,1,7588.17925087987,5061.23662220237,25.2694262867751,0,0,0,Inf,0,Inf,6229.28501242683,430,500,375,90,1.27733555081474
Mild,2,3002,7204,Repair,2500,2,150,add,1,144,66,0.9500658,0,0.0008568,0.9509226,0,14,14,9668.12599668015,4296.77471255154,53.7135128412861,0,0,0,Inf,0,Inf,6265.49047969365,420,300,375,150,1.27013922905389
Moderate,1,3001,7101,Restart,500,1,90,cancel,2,196,44,0.646816,0,0.0335973,0.6804133,0,480,480,3525.28941752385,3525.28941752385,0,0,0.5,1,212,1,2,3039.24440957036,670.315503600199,260.622649356366,375,90,0
Moderate,1,3001,7101,Restart,500,2,150,add,2,144,96,1.4107743,0,0.0321213,1.4428956,0,480,480,17660.5946626633,4583.1467784435,130.774478842198,0,0.75,0,Inf,0,Inf,6649.19184222346,850,500,375,150,2.28637848445887
Moderate,1,3001,7102,Restart,1000,1,90,cancel,2,196,44,0.6403793,0,0.0683672,0.7087465,0,990,990,4199.12104938253,4199.12104938253,0,0,0.428571428571429,1,503,1,2,3039.24440957036,670.315503600199,260.622649356366,375,90,0.0507330463563621
Moderate,1,3001,7102,Restart,1000,2,150,add,2,144,96,1.3942848,0,0.0683422,1.462627,0,990,990,13419.1292298735,4038.29865230652,93.80830577567,0,0.416666666666667,0,Inf,0,Inf,4831.78422953427,537.495087689875,622.226588720111,375,150,1.5051646745579
Moderate,1,3001,7103,Restart,1500,1,90,cancel,2,196,44,0.6401679,0,0.0984592,0.7386271,0,1500,1500,3821.34056476694,3821.34056476694,0,0,0.571428571428571,1,435,1,2,3039.24440957036,670.315503600199,260.622649356366,375,90,0
Moderate,1,3001,7103,Restart,1500,2,150,add,2,121,89,1.3382883,0,0.0950212,1.4333095,0,1500,1500,3474.78267419484,3461.21180074583,0.135708734490152,0,0.272727272727273,0,Inf,0,Inf,5428.91487192242,120,700,375,150,0
Moderate,1,3001,7104,Restart,2500,1,90,cancel,2,196,44,0.6346105,0,0.1652138,0.7998243,0,2490,2490,4393.12866764074,4393.12866764074,0,0,0.5,1,442,1,2,3039.24440957036,670.315503600199,260.622649356366,375,90,0.0992789714086457
Moderate,1,3001,7104,Restart,2500,2,150,add,2,144,96,1.4008443,0,0.1641715,1.5650158,0,2490,2490,9941.41573574051,3653.32957354831,62.880861621922,0,0.583333333333333,0,Inf,0,Inf,4711.54668244648,610,500,375,150,1.15806825349303
Moderate,1,3001,7101,WarmStart,500,1,90,cancel,2,196,44,0.6502724,0.0036904,0.0306636,0.6846264,46,450,496,3996.37287886192,3996.37287886192,0,0,0.285714285714286,1,47,1,2,3039.24440957036,670.315503600199,260.622649356366,375,90,0.133629726681833
Moderate,1,3001,7101,WarmStart,500,2,150,add,2,144,96,1.3945638,0.0156924,0.020532,1.4307882,200,300,500,5373.87727742846,3559.16287749832,18.1471439993014,0,0,0,Inf,0,Inf,4167.21967111602,610,500,375,150,0
Moderate,1,3001,7102,WarmStart,1000,1,90,cancel,2,196,44,0.6452555,0.0033899,0.0642875,0.7129329,46,930,976,3996.37287886192,3996.37287886192,0,0,0.285714285714286,1,47,1,2,3039.24440957036,670.315503600199,260.622649356366,375,90,0
Moderate,1,3001,7102,WarmStart,1000,2,150,add,2,144,96,1.4243582,0.0142999,0.0532019,1.49186,200,780,980,5356.58568323125,3555.70455865888,18.0088112457237,0,0.0833333333333334,0,Inf,0,Inf,4167.21967111602,610,500,375,150,0
Moderate,1,3001,7103,WarmStart,1500,1,90,cancel,2,196,44,0.64478,0.0037484,0.0950132,0.7435416,42,1440,1482,3882.91491864642,3882.91491864642,0,0,0.285714285714286,1,43,1,2,3039.24440957036,670.315503600199,260.622649356366,375,90,0.0161132861193269
Moderate,1,3001,7103,WarmStart,1500,2,150,add,2,144,96,1.4185623,0.0133978,0.0846257,1.5165858,200,1290,1490,4225.06440692409,3571.26814729168,6.53796259632418,0,0,0,Inf,0,Inf,6649.19184222346,850,500,375,150,0.21592191600964
Moderate,1,3001,7104,WarmStart,2500,1,90,cancel,2,196,44,0.6451136,0.0036691,0.1747016,0.8234843,49,2430,2479,3996.37287886192,3996.37287886192,0,0,0.285714285714286,1,50,1,2,3039.24440957036,670.315503600199,260.622649356366,375,90,0
Moderate,1,3001,7104,WarmStart,2500,2,150,add,2,144,96,1.4285841,0.0134001,0.1488467,1.5908309,200,2280,2480,4606.627116473,3647.58068920146,9.59046427271539,0,0.0833333333333334,0,Inf,0,Inf,4167.21967111602,610,500,375,150,0
Moderate,1,3001,7101,Repair,500,1,90,cancel,2,196,44,0.6525831,0,0.0010958,0.6536789,0,1,1,4745.1574558345,4745.1574558345,0,0,0,1,1,1,2,3039.24440957036,670.315503600199,260.622649356366,375,90,0.346033444019323
Moderate,1,3001,7101,Repair,500,2,150,add,2,144,96,1.3949539,0,0.0035187,1.3984726,0,28,28,9780.79468110471,4268.04431150616,55.1275036959855,0,0,0,Inf,0,Inf,4167.21967111602,610,500,375,150,0.820062903592222
Moderate,1,3001,7102,Repair,1000,1,90,cancel,2,196,44,0.6445226,0,0.0001027,0.6446253,0,1,1,4745.1574558345,4745.1574558345,0,0,0,1,1,1,2,3039.24440957036,670.315503600199,260.622649356366,375,90,0.187366044077903
Moderate,1,3001,7102,Repair,1000,2,150,add,2,144,96,1.4100161,0,0.0017531,1.4117692,0,28,28,9780.79468110471,4268.04431150616,55.1275036959855,0,0,0,Inf,0,Inf,4167.21967111602,610,500,375,150,0.825938248635397
Moderate,1,3001,7103,Repair,1500,1,90,cancel,2,196,44,0.6442439,0,9.9e-05,0.6443429,0,1,1,4745.1574558345,4745.1574558345,0,0,0,1,1,1,2,3039.24440957036,670.315503600199,260.622649356366,375,90,0.24175204366374
Moderate,1,3001,7103,Repair,1500,2,150,add,2,144,96,1.4162189,0,0.0016409,1.4178598,0,28,28,9780.79468110471,4268.04431150616,55.1275036959855,0,0,0,Inf,0,Inf,4167.21967111602,610,500,375,150,1.81479321102321
Moderate,1,3001,7104,Repair,2500,1,90,cancel,2,196,44,0.6433671,0,0.0001028,0.6434699,0,1,1,4745.1574558345,4745.1574558345,0,0,0,1,1,1,2,3039.24440957036,670.315503600199,260.622649356366,375,90,0.187366044077903
Moderate,1,3001,7104,Repair,2500,2,150,add,2,144,96,1.3822553,0,0.0018544,1.3841097,0,28,28,9780.79468110471,4268.04431150616,55.1275036959855,0,0,0,Inf,0,Inf,4167.21967111602,610,500,375,150,1.12320086558107
Moderate,2,3002,7201,Restart,500,1,90,cancel,2,196,44,0.6300581,0,0.0316565,0.6617146,0,480,480,3782.91680463982,3782.91680463982,0,0,0.714285714285714,1,438,0,Inf,5429.28501242684,430,500,375,90,0.0262677405682786
Moderate,2,3002,7201,Restart,500,2,150,add,2,144,96,1.4004215,0,0.0316865,1.432108,0,480,480,20540.5448895021,4401.27913650784,161.392657529942,0,0.583333333333333,0,Inf,0,Inf,5452.66050708117,850,500,375,150,4.00461063866189
Moderate,2,3002,7202,Restart,1000,1,90,cancel,2,196,44,0.6370379,0,0.0673497,0.7043876,0,990,990,3550.43279537922,3550.43279537922,0,0,0.357142857142857,1,381,0,Inf,5429.28501242684,430,500,375,90,0
Moderate,2,3002,7202,Restart,1000,2,150,add,2,121,89,1.2978278,0,0.0612203,1.3590481,0,990,990,5351.61088623594,3850.31306649264,15.0129781974329,0,0.454545454545455,0,Inf,0,Inf,4488.31939936978,345.442665777792,120,375,150,0
Moderate,2,3002,7203,Restart,1500,1,90,cancel,2,196,44,0.639587,0,0.0996026,0.7391896,0,1500,1500,3503.76724847524,3503.76724847524,0,0,0.5,1,900,0,Inf,5429.28501242684,430,500,375,90,0
Moderate,2,3002,7203,Restart,1500,2,150,add,2,144,96,1.3988408,0,0.1014027,1.5002435,0,1500,1500,19453.1005082164,4653.08971467306,148.000107935433,0,0.583333333333333,0,Inf,0,Inf,7478.58654807253,850,120,375,150,2.55065985190616
Moderate,2,3002,7204,Restart,2500,1,90,cancel,2,196,44,0.640102,0,0.1703295,0.8104315,0,2490,2490,5569.74171230866,4912.47250095591,6.57269211352752,0,0.642857142857143,0,Inf,0,Inf,5429.28501242684,430,500,375,90,0
Moderate,2,3002,7204,Restart,2500,2,150,add,2,144,96,1.4220558,0,0.1654267,1.5874825,0,2490,2490,4368.54980294889,3493.70084983523,8.74848953113656,0,0.333333333333333,0,Inf,0,Inf,8131.78444159999,420,300,375,150,0
Moderate,2,3002,7201,WarmStart,500,1,90,cancel,2,196,44,0.6337604,0.0032131,0.0303342,0.6673077,43,450,493,3686.09150916611,3686.09150916611,0,0,0.357142857142857,1,216,0,Inf,5429.28501242684,430,500,375,90,0
Moderate,2,3002,7201,WarmStart,500,2,150,add,2,144,96,1.4165,0.014178,0.0212327,1.4519107,200,300,500,4104.32426667145,2744.45551929231,13.5986874737914,0,0,0,Inf,0,Inf,6744.3682449077,420,300,375,150,0
Moderate,2,3002,7202,WarmStart,1000,1,90,cancel,2,196,44,0.6335719,0.0034124,0.0638041,0.7007884,47,930,977,4636.02304479873,4636.02304479873,0,0,0.285714285714286,1,650,0,Inf,5429.28501242684,430,500,375,90,0.305762793435316
Moderate,2,3002,7202,WarmStart,1000,2,150,add,2,121,89,1.3385411,0.0136808,0.0491289,1.4013508,200,780,980,5478.72827011944,3875.73654326934,16.0299172685009,0,0,0,Inf,0,Inf,5981.04998106998,499.524079167427,300,375,150,0.0237531066039273
Moderate,2,3002,7203,WarmStart,1500,1,90,cancel,2,196,44,0.646244,0.003401,0.0936603,0.7433053,46,1440,1486,4636.02304479873,4636.02304479873,0,0,0.285714285714286,1,344,0,Inf,5429.28501242684,430,500,375,90,0.323153827302947
Moderate,2,3002,7203,WarmStart,1500,2,150,add,2,121,89,1.3331466,0.0129442,0.0876332,1.433724,200,1290,1490,5478.72827011944,3875.73654326934,16.0299172685009,0,0,0,Inf,0,Inf,5981.04998106998,499.524079167427,300,375,150,0
Moderate,2,3002,7204,WarmStart,2500,1,90,cancel,2,196,44,0.6598968,0.0034313,0.1657716,0.8290997,45,2430,2475,6295.32693062855,5057.58954461989,12.3773738600866,0,0.0714285714285714,0,Inf,0,Inf,5429.28501242684,430,500,375,90,0.130272686921264
Moderate,2,3002,7204,WarmStart,2500,2,150,add,2,121,89,1.320943,0.01246,0.1422187,1.4756217,200,2280,2480,8589.57556505212,4326.21917395021,42.6335639110191,0,0,0,Inf,0,Inf,5879.02222572357,523.825907945688,327.651815891375,375,150,0.966230431722198
Moderate,2,3002,7201,Repair,500,1,90,cancel,2,196,44,0.638419,0,0.0001002,0.6385192,0,1,1,6313.56231854095,5061.23662220237,12.5232569633858,0,0,0,Inf,0,Inf,5429.28501242684,430,500,375,90,0.712806723013028
Moderate,2,3002,7201,Repair,500,2,150,add,2,121,89,1.3112633,0,0.0015584,1.3128217,0,26,26,8636.98757362436,4329.86625153269,43.0712132209167,0,0,0,Inf,0,Inf,6159.93877625999,474.772166735827,357.654912353502,375,150,1.10436286522479
Moderate,2,3002,7202,Repair,1000,1,90,cancel,2,196,44,0.6547491,0,9.96e-05,0.6548487,0,1,1,6313.56231854095,5061.23662220237,12.5232569633858,0,0,0,Inf,0,Inf,5429.28501242684,430,500,375,90,0.778251464654636
Moderate,2,3002,7202,Repair,1000,2,150,add,2,121,89,1.2966506,0,0.0015997,1.2982503,0,26,26,8636.98757362436,4329.86625153269,43.0712132209167,0,0,0,Inf,0,Inf,6159.93877625999,474.772166735827,357.654912353502,375,150,0.613904253733812
Moderate,2,3002,7203,Repair,1500,1,90,cancel,2,196,44,0.6390337,0,9.77e-05,0.6391314,0,1,1,6313.56231854095,5061.23662220237,12.5232569633858,0,0,0,Inf,0,Inf,5429.28501242684,430,500,375,90,0.801935422876182
Moderate,2,3002,7203,Repair,1500,2,150,add,2,121,89,1.3067578,0,0.0014405,1.3081983,0,26,26,8636.98757362436,4329.86625153269,43.0712132209167,0,0,0,Inf,0,Inf,6159.93877625999,474.772166735827,357.654912353502,375,150,0.576458467694012
Moderate,2,3002,7204,Repair,2500,1,90,cancel,2,196,44,0.6349828,0,0.0001013,0.6350841,0,1,1,6313.56231854095,5061.23662220237,12.5232569633858,0,0,0,Inf,0,Inf,5429.28501242684,430,500,375,90,0.133546696535049
Moderate,2,3002,7204,Repair,2500,2,150,add,2,121,89,1.2881279,0,0.0014283,1.2895562,0,26,26,8636.98757362436,4329.86625153269,43.0712132209167,0,0,0,Inf,0,Inf,6159.93877625999,474.772166735827,357.654912353502,375,150,0.9770834632111
Severe,1,3001,7101,Restart,500,1,90,cancel,4,121,35,0.5056256,0,0.0268542,0.5324798,0,480,480,3472.16695769297,3472.16695769297,0,0,0.636363636363636,1,2,1,1,3286.94280084151,670.315503600199,260.622649356366,375,90,0.219421686975594
Severe,1,3001,7101,Restart,500,2,150,add,4,81,129,1.8769701,0,0.0312797,1.9082498,0,480,480,6057.83649516825,3058.16595335868,29.9967054180956,0,0.777777777777778,0,Inf,0,Inf,4964.05828237499,171.341906971856,515.033420717039,375,150,0.296211162319538
Severe,1,3001,7102,Restart,1000,1,90,cancel,4,121,35,0.5568535,0,0.073153,0.6300065,0,990,990,2624.56885202112,2624.56885202112,0,0,0.454545454545455,1,3,1,1,3286.94280084151,670.315503600199,260.622649356366,375,90,0
Severe,1,3001,7102,Restart,1000,2,150,add,4,81,129,2.1893525,0,0.0634356,2.2527881,0,990,990,3434.24393917841,3434.24393917841,0,0,0.222222222222222,1,480,1,2,3166.76963161045,680,700,375,150,0
Severe,1,3001,7103,Restart,1500,1,90,cancel,4,121,35,0.5830947,0,0.0916144,0.6747091,0,1500,1500,3241.48715296337,3241.48715296337,0,0,0.636363636363636,1,8,1,1,3286.94280084151,670.315503600199,260.622649356366,375,90,0.142745760965634
Severe,1,3001,7103,Restart,1500,2,150,add,4,81,129,1.9219478,0,0.0934442,2.015392,0,1500,1500,2749.36014400834,2749.36014400834,0,0,0.444444444444444,1,198,1,2,2416.73412339855,900,300,375,150,0
Severe,1,3001,7104,Restart,2500,1,90,cancel,4,121,35,0.5294987,0,0.1367919,0.6662906,0,2490,2490,2949.21257983966,2949.21257983966,0,0,0.636363636363636,1,2,1,1,3286.94280084151,670.315503600199,260.622649356366,375,90,0.17641934380096
Severe,1,3001,7104,Restart,2500,2,150,add,4,64,118,1.736056,0,0.1467459,1.8828019,0,2490,2490,5695.40564118498,3620.32155793507,20.750840832499,0,0.375,0,Inf,0,Inf,3378.50690085556,425.608669408446,500,375,150,1.00957846965029
Severe,1,3001,7101,WarmStart,500,1,90,cancel,4,121,35,0.5151904,0.0026405,0.0259523,0.5437832,38,450,488,2847.3882290093,2847.3882290093,0,0,0.181818181818182,1,39,1,1,3286.94280084151,670.315503600199,260.622649356366,375,90,0
Severe,1,3001,7101,WarmStart,500,2,150,add,4,81,129,1.8973921,0.1397425,0.0202695,2.0574041,200,300,500,4673.49508418667,3777.07185768567,8.96423226500997,0,0,0,Inf,0,Inf,3417.38511836914,610,500,375,150,0
Severe,1,3001,7102,WarmStart,1000,1,90,cancel,4,121,35,0.5251868,0.0026554,0.055112,0.5829542,38,960,998,2847.3882290093,2847.3882290093,0,0,0.181818181818182,1,39,1,1,3286.94280084151,670.315503600199,260.622649356366,375,90,0.0848975163355276
Severe,1,3001,7102,WarmStart,1000,2,150,add,4,81,129,1.8792622,0.1349886,0.0486929,2.0629437,200,780,980,4673.49508418667,3777.07185768567,8.96423226500997,0,0,0,Inf,0,Inf,3417.38511836914,610,500,375,150,0.360851228670941
Severe,1,3001,7103,WarmStart,1500,1,90,cancel,4,121,35,0.5106591,0.0022269,0.0781294,0.5910154,33,1440,1473,2836.57770930979,2836.57770930979,0,0,0.272727272727273,1,34,1,1,3286.94280084151,670.315503600199,260.622649356366,375,90,0
Severe,1,3001,7103,WarmStart,1500,2,150,add,4,81,129,1.876507,0.1338207,0.0786372,2.0889649,200,1290,1490,4732.43735784982,3788.8603124183,9.43577045431522,0,0,0,Inf,0,Inf,4077.57972180654,453.710975817426,489.910223056414,375,150,0.721286812192715
Severe,1,3001,7104,WarmStart,2500,1,90,cancel,4,121,35,0.5088603,0.0023342,0.1328094,0.6440039,34,2460,2494,2506.93988957278,2506.93988957278,0,0,0.363636363636364,1,35,1,1,3286.94280084151,670.315503600199,260.622649356366,375,90,0
Severe,1,3001,7104,WarmStart,2500,2,150,add,4,81,129,1.8785875,0.1380553,0.1432386,2.1598814,200,2280,2480,2834.12950884974,2834.12950884974,0,0,0.111111111111111,1,610,1,2,3166.76963161045,680,700,375,150,0
Severe,1,3001,7101,Repair,500,1,90,cancel,4,121,35,0.5151535,0,8.39e-05,0.5152374,0,1,1,3648.44706961483,3648.44706961483,0,0,0,1,1,1,1,3286.94280084151,670.315503600199,260.622649356366,375,90,0.281331092277587
Severe,1,3001,7101,Repair,500,2,150,add,4,81,129,1.8708645,0,0.0033406,1.8742051,0,47,47,5278.15921719231,3898.0046842868,13.8015453290552,0,0,0,Inf,0,Inf,3417.38511836914,610,500,375,150,0.129381570347981
Severe,1,3001,7102,Repair,1000,1,90,cancel,4,121,35,0.5200912,0,8.4e-05,0.5201752,0,1,1,3648.44706961483,3648.44706961483,0,0,0,1,1,1,1,3286.94280084151,670.315503600199,260.622649356366,375,90,0.390112919615443
Severe,1,3001,7102,Repair,1000,2,150,add,4,81,129,1.8795974,0,0.0024198,1.8820172,0,47,47,5278.15921719231,3898.0046842868,13.8015453290552,0,0,0,Inf,0,Inf,3417.38511836914,610,500,375,150,0.536920297646366
Severe,1,3001,7103,Repair,1500,1,90,cancel,4,121,35,0.4973856,0,8.24e-05,0.497468,0,1,1,3648.44706961483,3648.44706961483,0,0,0,1,1,1,1,3286.94280084151,670.315503600199,260.622649356366,375,90,0.286214390545496
Severe,1,3001,7103,Repair,1500,2,150,add,4,81,129,1.883566,0,0.0023916,1.8859576,0,47,47,5278.15921719231,3898.0046842868,13.8015453290552,0,0,0,Inf,0,Inf,3417.38511836914,610,500,375,150,0.919777308438461
Severe,1,3001,7104,Repair,2500,1,90,cancel,4,121,35,0.5187429,0,9.36e-05,0.5188365,0,1,1,3648.44706961483,3648.44706961483,0,0,0,1,1,1,1,3286.94280084151,670.315503600199,260.622649356366,375,90,0.455338871422474
Severe,1,3001,7104,Repair,2500,2,150,add,4,81,129,1.9162151,0,0.0023917,1.9186068,0,47,47,5278.15921719231,3898.0046842868,13.8015453290552,0,0,0,Inf,0,Inf,3417.38511836914,610,500,375,150,0.862356395750773
Severe,2,3002,7201,Restart,500,1,90,cancel,4,169,41,0.5931083,0,0.0328998,0.6260081,0,480,480,4132.8570426698,4132.8570426698,0,0,0.538461538461538,1,65,1,2,3210.44531077027,430,500,375,90,0.330579587880966
Severe,2,3002,7201,Restart,500,2,150,add,4,100,140,2.032727,0,0.0357925,2.0685195,0,480,480,8604.82926903617,3433.21298074007,51.716162882961,0,0.4,0,Inf,0,Inf,10048.9992990442,481.627072503118,445.655713154613,375,150,0.090708659377565
Severe,2,3002,7202,Restart,1000,1,90,cancel,4,169,41,0.6028415,0,0.0616435,0.664485,0,990,990,4185.16236021639,4185.16236021639,0,0,0.538461538461538,1,108,1,2,3210.44531077027,430,500,375,90,0.347419364129352
Severe,2,3002,7202,Restart,1000,2,150,add,4,81,129,1.8884238,0,0.0625736,1.9509974,0,990,990,13315.1400418658,4306.08928976864,90.0905075209711,0,0.444444444444444,0,Inf,0,Inf,8493.75345556828,620.511377382894,300.444675985125,375,150,1.00281619737863
Severe,2,3002,7203,Restart,1500,1,90,cancel,4,169,41,0.5963446,0,0.0938599,0.6902045,0,1500,1500,3212.47543978925,3212.47543978925,0,0,0.307692307692308,1,153,1,2,3210.44531077027,430,500,375,90,0.0342613360735156
Severe,2,3002,7203,Restart,1500,2,150,add,4,100,140,2.0508918,0,0.0989007,2.1497925,0,1500,1500,15176.5241312951,3883.68416232829,112.928399689668,0,0.4,0,Inf,0,Inf,10811.3799257507,420,120,375,150,1.30258066837024
Severe,2,3002,7204,Restart,2500,1,90,cancel,4,169,41,0.5918034,0,0.1566486,0.748452,0,2490,2490,3738.21029934819,3738.21029934819,0,0,0.307692307692308,1,97,1,2,3210.44531077027,430,500,375,90,0.227173969294647
Severe,2,3002,7204,Restart,2500,2,150,add,4,121,151,2.2262012,0,0.1707916,2.3969928,0,2490,2490,9382.08626704253,3230.49017247587,61.5159609456666,0,0.272727272727273,0,Inf,0,Inf,10435.2343217257,240,300,375,150,1.76661088062156
Severe,2,3002,7201,WarmStart,500,1,90,cancel,4,169,41,0.5902262,0.0036333,0.0286721,0.6225316,45,450,495,3106.05775130794,3106.05775130794,0,0,0.0769230769230769,1,46,1,2,3210.44531077027,430,500,375,90,0
Severe,2,3002,7201,WarmStart,500,2,150,add,4,100,140,2.0734388,0.1893101,0.0202456,2.2829945,200,300,500,7889.20963912278,3081.17006202424,48.0803957709854,0,0,0,Inf,0,Inf,10729.9748079976,420,120,375,150,0
Severe,2,3002,7202,WarmStart,1000,1,90,cancel,4,169,41,0.625481,0.0032094,0.0581696,0.68686,45,930,975,3106.05775130794,3106.05775130794,0,0,0.0769230769230769,1,46,1,2,3210.44531077027,430,500,375,90,0
Severe,2,3002,7202,WarmStart,1000,2,150,add,4,100,140,2.0608821,0.1869388,0.0525167,2.3003376,200,780,980,6648.20868699445,2985.70845032206,36.6250023667238,0,0.1,0,Inf,0,Inf,10729.9748079976,420,120,375,150,0
Severe,2,3002,7203,WarmStart,1500,1,90,cancel,4,169,41,0.602261,0.0030306,0.0878049,0.6930965,42,1440,1482,3106.05775130794,3106.05775130794,0,0,0.0769230769230769,1,43,1,2,3210.44531077027,430,500,375,90,0
Severe,2,3002,7203,WarmStart,1500,2,150,add,4,100,140,2.0534821,0.1881431,0.0847403,2.3263655,200,1290,1490,6591.09335007012,3204.9876947802,33.8610565528992,0,0.1,0,Inf,0,Inf,10729.9748079976,420,120,375,150,0
Severe,2,3002,7204,WarmStart,2500,1,90,cancel,4,169,41,0.5948491,0.0029873,0.1473683,0.7452047,41,2430,2471,3046.19425842029,3046.19425842029,0,0,0.230769230769231,1,42,1,2,3210.44531077027,430,500,375,90,0
Severe,2,3002,7204,WarmStart,2500,2,150,add,4,81,129,1.868504,0.1333627,0.1394971,2.1413638,200,2280,2480,3391.18389678808,2736.86387616926,6.5432002061882,0,0,0,Inf,0,Inf,8564.90125075336,289.472592281793,120,375,150,0
Severe,2,3002,7201,Repair,500,1,90,cancel,4,169,41,0.6037147,0,9.64e-05,0.6038111,0,1,1,4292.89084410448,4292.89084410448,0,0,0,1,1,1,2,3210.44531077027,430,500,375,90,0.38210271277048
Severe,2,3002,7201,Repair,500,2,150,add,4,100,140,2.0520934,0,0.0027523,2.0548457,0,51,51,10792.7702549926,4188.02431653364,66.0474593845892,0,0,0,Inf,0,Inf,10729.9748079976,420,120,375,150,0.368042015447402
Severe,2,3002,7202,Repair,1000,1,90,cancel,4,169,41,0.6004314,0,9.78e-05,0.6005292,0,1,1,4292.89084410448,4292.89084410448,0,0,0,1,1,1,2,3210.44531077027,430,500,375,90,0.38210271277048
Severe,2,3002,7202,Repair,1000,2,150,add,4,100,140,2.0605029,0,0.0027901,2.063293,0,51,51,10792.7702549926,4188.02431653364,66.0474593845892,0,0,0,Inf,0,Inf,10729.9748079976,420,120,375,150,0.623410269311483
Severe,2,3002,7203,Repair,1500,1,90,cancel,4,169,41,0.5926696,0,9.74e-05,0.592767,0,1,1,4292.89084410448,4292.89084410448,0,0,0,1,1,1,2,3210.44531077027,430,500,375,90,0.38210271277048
Severe,2,3002,7203,Repair,1500,2,150,add,4,100,140,2.0687574,0,0.0032336,2.071991,0,51,51,10792.7702549926,4188.02431653364,66.0474593845892,0,0,0,Inf,0,Inf,10729.9748079976,420,120,375,150,0.63747798457107
Severe,2,3002,7204,Repair,2500,1,90,cancel,4,169,41,0.5953269,0,9.75e-05,0.5954244,0,1,1,4292.89084410448,4292.89084410448,0,0,0,1,1,1,2,3210.44531077027,430,500,375,90,0.409263651600048
Severe,2,3002,7204,Repair,2500,2,150,add,4,100,140,2.0642834,0,0.0029903,2.0672737,0,51,51,10792.7702549926,4188.02431653364,66.0474593845892,0,0,0,Inf,0,Inf,10729.9748079976,420,120,375,150,2.18259657496453
