dataset,level,instance,seed_index,algorithm_seed,k,free_count,preprocess_fe,search_fe,total_fe,bks_cost,cost,gap_to_bks,improvement_over_repair,unique_route_ratio,route_change_rate,improvement_count,last_improvement_fe,is_feasible
addition_instances,M1,9,1,22101,0,1,20,991,1011,3251.1452136787,3489.87731324602,0.0734301557995287,0,0.0181818181818182,0.380853277835588,0,0,1
addition_instances,M1,9,1,22101,2,3,20,991,1011,3251.1452136787,3489.87731324602,0.0734301557995287,0,0.127272727272727,0.572320499479709,0,0,1
addition_instances,M1,9,1,22101,4,5,20,991,1011,3251.1452136787,3489.87731324602,0.0734301557995287,0,0.186868686868687,0.81789802289282,0,0,1
addition_instances,M1,9,1,22101,6,7,20,991,1011,3251.1452136787,3489.87731324602,0.0734301557995287,0,0.375757575757576,0.916753381893861,0,0,1
addition_instances,M1,9,1,22101,8,9,20,991,1011,3251.1452136787,3489.87731324602,0.0734301557995287,0,0.542424242424242,0.942767950052029,0,0,1
addition_instances,M1,9,1,22101,12,13,20,991,1011,3251.1452136787,3489.87731324602,0.0734301557995287,0,0.813131313131313,0.95525494276795,0,0,1
addition_instances,M1,9,1,22101,Inf,18,20,991,1011,3251.1452136787,3489.87731324602,0.0734301557995287,0,0.891919191919192,0.959417273673257,0,0,1
addition_instances,M1,9,2,22102,0,1,20,991,1011,3251.1452136787,3489.87731324602,0.0734301557995287,0,0.0171717171717172,0.203954214360042,0,0,1
addition_instances,M1,9,2,22102,2,3,20,991,1011,3251.1452136787,3489.87731324602,0.0734301557995287,0,0.141414141414141,0.59729448491155,0,0,1
addition_instances,M1,9,2,22102,4,5,20,991,1011,3251.1452136787,3489.87731324602,0.0734301557995287,0,0.23030303030303,0.819979188345473,0,0,1
addition_instances,M1,9,2,22102,6,7,20,991,1011,3251.1452136787,3489.87731324602,0.0734301557995287,0,0.358585858585859,0.918834547346514,0,0,1
addition_instances,M1,9,2,22102,8,9,20,991,1011,3251.1452136787,3489.87731324602,0.0734301557995287,0,0.548484848484848,0.938605619146722,0,0,1
addition_instances,M1,9,2,22102,12,13,20,991,1011,3251.1452136787,3489.87731324602,0.0734301557995287,0,0.82020202020202,0.95837669094693,0,0,1
addition_instances,M1,9,2,22102,Inf,18,20,991,1011,3251.1452136787,3489.87731324602,0.0734301557995287,0,0.923232323232323,0.965660770031218,0,0,1
addition_instances,M1,9,3,22103,0,1,20,991,1011,3251.1452136787,3489.87731324602,0.0734301557995287,0,0.0181818181818182,0.293444328824142,0,0,1
addition_instances,M1,9,3,22103,2,3,20,991,1011,3251.1452136787,3442.4591825315,0.0588451011194068,0.0135873345846693,0.172727272727273,0.885535900104058,1,46,1
addition_instances,M1,9,3,22103,4,5,20,991,1011,3251.1452136787,3489.87731324602,0.0734301557995287,0,0.201010101010101,0.818938605619147,0,0,1
addition_instances,M1,9,3,22103,6,7,20,991,1011,3251.1452136787,3489.87731324602,0.0734301557995287,0,0.378787878787879,0.911550468262227,0,0,1
addition_instances,M1,9,3,22103,8,9,20,991,1011,3251.1452136787,3489.87731324602,0.0734301557995287,0,0.566666666666667,0.936524453694069,0,0,1
addition_instances,M1,9,3,22103,12,13,20,991,1011,3251.1452136787,3489.87731324602,0.0734301557995287,0,0.802020202020202,0.954214360041623,0,0,1
addition_instances,M1,9,3,22103,Inf,18,20,991,1011,3251.1452136787,3489.87731324602,0.0734301557995287,0,0.922222222222222,0.965660770031218,0,0,1
addition_instances,M1,9,4,22104,0,1,20,991,1011,3251.1452136787,3489.87731324602,0.0734301557995287,0,0.0181818181818182,0.31321540062435,0,0,1
addition_instances,M1,9,4,22104,2,3,20,991,1011,3251.1452136787,3489.87731324602,0.0734301557995287,0,0.142424242424242,0.643080124869927,0,0,1
addition_instances,M1,9,4,22104,4,5,20,991,1011,3251.1452136787,3489.87731324602,0.0734301557995287,0,0.181818181818182,0.838709677419355,0,0,1
addition_instances,M1,9,4,22104,6,7,20,991,1011,3251.1452136787,3489.87731324602,0.0734301557995287,0,0.36969696969697,0.908428720083247,0,0,1
addition_instances,M1,9,4,22104,8,9,20,991,1011,3251.1452136787,3489.87731324602,0.0734301557995287,0,0.584848484848485,0.931321540062435,0,0,1
addition_instances,M1,9,4,22104,12,13,20,991,1011,3251.1452136787,3489.87731324602,0.0734301557995287,0,0.816161616161616,0.959417273673257,0,0,1
addition_instances,M1,9,4,22104,Inf,18,20,991,1011,3251.1452136787,3489.87731324602,0.0734301557995287,0,0.918181818181818,0.964620187304891,0,0,1
addition_instances,M1,9,5,22105,0,1,20,991,1011,3251.1452136787,3489.87731324602,0.0734301557995287,0,0.0181818181818182,0.276795005202914,0,0,1
addition_instances,M1,9,5,22105,2,3,20,991,1011,3251.1452136787,3442.4591825315,0.0588451011194068,0.0135873345846693,0.188888888888889,0.920915712799168,1,153,1
addition_instances,M1,9,5,22105,4,5,20,991,1011,3251.1452136787,3489.87731324602,0.0734301557995287,0,0.216161616161616,0.791883454734651,0,0,1
addition_instances,M1,9,5,22105,6,7,20,991,1011,3251.1452136787,3489.87731324602,0.0734301557995287,0,0.345454545454545,0.906347554630593,0,0,1
addition_instances,M1,9,5,22105,8,9,20,991,1011,3251.1452136787,3489.87731324602,0.0734301557995287,0,0.597979797979798,0.933402705515088,0,0,1
addition_instances,M1,9,5,22105,12,13,20,991,1011,3251.1452136787,3489.87731324602,0.0734301557995287,0,0.828282828282828,0.959417273673257,0,0,1
addition_instances,M1,9,5,22105,Inf,18,20,991,1011,3251.1452136787,3489.87731324602,0.0734301557995287,0,0.938383838383838,0.963579604578564,0,0,1
addition_instances,M1,10,1,22201,0,1,20,991,1011,3442.96743994192,3490.38557065644,0.0137724598160347,0,0.0171717171717172,0.491155046826223,0,0,1
addition_instances,M1,10,1,22201,2,3,20,991,1011,3442.96743994192,3490.38557065644,0.0137724598160347,0,0.158585858585859,0.857440166493236,0,0,1
addition_instances,M1,10,1,22201,4,5,20,991,1011,3442.96743994192,3490.38557065644,0.0137724598160347,0,0.312121212121212,0.875130072840791,0,0,1
addition_instances,M1,10,1,22201,6,7,20,991,1011,3442.96743994192,3490.38557065644,0.0137724598160347,0,0.558585858585859,0.935483870967742,0,0,1
addition_instances,M1,10,1,22201,8,9,20,991,1011,3442.96743994192,3490.38557065644,0.0137724598160347,0,0.641414141414141,0.94901144640999,0,0,1
addition_instances,M1,10,1,22201,12,13,20,991,1011,3442.96743994192,3490.38557065644,0.0137724598160347,0,0.805050505050505,0.953173777315297,0,0,1
addition_instances,M1,10,1,22201,Inf,18,20,991,1011,3442.96743994192,3490.38557065644,0.0137724598160347,0,0.932323232323232,0.964620187304891,0,0,1
addition_instances,M1,10,2,22202,0,1,20,991,1011,3442.96743994192,3490.38557065644,0.0137724598160347,0,0.0181818181818182,0.557752341311134,0,0,1
addition_instances,M1,10,2,22202,2,3,20,991,1011,3442.96743994192,3490.38557065644,0.0137724598160347,0,0.150505050505051,0.85952133194589,0,0,1
addition_instances,M1,10,2,22202,4,5,20,991,1011,3442.96743994192,3490.38557065644,0.0137724598160347,0,0.284848484848485,0.877211238293444,0,0,1
addition_instances,M1,10,2,22202,6,7,20,991,1011,3442.96743994192,3490.38557065644,0.0137724598160347,0,0.523232323232323,0.922996878251821,0,0,1
addition_instances,M1,10,2,22202,8,9,20,991,1011,3442.96743994192,3490.38557065644,0.0137724598160347,0,0.649494949494949,0.947970863683663,0,0,1
addition_instances,M1,10,2,22202,12,13,20,991,1011,3442.96743994192,3490.38557065644,0.0137724598160347,0,0.804040404040404,0.959417273673257,0,0,1
addition_instances,M1,10,2,22202,Inf,18,20,991,1011,3442.96743994192,3490.38557065644,0.0137724598160347,0,0.907070707070707,0.962539021852237,0,0,1
addition_instances,M1,10,3,22203,0,1,20,991,1011,3442.96743994192,3490.38557065644,0.0137724598160347,0,0.0181818181818182,0.59417273673257,0,0,1
addition_instances,M1,10,3,22203,2,3,20,991,1011,3442.96743994192,3490.38557065644,0.0137724598160347,0,0.167676767676768,0.882414151925078,0,0,1
addition_instances,M1,10,3,22203,4,5,20,991,1011,3442.96743994192,3490.38557065644,0.0137724598160347,0,0.336363636363636,0.890738813735692,0,0,1
addition_instances,M1,10,3,22203,6,7,20,991,1011,3442.96743994192,3490.38557065644,0.0137724598160347,0,0.515151515151515,0.925078043704475,0,0,1
addition_instances,M1,10,3,22203,8,9,20,991,1011,3442.96743994192,3490.38557065644,0.0137724598160347,0,0.691919191919192,0.94901144640999,0,0,1
addition_instances,M1,10,3,22203,12,13,20,991,1011,3442.96743994192,3490.38557065644,0.0137724598160347,0,0.84949494949495,0.963579604578564,0,0,1
addition_instances,M1,10,3,22203,Inf,18,20,991,1011,3442.96743994192,3490.38557065644,0.0137724598160347,0,0.948484848484848,0.964620187304891,0,0,1
addition_instances,M1,10,4,22204,0,1,20,991,1011,3442.96743994192,3490.38557065644,0.0137724598160347,0,0.0171717171717172,0.59729448491155,0,0,1
addition_instances,M1,10,4,22204,2,3,20,991,1011,3442.96743994192,3490.38557065644,0.0137724598160347,0,0.152525252525253,0.825182101977107,0,0,1
addition_instances,M1,10,4,22204,4,5,20,991,1011,3442.96743994192,3490.38557065644,0.0137724598160347,0,0.370707070707071,0.891779396462019,0,0,1
addition_instances,M1,10,4,22204,6,7,20,991,1011,3442.96743994192,3490.38557065644,0.0137724598160347,0,0.531313131313131,0.936524453694069,0,0,1
addition_instances,M1,10,4,22204,8,9,20,991,1011,3442.96743994192,3490.38557065644,0.0137724598160347,0,0.686868686868687,0.957336108220604,0,0,1
addition_instances,M1,10,4,22204,12,13,20,991,1011,3442.96743994192,3490.38557065644,0.0137724598160347,0,0.831313131313131,0.957336108220604,0,0,1
addition_instances,M1,10,4,22204,Inf,18,20,991,1011,3442.96743994192,3490.38557065644,0.0137724598160347,0,0.901010101010101,0.957336108220604,0,0,1
addition_instances,M1,10,5,22205,0,1,20,991,1011,3442.96743994192,3490.38557065644,0.0137724598160347,0,0.0151515151515152,0.533818938605619,0,0,1
addition_instances,M1,10,5,22205,2,3,20,991,1011,3442.96743994192,3490.38557065644,0.0137724598160347,0,0.142424242424242,0.840790842872008,0,0,1
addition_instances,M1,10,5,22205,4,5,20,991,1011,3442.96743994192,3490.38557065644,0.0137724598160347,0,0.297979797979798,0.857440166493236,0,0,1
addition_instances,M1,10,5,22205,6,7,20,991,1011,3442.96743994192,3490.38557065644,0.0137724598160347,0,0.524242424242424,0.916753381893861,0,0,1
addition_instances,M1,10,5,22205,8,9,20,991,1011,3442.96743994192,3490.38557065644,0.0137724598160347,0,0.719191919191919,0.957336108220604,0,0,1
addition_instances,M1,10,5,22205,12,13,20,991,1011,3442.96743994192,3490.38557065644,0.0137724598160347,0,0.787878787878788,0.957336108220604,0,0,1
addition_instances,M1,10,5,22205,Inf,18,20,991,1011,3442.96743994192,3490.38557065644,0.0137724598160347,0,0.91010101010101,0.95837669094693,0,0,1
addition_stress_instances,Near,2,1,22301,0,2,39,991,1030,4092.1691718509,4443.97965136658,0.0859716362499623,0.0637940425249087,0.0909090909090909,0.815816857440167,2,33,1
addition_stress_instances,Near,2,1,22301,2,4,39,991,1030,4092.1691718509,4443.97965136658,0.0859716362499623,0.0637940425249087,0.356565656565657,0.956295525494277,2,65,1
addition_stress_instances,Near,2,1,22301,4,6,39,991,1030,4092.1691718509,4443.97965136658,0.0859716362499623,0.0637940425249087,0.571717171717172,0.963579604578564,1,128,1
addition_stress_instances,Near,2,1,22301,6,8,39,991,1030,4092.1691718509,4443.97965136658,0.0859716362499623,0.0637940425249087,0.616161616161616,0.963579604578564,1,213,1
addition_stress_instances,Near,2,1,22301,8,10,39,991,1030,4092.1691718509,4443.97965136658,0.0859716362499623,0.0637940425249087,0.783838383838384,0.970863683662851,3,572,1
addition_stress_instances,Near,2,1,22301,12,14,39,991,1030,4092.1691718509,4443.97965136658,0.0859716362499623,0.0637940425249087,0.955555555555556,0.981269510926119,3,643,1
addition_stress_instances,Near,2,1,22301,Inf,19,39,991,1030,4092.1691718509,4443.97965136658,0.0859716362499623,0.0637940425249087,0.961616161616162,0.972944849115505,1,733,1
addition_stress_instances,Near,2,2,22302,0,2,39,991,1030,4092.1691718509,4443.97965136658,0.0859716362499623,0.0637940425249087,0.097979797979798,0.905306971904266,3,51,1
addition_stress_instances,Near,2,2,22302,2,4,39,991,1030,4092.1691718509,4443.97965136658,0.0859716362499623,0.0637940425249087,0.297979797979798,0.921956295525494,3,149,1
addition_stress_instances,Near,2,2,22302,4,6,39,991,1030,4092.1691718509,4443.97965136658,0.0859716362499623,0.0637940425249087,0.674747474747475,0.989594172736733,2,347,1
addition_stress_instances,Near,2,2,22302,6,8,39,991,1030,4092.1691718509,4443.97965136658,0.0859716362499623,0.0637940425249087,0.66969696969697,0.967741935483871,2,272,1
addition_stress_instances,Near,2,2,22302,8,10,39,991,1030,4092.1691718509,4443.97965136658,0.0859716362499623,0.0637940425249087,0.841414141414141,0.978147762747138,1,307,1
addition_stress_instances,Near,2,2,22302,12,14,39,991,1030,4092.1691718509,4443.97965136658,0.0859716362499623,0.0637940425249087,0.924242424242424,0.981269510926119,3,602,1
addition_stress_instances,Near,2,2,22302,Inf,19,39,991,1030,4092.1691718509,4551.47092825877,0.112239190785977,0.0411490302391011,0.974747474747475,0.984391259105099,2,662,1
addition_stress_instances,Near,2,3,22303,0,2,39,991,1030,4092.1691718509,4443.97965136658,0.0859716362499623,0.0637940425249087,0.104040404040404,0.872008324661811,4,73,1
addition_stress_instances,Near,2,3,22303,2,4,39,991,1030,4092.1691718509,4443.97965136658,0.0859716362499623,0.0637940425249087,0.373737373737374,0.968782518210198,1,128,1
addition_stress_instances,Near,2,3,22303,4,6,39,991,1030,4092.1691718509,4443.97965136658,0.0859716362499623,0.0637940425249087,0.611111111111111,0.968782518210198,2,150,1
addition_stress_instances,Near,2,3,22303,6,8,39,991,1030,4092.1691718509,4443.97965136658,0.0859716362499623,0.0637940425249087,0.575757575757576,0.980228928199792,3,309,1
addition_stress_instances,Near,2,3,22303,8,10,39,991,1030,4092.1691718509,4443.97965136658,0.0859716362499623,0.0637940425249087,0.726262626262626,0.987513007284079,2,332,1
addition_stress_instances,Near,2,3,22303,12,14,39,991,1030,4092.1691718509,4443.97965136658,0.0859716362499623,0.0637940425249087,0.937373737373737,0.983350676378772,1,384,1
addition_stress_instances,Near,2,3,22303,Inf,19,39,991,1030,4092.1691718509,4443.97965136658,0.0859716362499623,0.0637940425249087,0.970707070707071,0.984391259105099,2,482,1
addition_stress_instances,Near,2,4,22304,0,2,39,991,1030,4092.1691718509,4443.97965136658,0.0859716362499623,0.0637940425249087,0.1,0.837669094693028,2,68,1
addition_stress_instances,Near,2,4,22304,2,4,39,991,1030,4092.1691718509,4443.97965136658,0.0859716362499623,0.0637940425249087,0.337373737373737,0.956295525494277,2,122,1
addition_stress_instances,Near,2,4,22304,4,6,39,991,1030,4092.1691718509,4443.97965136658,0.0859716362499623,0.0637940425249087,0.663636363636364,0.973985431841831,2,316,1
addition_stress_instances,Near,2,4,22304,6,8,39,991,1030,4092.1691718509,4443.97965136658,0.0859716362499623,0.0637940425249087,0.678787878787879,0.976066597294485,3,503,1
addition_stress_instances,Near,2,4,22304,8,10,39,991,1030,4092.1691718509,4443.97965136658,0.0859716362499623,0.0637940425249087,0.854545454545454,0.976066597294485,2,599,1
addition_stress_instances,Near,2,4,22304,12,14,39,991,1030,4092.1691718509,4490.99049497784,0.0974596372677713,0.0538903446442791,0.978787878787879,0.985431841831426,2,915,1
addition_stress_instances,Near,2,4,22304,Inf,19,39,991,1030,4092.1691718509,4443.97965136658,0.0859716362499623,0.0637940425249087,0.978787878787879,0.979188345473465,3,864,1
addition_stress_instances,Near,2,5,22305,0,2,39,991,1030,4092.1691718509,4443.97965136658,0.0859716362499623,0.0637940425249087,0.106060606060606,0.886576482830385,1,54,1
addition_stress_instances,Near,2,5,22305,2,4,39,991,1030,4092.1691718509,4443.97965136658,0.0859716362499623,0.0637940425249087,0.326262626262626,0.929240374609781,2,62,1
addition_stress_instances,Near,2,5,22305,4,6,39,991,1030,4092.1691718509,4443.97965136658,0.0859716362499623,0.0637940425249087,0.651515151515151,0.971904266389178,2,306,1
addition_stress_instances,Near,2,5,22305,6,8,39,991,1030,4092.1691718509,4443.97965136658,0.0859716362499623,0.0637940425249087,0.501010101010101,0.954214360041623,4,515,1
addition_stress_instances,Near,2,5,22305,8,10,39,991,1030,4092.1691718509,4443.97965136658,0.0859716362499623,0.0637940425249087,0.78989898989899,0.986472424557752,3,562,1
addition_stress_instances,Near,2,5,22305,12,14,39,991,1030,4092.1691718509,4443.97965136658,0.0859716362499623,0.0637940425249087,0.973737373737374,0.980228928199792,3,889,1
addition_stress_instances,Near,2,5,22305,Inf,19,39,991,1030,4092.1691718509,4627.85087520368,0.130904095323726,0.0250581911778844,0.974747474747475,0.977107180020812,3,872,1
addition_stress_instances,Near,4,1,22401,0,2,39,991,1030,3728.2273394107,3728.2273394107,8.53819031515499e-16,0.00542795468714082,0.0929292929292929,0.874089490114464,1,60,1
addition_stress_instances,Near,4,1,22401,2,4,39,991,1030,3728.2273394107,3728.2273394107,8.53819031515499e-16,0.00542795468714082,0.274747474747475,0.938605619146722,1,65,1
addition_stress_instances,Near,4,1,22401,4,6,39,991,1030,3728.2273394107,3728.2273394107,8.53819031515499e-16,0.00542795468714082,0.526262626262626,0.985431841831426,1,162,1
addition_stress_instances,Near,4,1,22401,6,8,39,991,1030,3728.2273394107,3728.2273394107,8.53819031515499e-16,0.00542795468714082,0.685858585858586,0.975026014568158,2,399,1
addition_stress_instances,Near,4,1,22401,8,10,39,991,1030,3728.2273394107,3746.05599865188,0.0047820740577474,0.000671837510690285,0.82020202020202,0.981269510926119,1,352,1
addition_stress_instances,Near,4,1,22401,12,14,39,991,1030,3728.2273394107,3728.2273394107,8.53819031515499e-16,0.00542795468714082,0.905050505050505,0.963579604578564,1,895,1
addition_stress_instances,Near,4,1,22401,Inf,19,39,991,1030,3728.2273394107,3746.05599865188,0.0047820740577474,0.000671837510690285,0.957575757575758,0.979188345473465,1,509,1
addition_stress_instances,Near,4,2,22402,0,2,39,991,1030,3728.2273394107,3728.2273394107,8.53819031515499e-16,0.00542795468714082,0.0818181818181818,0.857440166493236,1,30,1
addition_stress_instances,Near,4,2,22402,2,4,39,991,1030,3728.2273394107,3728.2273394107,8.53819031515499e-16,0.00542795468714082,0.267676767676768,0.942767950052029,1,38,1
addition_stress_instances,Near,4,2,22402,4,6,39,991,1030,3728.2273394107,3728.2273394107,8.53819031515499e-16,0.00542795468714082,0.47979797979798,0.970863683662851,2,269,1
addition_stress_instances,Near,4,2,22402,6,8,39,991,1030,3728.2273394107,3728.2273394107,8.53819031515499e-16,0.00542795468714082,0.790909090909091,0.986472424557752,2,606,1
addition_stress_instances,Near,4,2,22402,8,10,39,991,1030,3728.2273394107,3728.2273394107,8.53819031515499e-16,0.00542795468714082,0.74040404040404,0.965660770031218,1,469,1
addition_stress_instances,Near,4,2,22402,12,14,39,991,1030,3728.2273394107,3746.05599865188,0.0047820740577474,0.000671837510690285,0.885858585858586,0.96149843912591,1,837,1
addition_stress_instances,Near,4,2,22402,Inf,19,39,991,1030,3728.2273394107,3746.05599865188,0.0047820740577474,0.000671837510690285,0.95959595959596,0.983350676378772,1,394,1
addition_stress_instances,Near,4,3,22403,0,2,39,991,1030,3728.2273394107,3728.2273394107,8.53819031515499e-16,0.00542795468714082,0.101010101010101,0.85639958376691,1,108,1
addition_stress_instances,Near,4,3,22403,2,4,39,991,1030,3728.2273394107,3728.2273394107,8.53819031515499e-16,0.00542795468714082,0.324242424242424,0.95213319458897,2,235,1
addition_stress_instances,Near,4,3,22403,4,6,39,991,1030,3728.2273394107,3728.2273394107,8.53819031515499e-16,0.00542795468714082,0.535353535353535,0.960457856399584,2,298,1
addition_stress_instances,Near,4,3,22403,6,8,39,991,1030,3728.2273394107,3728.2273394107,8.53819031515499e-16,0.00542795468714082,0.657575757575758,0.978147762747138,2,322,1
addition_stress_instances,Near,4,3,22403,8,10,39,991,1030,3728.2273394107,3728.2273394107,8.53819031515499e-16,0.00542795468714082,0.83030303030303,0.971904266389178,2,571,1
addition_stress_instances,Near,4,3,22403,12,14,39,991,1030,3728.2273394107,3746.05599865188,0.0047820740577474,0.000671837510690285,0.887878787878788,0.964620187304891,1,815,1
addition_stress_instances,Near,4,3,22403,Inf,19,39,991,1030,3728.2273394107,3728.2273394107,8.53819031515499e-16,0.00542795468714082,0.955555555555556,0.967741935483871,1,873,1
addition_stress_instances,Near,4,4,22404,0,2,39,991,1030,3728.2273394107,3728.2273394107,8.53819031515499e-16,0.00542795468714082,0.098989898989899,0.921956295525494,1,174,1
addition_stress_instances,Near,4,4,22404,2,4,39,991,1030,3728.2273394107,3728.2273394107,8.53819031515499e-16,0.00542795468714082,0.335353535353535,0.962539021852237,1,63,1
addition_stress_instances,Near,4,4,22404,4,6,39,991,1030,3728.2273394107,3728.2273394107,8.53819031515499e-16,0.00542795468714082,0.508080808080808,0.975026014568158,1,66,1
addition_stress_instances,Near,4,4,22404,6,8,39,991,1030,3728.2273394107,3728.2273394107,8.53819031515499e-16,0.00542795468714082,0.7,0.976066597294485,1,285,1
addition_stress_instances,Near,4,4,22404,8,10,39,991,1030,3728.2273394107,3728.2273394107,8.53819031515499e-16,0.00542795468714082,0.861616161616162,0.982310093652445,2,765,1
addition_stress_instances,Near,4,4,22404,12,14,39,991,1030,3728.2273394107,3746.05599865188,0.0047820740577474,0.000671837510690285,0.896969696969697,0.981269510926119,1,398,1
addition_stress_instances,Near,4,4,22404,Inf,19,39,991,1030,3728.2273394107,3746.05599865188,0.0047820740577474,0.000671837510690285,0.967676767676768,0.979188345473465,1,584,1
addition_stress_instances,Near,4,5,22405,0,2,39,991,1030,3728.2273394107,3728.2273394107,8.53819031515499e-16,0.00542795468714082,0.097979797979798,0.895941727367326,1,73,1
addition_stress_instances,Near,4,5,22405,2,4,39,991,1030,3728.2273394107,3728.2273394107,8.53819031515499e-16,0.00542795468714082,0.309090909090909,0.977107180020812,2,68,1
addition_stress_instances,Near,4,5,22405,4,6,39,991,1030,3728.2273394107,3728.2273394107,8.53819031515499e-16,0.00542795468714082,0.506060606060606,0.971904266389178,2,426,1
addition_stress_instances,Near,4,5,22405,6,8,39,991,1030,3728.2273394107,3728.2273394107,8.53819031515499e-16,0.00542795468714082,0.695959595959596,0.985431841831426,1,271,1
addition_stress_instances,Near,4,5,22405,8,10,39,991,1030,3728.2273394107,3746.05599865188,0.0047820740577474,0.000671837510690285,0.797979797979798,0.969823100936524,1,706,1
addition_stress_instances,Near,4,5,22405,12,14,39,991,1030,3728.2273394107,3746.05599865188,0.0047820740577474,0.000671837510690285,0.870707070707071,0.977107180020812,1,340,1
addition_stress_instances,Near,4,5,22405,Inf,19,39,991,1030,3728.2273394107,3748.57443156662,0.00545757817417261,0,0.952525252525253,0.965660770031218,0,0,1
addition_stress_instances,Tight,1,1,22501,0,2,39,991,1030,4251.83316513849,4282.33743278659,0.00717438019398625,0.00269424263535482,0.097979797979798,0.845993756503642,1,95,1
addition_stress_instances,Tight,1,1,22501,2,4,39,991,1030,4251.83316513849,4282.33743278659,0.00717438019398625,0.00269424263535482,0.351515151515152,0.953173777315297,1,393,1
addition_stress_instances,Tight,1,1,22501,4,6,39,991,1030,4251.83316513849,4282.33743278659,0.00717438019398625,0.00269424263535482,0.512121212121212,0.932362122788762,1,219,1
addition_stress_instances,Tight,1,1,22501,6,8,39,991,1030,4251.83316513849,4282.33743278659,0.00717438019398625,0.00269424263535482,0.712121212121212,0.977107180020812,1,385,1
addition_stress_instances,Tight,1,1,22501,8,10,39,991,1030,4251.83316513849,4282.33743278659,0.00717438019398625,0.00269424263535482,0.793939393939394,0.965660770031218,1,659,1
addition_stress_instances,Tight,1,1,22501,12,14,39,991,1030,4251.83316513849,4293.90625809938,0.00989528312302002,0,0.929292929292929,0.964620187304891,0,0,1
addition_stress_instances,Tight,1,1,22501,Inf,19,39,991,1030,4251.83316513849,4282.33743278659,0.00717438019398625,0.00269424263535482,0.983838383838384,0.982310093652445,1,489,1
addition_stress_instances,Tight,1,2,22502,0,2,39,991,1030,4251.83316513849,4282.33743278659,0.00717438019398625,0.00269424263535482,0.097979797979798,0.863683662851197,1,185,1
addition_stress_instances,Tight,1,2,22502,2,4,39,991,1030,4251.83316513849,4282.33743278659,0.00717438019398625,0.00269424263535482,0.346464646464646,0.941727367325702,1,133,1
addition_stress_instances,Tight,1,2,22502,4,6,39,991,1030,4251.83316513849,4282.33743278659,0.00717438019398625,0.00269424263535482,0.537373737373737,0.968782518210198,1,153,1
addition_stress_instances,Tight,1,2,22502,6,8,39,991,1030,4251.83316513849,4282.33743278659,0.00717438019398625,0.00269424263535482,0.641414141414141,0.979188345473465,1,296,1
addition_stress_instances,Tight,1,2,22502,8,10,39,991,1030,4251.83316513849,4282.33743278659,0.00717438019398625,0.00269424263535482,0.822222222222222,0.967741935483871,1,637,1
addition_stress_instances,Tight,1,2,22502,12,14,39,991,1030,4251.83316513849,4293.90625809938,0.00989528312302002,0,0.91010101010101,0.95837669094693,0,0,1
addition_stress_instances,Tight,1,2,22502,Inf,19,39,991,1030,4251.83316513849,4293.90625809938,0.00989528312302002,0,0.962626262626263,0.965660770031218,0,0,1
addition_stress_instances,Tight,1,3,22503,0,2,39,991,1030,4251.83316513849,4282.33743278659,0.00717438019398625,0.00269424263535482,0.109090909090909,0.890738813735692,1,217,1
addition_stress_instances,Tight,1,3,22503,2,4,39,991,1030,4251.83316513849,4282.33743278659,0.00717438019398625,0.00269424263535482,0.31010101010101,0.922996878251821,1,54,1
addition_stress_instances,Tight,1,3,22503,4,6,39,991,1030,4251.83316513849,4282.33743278659,0.00717438019398625,0.00269424263535482,0.563636363636364,0.971904266389178,1,337,1
addition_stress_instances,Tight,1,3,22503,6,8,39,991,1030,4251.83316513849,4282.33743278659,0.00717438019398625,0.00269424263535482,0.709090909090909,0.973985431841831,1,447,1
addition_stress_instances,Tight,1,3,22503,8,10,39,991,1030,4251.83316513849,4282.33743278659,0.00717438019398625,0.00269424263535482,0.794949494949495,0.963579604578564,1,860,1
addition_stress_instances,Tight,1,3,22503,12,14,39,991,1030,4251.83316513849,4282.33743278659,0.00717438019398625,0.00269424263535482,0.923232323232323,0.983350676378772,1,287,1
addition_stress_instances,Tight,1,3,22503,Inf,19,39,991,1030,4251.83316513849,4282.33743278659,0.00717438019398625,0.00269424263535482,0.973737373737374,0.973985431841831,1,750,1
addition_stress_instances,Tight,1,4,22504,0,2,39,991,1030,4251.83316513849,4282.33743278659,0.00717438019398625,0.00269424263535482,0.0929292929292929,0.860561914672216,1,137,1
addition_stress_instances,Tight,1,4,22504,2,4,39,991,1030,4251.83316513849,4282.33743278659,0.00717438019398625,0.00269424263535482,0.327272727272727,0.934443288241415,1,335,1
addition_stress_instances,Tight,1,4,22504,4,6,39,991,1030,4251.83316513849,4282.33743278659,0.00717438019398625,0.00269424263535482,0.534343434343434,0.94901144640999,1,428,1
addition_stress_instances,Tight,1,4,22504,6,8,39,991,1030,4251.83316513849,4282.33743278659,0.00717438019398625,0.00269424263535482,0.681818181818182,0.95837669094693,1,739,1
addition_stress_instances,Tight,1,4,22504,8,10,39,991,1030,4251.83316513849,4282.33743278659,0.00717438019398625,0.00269424263535482,0.812121212121212,0.982310093652445,1,293,1
addition_stress_instances,Tight,1,4,22504,12,14,39,991,1030,4251.83316513849,4293.90625809938,0.00989528312302002,0,0.906060606060606,0.95837669094693,0,0,1
addition_stress_instances,Tight,1,4,22504,Inf,19,39,991,1030,4251.83316513849,4293.90625809938,0.00989528312302002,0,0.963636363636364,0.965660770031218,0,0,1
addition_stress_instances,Tight,1,5,22505,0,2,39,991,1030,4251.83316513849,4282.33743278659,0.00717438019398625,0.00269424263535482,0.0909090909090909,0.891779396462019,1,259,1
addition_stress_instances,Tight,1,5,22505,2,4,39,991,1030,4251.83316513849,4282.33743278659,0.00717438019398625,0.00269424263535482,0.316161616161616,0.96149843912591,1,80,1
addition_stress_instances,Tight,1,5,22505,4,6,39,991,1030,4251.83316513849,4293.90625809938,0.00989528312302002,0,0.473737373737374,0.911550468262227,0,0,1
addition_stress_instances,Tight,1,5,22505,6,8,39,991,1030,4251.83316513849,4282.33743278659,0.00717438019398625,0.00269424263535482,0.660606060606061,0.969823100936524,1,323,1
addition_stress_instances,Tight,1,5,22505,8,10,39,991,1030,4251.83316513849,4293.90625809938,0.00989528312302002,0,0.783838383838384,0.957336108220604,0,0,1
addition_stress_instances,Tight,1,5,22505,12,14,39,991,1030,4251.83316513849,4282.33743278659,0.00717438019398625,0.00269424263535482,0.908080808080808,0.966701352757544,1,889,1
addition_stress_instances,Tight,1,5,22505,Inf,19,39,991,1030,4251.83316513849,4293.90625809938,0.00989528312302002,0,0.958585858585859,0.965660770031218,0,0,1
addition_stress_instances,Far,1,1,22601,0,2,39,991,1030,4118.96025347346,4118.96025347346,6.62420595833109e-16,0,0.0878787878787879,0.710718002081165,0,0,1
addition_stress_instances,Far,1,1,22601,2,4,39,991,1030,4118.96025347346,4118.96025347346,6.62420595833109e-16,0,0.298989898989899,0.906347554630593,0,0,1
addition_stress_instances,Far,1,1,22601,4,6,39,991,1030,4118.96025347346,4118.96025347346,6.62420595833109e-16,0,0.446464646464646,0.928199791883455,0,0,1
addition_stress_instances,Far,1,1,22601,6,8,39,991,1030,4118.96025347346,4118.96025347346,6.62420595833109e-16,0,0.57979797979798,0.934443288241415,0,0,1
addition_stress_instances,Far,1,1,22601,8,10,39,991,1030,4118.96025347346,4118.96025347346,6.62420595833109e-16,0,0.624242424242424,0.947970863683663,0,0,1
addition_stress_instances,Far,1,1,22601,12,14,39,991,1030,4118.96025347346,4118.96025347346,6.62420595833109e-16,0,0.855555555555556,0.95837669094693,0,0,1
addition_stress_instances,Far,1,1,22601,Inf,19,39,991,1030,4118.96025347346,4118.96025347346,6.62420595833109e-16,0,0.948484848484848,0.965660770031218,0,0,1
addition_stress_instances,Far,1,2,22602,0,2,39,991,1030,4118.96025347346,4118.96025347346,6.62420595833109e-16,0,0.098989898989899,0.757544224765869,0,0,1
addition_stress_instances,Far,1,2,22602,2,4,39,991,1030,4118.96025347346,4118.96025347346,6.62420595833109e-16,0,0.28989898989899,0.890738813735692,0,0,1
addition_stress_instances,Far,1,2,22602,4,6,39,991,1030,4118.96025347346,4118.96025347346,6.62420595833109e-16,0,0.409090909090909,0.9105098855359,0,0,1
addition_stress_instances,Far,1,2,22602,6,8,39,991,1030,4118.96025347346,4118.96025347346,6.62420595833109e-16,0,0.539393939393939,0.933402705515088,0,0,1
addition_stress_instances,Far,1,2,22602,8,10,39,991,1030,4118.96025347346,4118.96025347346,6.62420595833109e-16,0,0.725252525252525,0.94901144640999,0,0,1
addition_stress_instances,Far,1,2,22602,12,14,39,991,1030,4118.96025347346,4118.96025347346,6.62420595833109e-16,0,0.884848484848485,0.962539021852237,0,0,1
addition_stress_instances,Far,1,2,22602,Inf,19,39,991,1030,4118.96025347346,4118.96025347346,6.62420595833109e-16,0,0.939393939393939,0.965660770031218,0,0,1
addition_stress_instances,Far,1,3,22603,0,2,39,991,1030,4118.96025347346,4118.96025347346,6.62420595833109e-16,0,0.0929292929292929,0.708636836628512,0,0,1
addition_stress_instances,Far,1,3,22603,2,4,39,991,1030,4118.96025347346,4118.96025347346,6.62420595833109e-16,0,0.272727272727273,0.888657648283039,0,0,1
addition_stress_instances,Far,1,3,22603,4,6,39,991,1030,4118.96025347346,4118.96025347346,6.62420595833109e-16,0,0.435353535353535,0.943808532778356,0,0,1
addition_stress_instances,Far,1,3,22603,6,8,39,991,1030,4118.96025347346,4118.96025347346,6.62420595833109e-16,0,0.483838383838384,0.915712799167534,0,0,1
addition_stress_instances,Far,1,3,22603,8,10,39,991,1030,4118.96025347346,4118.96025347346,6.62420595833109e-16,0,0.722222222222222,0.956295525494277,0,0,1
addition_stress_instances,Far,1,3,22603,12,14,39,991,1030,4118.96025347346,4118.96025347346,6.62420595833109e-16,0,0.902020202020202,0.963579604578564,0,0,1
addition_stress_instances,Far,1,3,22603,Inf,19,39,991,1030,4118.96025347346,4118.96025347346,6.62420595833109e-16,0,0.941414141414141,0.965660770031218,0,0,1
addition_stress_instances,Far,1,4,22604,0,2,39,991,1030,4118.96025347346,4118.96025347346,6.62420595833109e-16,0,0.0868686868686869,0.689906347554631,0,0,1
addition_stress_instances,Far,1,4,22604,2,4,39,991,1030,4118.96025347346,4118.96025347346,6.62420595833109e-16,0,0.260606060606061,0.855359001040583,0,0,1
addition_stress_instances,Far,1,4,22604,4,6,39,991,1030,4118.96025347346,4118.96025347346,6.62420595833109e-16,0,0.423232323232323,0.908428720083247,0,0,1
addition_stress_instances,Far,1,4,22604,6,8,39,991,1030,4118.96025347346,4118.96025347346,6.62420595833109e-16,0,0.564646464646465,0.917793964620187,0,0,1
addition_stress_instances,Far,1,4,22604,8,10,39,991,1030,4118.96025347346,4118.96025347346,6.62420595833109e-16,0,0.7,0.956295525494277,0,0,1
addition_stress_instances,Far,1,4,22604,12,14,39,991,1030,4118.96025347346,4118.96025347346,6.62420595833109e-16,0,0.88989898989899,0.96149843912591,0,0,1
addition_stress_instances,Far,1,4,22604,Inf,19,39,991,1030,4118.96025347346,4118.96025347346,6.62420595833109e-16,0,0.944444444444444,0.963579604578564,0,0,1
addition_stress_instances,Far,1,5,22605,0,2,39,991,1030,4118.96025347346,4118.96025347346,6.62420595833109e-16,0,0.103030303030303,0.837669094693028,0,0,1
addition_stress_instances,Far,1,5,22605,2,4,39,991,1030,4118.96025347346,4118.96025347346,6.62420595833109e-16,0,0.285858585858586,0.91363163371488,0,0,1
addition_stress_instances,Far,1,5,22605,4,6,39,991,1030,4118.96025347346,4118.96025347346,6.62420595833109e-16,0,0.411111111111111,0.901144640998959,0,0,1
addition_stress_instances,Far,1,5,22605,6,8,39,991,1030,4118.96025347346,4118.96025347346,6.62420595833109e-16,0,0.511111111111111,0.927159209157128,0,0,1
addition_stress_instances,Far,1,5,22605,8,10,39,991,1030,4118.96025347346,4118.96025347346,6.62420595833109e-16,0,0.651515151515151,0.943808532778356,0,0,1
addition_stress_instances,Far,1,5,22605,12,14,39,991,1030,4118.96025347346,4118.96025347346,6.62420595833109e-16,0,0.896969696969697,0.960457856399584,0,0,1
addition_stress_instances,Far,1,5,22605,Inf,19,39,991,1030,4118.96025347346,4118.96025347346,6.62420595833109e-16,0,0.951515151515152,0.965660770031218,0,0,1
addition_stress_instances,Far,3,1,22701,0,2,39,991,1030,4137.06127770897,4137.06127770897,6.59522284579205e-16,0,0.0737373737373737,0.670135275754422,0,0,1
addition_stress_instances,Far,3,1,22701,2,4,39,991,1030,4137.06127770897,4137.06127770897,6.59522284579205e-16,0,0.16969696969697,0.850156087408949,0,0,1
addition_stress_instances,Far,3,1,22701,4,6,39,991,1030,4137.06127770897,4137.06127770897,6.59522284579205e-16,0,0.234343434343434,0.869927159209157,0,0,1
addition_stress_instances,Far,3,1,22701,6,8,39,991,1030,4137.06127770897,4137.06127770897,6.59522284579205e-16,0,0.473737373737374,0.929240374609781,0,0,1
addition_stress_instances,Far,3,1,22701,8,10,39,991,1030,4137.06127770897,4137.06127770897,6.59522284579205e-16,0,0.696969696969697,0.94901144640999,0,0,1
addition_stress_instances,Far,3,1,22701,12,14,39,991,1030,4137.06127770897,4137.06127770897,6.59522284579205e-16,0,0.835353535353535,0.954214360041623,0,0,1
addition_stress_instances,Far,3,1,22701,Inf,19,39,991,1030,4137.06127770897,4137.06127770897,6.59522284579205e-16,0,0.947474747474747,0.965660770031218,0,0,1
addition_stress_instances,Far,3,2,22702,0,2,39,991,1030,4137.06127770897,4137.06127770897,6.59522284579205e-16,0,0.0818181818181818,0.690946930280957,0,0,1
addition_stress_instances,Far,3,2,22702,2,4,39,991,1030,4137.06127770897,4137.06127770897,6.59522284579205e-16,0,0.166666666666667,0.827263267429761,0,0,1
addition_stress_instances,Far,3,2,22702,4,6,39,991,1030,4137.06127770897,4137.06127770897,6.59522284579205e-16,0,0.238383838383838,0.848074921956296,0,0,1
addition_stress_instances,Far,3,2,22702,6,8,39,991,1030,4137.06127770897,4137.06127770897,6.59522284579205e-16,0,0.516161616161616,0.933402705515088,0,0,1
addition_stress_instances,Far,3,2,22702,8,10,39,991,1030,4137.06127770897,4137.06127770897,6.59522284579205e-16,0,0.680808080808081,0.956295525494277,0,0,1
addition_stress_instances,Far,3,2,22702,12,14,39,991,1030,4137.06127770897,4137.06127770897,6.59522284579205e-16,0,0.842424242424242,0.951092611862643,0,0,1
addition_stress_instances,Far,3,2,22702,Inf,19,39,991,1030,4137.06127770897,4137.06127770897,6.59522284579205e-16,0,0.944444444444444,0.965660770031218,0,0,1
addition_stress_instances,Far,3,3,22703,0,2,39,991,1030,4137.06127770897,4137.06127770897,6.59522284579205e-16,0,0.0777777777777778,0.695109261186264,0,0,1
addition_stress_instances,Far,3,3,22703,2,4,39,991,1030,4137.06127770897,4137.06127770897,6.59522284579205e-16,0,0.153535353535354,0.822060353798127,0,0,1
addition_stress_instances,Far,3,3,22703,4,6,39,991,1030,4137.06127770897,4137.06127770897,6.59522284579205e-16,0,0.216161616161616,0.860561914672216,0,0,1
addition_stress_instances,Far,3,3,22703,6,8,39,991,1030,4137.06127770897,4137.06127770897,6.59522284579205e-16,0,0.463636363636364,0.941727367325702,0,0,1
addition_stress_instances,Far,3,3,22703,8,10,39,991,1030,4137.06127770897,4137.06127770897,6.59522284579205e-16,0,0.663636363636364,0.94901144640999,0,0,1
addition_stress_instances,Far,3,3,22703,12,14,39,991,1030,4137.06127770897,4137.06127770897,6.59522284579205e-16,0,0.908080808080808,0.960457856399584,0,0,1
addition_stress_instances,Far,3,3,22703,Inf,19,39,991,1030,4137.06127770897,4137.06127770897,6.59522284579205e-16,0,0.956565656565657,0.965660770031218,0,0,1
addition_stress_instances,Far,3,4,22704,0,2,39,991,1030,4137.06127770897,4137.06127770897,6.59522284579205e-16,0,0.0868686868686869,0.700312174817898,0,0,1
addition_stress_instances,Far,3,4,22704,2,4,39,991,1030,4137.06127770897,4137.06127770897,6.59522284579205e-16,0,0.157575757575758,0.831425598335068,0,0,1
addition_stress_instances,Far,3,4,22704,4,6,39,991,1030,4137.06127770897,4137.06127770897,6.59522284579205e-16,0,0.247474747474747,0.888657648283039,0,0,1
addition_stress_instances,Far,3,4,22704,6,8,39,991,1030,4137.06127770897,4137.06127770897,6.59522284579205e-16,0,0.506060606060606,0.934443288241415,0,0,1
addition_stress_instances,Far,3,4,22704,8,10,39,991,1030,4137.06127770897,4137.06127770897,6.59522284579205e-16,0,0.636363636363636,0.939646201873049,0,0,1
addition_stress_instances,Far,3,4,22704,12,14,39,991,1030,4137.06127770897,4137.06127770897,6.59522284579205e-16,0,0.86969696969697,0.963579604578564,0,0,1
addition_stress_instances,Far,3,4,22704,Inf,19,39,991,1030,4137.06127770897,4137.06127770897,6.59522284579205e-16,0,0.946464646464646,0.965660770031218,0,0,1
addition_stress_instances,Far,3,5,22705,0,2,39,991,1030,4137.06127770897,4137.06127770897,6.59522284579205e-16,0,0.0717171717171717,0.636836628511967,0,0,1
addition_stress_instances,Far,3,5,22705,2,4,39,991,1030,4137.06127770897,4137.06127770897,6.59522284579205e-16,0,0.157575757575758,0.825182101977107,0,0,1
addition_stress_instances,Far,3,5,22705,4,6,39,991,1030,4137.06127770897,4137.06127770897,6.59522284579205e-16,0,0.262626262626263,0.874089490114464,0,0,1
addition_stress_instances,Far,3,5,22705,6,8,39,991,1030,4137.06127770897,4137.06127770897,6.59522284579205e-16,0,0.483838383838384,0.939646201873049,0,0,1
addition_stress_instances,Far,3,5,22705,8,10,39,991,1030,4137.06127770897,4137.06127770897,6.59522284579205e-16,0,0.677777777777778,0.944849115504683,0,0,1
addition_stress_instances,Far,3,5,22705,12,14,39,991,1030,4137.06127770897,4137.06127770897,6.59522284579205e-16,0,0.907070707070707,0.963579604578564,0,0,1
addition_stress_instances,Far,3,5,22705,Inf,19,39,991,1030,4137.06127770897,4137.06127770897,6.59522284579205e-16,0,0.948484848484848,0.963579604578564,0,0,1
addition_stress_instances,Far,5,1,22801,0,2,39,991,1030,4031.37481224937,4031.37481224937,4.51208207686083e-16,0,0.11010101010101,0.718002081165453,0,0,1
addition_stress_instances,Far,5,1,22801,2,4,39,991,1030,4031.37481224937,3933.08456533004,-0.0243813218807316,0.0243813218807321,0.427272727272727,0.939646201873049,1,89,1
addition_stress_instances,Far,5,1,22801,4,6,39,991,1030,4031.37481224937,4031.37481224937,4.51208207686083e-16,0,0.454545454545455,0.925078043704475,0,0,1
addition_stress_instances,Far,5,1,22801,6,8,39,991,1030,4031.37481224937,4031.37481224937,4.51208207686083e-16,0,0.572727272727273,0.935483870967742,0,0,1
addition_stress_instances,Far,5,1,22801,8,10,39,991,1030,4031.37481224937,4031.37481224937,4.51208207686083e-16,0,0.733333333333333,0.944849115504683,0,0,1
addition_stress_instances,Far,5,1,22801,12,14,39,991,1030,4031.37481224937,4031.37481224937,4.51208207686083e-16,0,0.905050505050505,0.960457856399584,0,0,1
addition_stress_instances,Far,5,1,22801,Inf,19,39,991,1030,4031.37481224937,4031.37481224937,4.51208207686083e-16,0,0.960606060606061,0.964620187304891,0,0,1
addition_stress_instances,Far,5,2,22802,0,2,39,991,1030,4031.37481224937,4031.37481224937,4.51208207686083e-16,0,0.102020202020202,0.77003121748179,0,0,1
addition_stress_instances,Far,5,2,22802,2,4,39,991,1030,4031.37481224937,4031.37481224937,4.51208207686083e-16,0,0.225252525252525,0.82414151925078,0,0,1
addition_stress_instances,Far,5,2,22802,4,6,39,991,1030,4031.37481224937,4031.37481224937,4.51208207686083e-16,0,0.407070707070707,0.90738813735692,0,0,1
addition_stress_instances,Far,5,2,22802,6,8,39,991,1030,4031.37481224937,4031.37481224937,4.51208207686083e-16,0,0.518181818181818,0.939646201873049,0,0,1
addition_stress_instances,Far,5,2,22802,8,10,39,991,1030,4031.37481224937,4031.37481224937,4.51208207686083e-16,0,0.66969696969697,0.939646201873049,0,0,1
addition_stress_instances,Far,5,2,22802,12,14,39,991,1030,4031.37481224937,4031.37481224937,4.51208207686083e-16,0,0.917171717171717,0.960457856399584,0,0,1
addition_stress_instances,Far,5,2,22802,Inf,19,39,991,1030,4031.37481224937,4031.37481224937,4.51208207686083e-16,0,0.960606060606061,0.965660770031218,0,0,1
addition_stress_instances,Far,5,3,22803,0,2,39,991,1030,4031.37481224937,4031.37481224937,4.51208207686083e-16,0,0.112121212121212,0.749219562955255,0,0,1
addition_stress_instances,Far,5,3,22803,2,4,39,991,1030,4031.37481224937,4031.37481224937,4.51208207686083e-16,0,0.253535353535354,0.831425598335068,0,0,1
addition_stress_instances,Far,5,3,22803,4,6,39,991,1030,4031.37481224937,4031.37481224937,4.51208207686083e-16,0,0.426262626262626,0.920915712799168,0,0,1
addition_stress_instances,Far,5,3,22803,6,8,39,991,1030,4031.37481224937,4031.37481224937,4.51208207686083e-16,0,0.551515151515152,0.924037460978148,0,0,1
addition_stress_instances,Far,5,3,22803,8,10,39,991,1030,4031.37481224937,4031.37481224937,4.51208207686083e-16,0,0.722222222222222,0.946930280957336,0,0,1
addition_stress_instances,Far,5,3,22803,12,14,39,991,1030,4031.37481224937,4031.37481224937,4.51208207686083e-16,0,0.897979797979798,0.959417273673257,0,0,1
addition_stress_instances,Far,5,3,22803,Inf,19,39,991,1030,4031.37481224937,4031.37481224937,4.51208207686083e-16,0,0.962626262626263,0.965660770031218,0,0,1
addition_stress_instances,Far,5,4,22804,0,2,39,991,1030,4031.37481224937,4031.37481224937,4.51208207686083e-16,0,0.0777777777777778,0.664932362122789,0,0,1
addition_stress_instances,Far,5,4,22804,2,4,39,991,1030,4031.37481224937,4031.37481224937,4.51208207686083e-16,0,0.268686868686869,0.823100936524454,0,0,1
addition_stress_instances,Far,5,4,22804,4,6,39,991,1030,4031.37481224937,4031.37481224937,4.51208207686083e-16,0,0.456565656565657,0.939646201873049,0,0,1
addition_stress_instances,Far,5,4,22804,6,8,39,991,1030,4031.37481224937,4031.37481224937,4.51208207686083e-16,0,0.652525252525253,0.956295525494277,0,0,1
addition_stress_instances,Far,5,4,22804,8,10,39,991,1030,4031.37481224937,4031.37481224937,4.51208207686083e-16,0,0.753535353535354,0.957336108220604,0,0,1
addition_stress_instances,Far,5,4,22804,12,14,39,991,1030,4031.37481224937,4031.37481224937,4.51208207686083e-16,0,0.913131313131313,0.960457856399584,0,0,1
addition_stress_instances,Far,5,4,22804,Inf,19,39,991,1030,4031.37481224937,4031.37481224937,4.51208207686083e-16,0,0.952525252525253,0.965660770031218,0,0,1
addition_stress_instances,Far,5,5,22805,0,2,39,991,1030,4031.37481224937,4031.37481224937,4.51208207686083e-16,0,0.108080808080808,0.841831425598335,0,0,1
addition_stress_instances,Far,5,5,22805,2,4,39,991,1030,4031.37481224937,4031.37481224937,4.51208207686083e-16,0,0.252525252525253,0.8210197710718,0,0,1
addition_stress_instances,Far,5,5,22805,4,6,39,991,1030,4031.37481224937,4031.37481224937,4.51208207686083e-16,0,0.4,0.90738813735692,0,0,1
addition_stress_instances,Far,5,5,22805,6,8,39,991,1030,4031.37481224937,4031.37481224937,4.51208207686083e-16,0,0.509090909090909,0.941727367325702,0,0,1
addition_stress_instances,Far,5,5,22805,8,10,39,991,1030,4031.37481224937,4031.37481224937,4.51208207686083e-16,0,0.697979797979798,0.954214360041623,0,0,1
addition_stress_instances,Far,5,5,22805,12,14,39,991,1030,4031.37481224937,4031.37481224937,4.51208207686083e-16,0,0.909090909090909,0.96149843912591,0,0,1
addition_stress_instances,Far,5,5,22805,Inf,19,39,991,1030,4031.37481224937,4031.37481224937,4.51208207686083e-16,0,0.939393939393939,0.96149843912591,0,0,1
