instance,route_index,method,source_node,late_source,propagation_source,source_disagreement,late_before,late_after,relative_late_reduction,reaches_feasibility,source_fe
rc_201.1,1,Global,3,15,15,0,9860.0095,9421.9492,0.0444279795065107,0,18
rc_201.1,1,LateOnly,15,15,15,0,9860.0095,8761.9864,0.111361261873024,0,18
rc_201.1,1,Propagation,15,15,15,0,9860.0095,8761.9864,0.111361261873024,0,18
rc_201.1,2,Global,13,19,19,0,6584.1817,6548.127,0.00547595762735415,0,18
rc_201.1,2,LateOnly,19,19,19,0,6584.1817,5670.3633,0.13878997294379,0,18
rc_201.1,2,Propagation,19,19,19,0,6584.1817,5670.3633,0.13878997294379,0,18
rc_201.1,3,Global,11,14,14,0,6323.5175,5377.023,0.14967848195249,0,18
rc_201.1,3,LateOnly,14,14,14,0,6323.5175,5400.6866,0.145936324205634,0,18
rc_201.1,3,Propagation,14,14,14,0,6323.5175,5400.6866,0.145936324205634,0,18
rc_201.1,4,Global,8,15,15,0,9174.1729,8676.1036,0.0542903764109348,0,18
rc_201.1,4,LateOnly,15,15,15,0,9174.1729,8042.7827,0.123323400630481,0,18
rc_201.1,4,Propagation,15,15,15,0,9174.1729,8042.7827,0.123323400630481,0,18
rc_201.1,5,Global,11,14,14,0,7425.4216,6402.5839,0.137748097697241,0,18
rc_201.1,5,LateOnly,14,14,14,0,7425.4216,6516.2468,0.122440832181165,0,18
rc_201.1,5,Propagation,14,14,14,0,7425.4216,6516.2468,0.122440832181165,0,18
rc_201.1,6,Global,18,5,5,0,8884.7595,8214.5521,0.0754333755460685,0,18
rc_201.1,6,LateOnly,5,5,5,0,8884.7595,7951.4509,0.105046017283867,0,18
rc_201.1,6,Propagation,5,5,5,0,8884.7595,7951.4509,0.105046017283867,0,18
rc_201.1,7,Global,8,14,14,0,8057.0444,7317.1727,0.0918291700117725,0,18
rc_201.1,7,LateOnly,14,14,14,0,8057.0444,7020.8848,0.128602940304015,0,18
rc_201.1,7,Propagation,14,14,14,0,8057.0444,7020.8848,0.128602940304015,0,18
rc_201.1,8,Global,5,8,8,0,8299.6321,6990.5629,0.157726171982973,0,18
rc_201.1,8,LateOnly,8,8,8,0,8299.6321,7335.4131,0.116176113396641,0,18
rc_201.1,8,Propagation,8,8,8,0,8299.6321,7335.4131,0.116176113396641,0,18
rc_201.1,9,Global,20,15,15,0,3896.2077,3489.6199,0.104354755009595,0,18
rc_201.1,9,LateOnly,15,15,15,0,3896.2077,3131.3335,0.196312480979903,0,18
rc_201.1,9,Propagation,15,15,15,0,3896.2077,3131.3335,0.196312480979903,0,18
rc_201.1,10,Global,11,6,6,0,3944.4242,3302.54,0.162732040838812,0,18
rc_201.1,10,LateOnly,6,6,6,0,3944.4242,3087.6613,0.217208610574897,0,18
rc_201.1,10,Propagation,6,6,6,0,3944.4242,3087.6613,0.217208610574897,0,18
rc_201.1,11,Global,6,10,10,0,5868.5977,4943.3619,0.157658753810983,0,18
rc_201.1,11,LateOnly,10,10,10,0,5868.5977,5030.5047,0.142809755045912,0,18
rc_201.1,11,Propagation,10,10,10,0,5868.5977,5030.5047,0.142809755045912,0,18
rc_201.1,12,Global,6,10,10,0,5372.8611,4478.3381,0.166489135555728,0,18
rc_201.1,12,LateOnly,10,10,10,0,5372.8611,4529.7063,0.156928456609459,0,18
rc_201.1,12,Propagation,10,10,10,0,5372.8611,4529.7063,0.156928456609459,0,18
rc_201.1,13,Global,16,5,5,0,10676.6645,7104.4824,0.334578472518266,0,18
rc_201.1,13,LateOnly,5,5,5,0,10676.6645,9469.9869,0.113020091621311,0,18
rc_201.1,13,Propagation,5,5,5,0,10676.6645,9469.9869,0.113020091621311,0,18
rc_201.1,14,Global,16,19,19,0,9070.3973,6009.8443,0.337422154595147,0,18
rc_201.1,14,LateOnly,19,19,19,0,9070.3973,8041.0558,0.11348361774627,0,18
rc_201.1,14,Propagation,19,19,19,0,9070.3973,8041.0558,0.11348361774627,0,18
rc_201.1,15,Global,7,15,15,0,6619.335,5242.6739,0.2079757407655,0,18
rc_201.1,15,LateOnly,15,15,15,0,6619.335,5579.2811,0.157123623445558,0,18
rc_201.1,15,Propagation,15,15,15,0,6619.335,5579.2811,0.157123623445558,0,18
rc_201.1,16,Global,4,6,6,0,5625.4051,5554.8806,0.0125367860174194,0,18
rc_201.1,16,LateOnly,6,6,6,0,5625.4051,4858.2253,0.136377698381224,0,18
rc_201.1,16,Propagation,6,6,6,0,5625.4051,4858.2253,0.136377698381224,0,18
rc_201.1,17,Global,4,15,15,0,4962.3798,4453.9922,0.102448345449093,0,18
rc_201.1,17,LateOnly,15,15,15,0,4962.3798,4014.1117,0.191091399332232,0,18
rc_201.1,17,Propagation,15,15,15,0,4962.3798,4014.1117,0.191091399332232,0,18
rc_201.1,18,Global,5,19,19,0,7156.1689,6548.7391,0.0848819820337111,0,18
rc_201.1,18,LateOnly,19,19,19,0,7156.1689,6144.0064,0.141439157479919,0,18
rc_201.1,18,Propagation,19,19,19,0,7156.1689,6144.0064,0.141439157479919,0,18
rc_201.1,19,Global,14,19,19,0,10424.4509,9143.2335,0.122905025146217,0,18
rc_201.1,19,LateOnly,19,19,19,0,10424.4509,9306.2879,0.107263491451622,0,18
rc_201.1,19,Propagation,19,19,19,0,10424.4509,9306.2879,0.107263491451622,0,18
rc_201.1,20,Global,12,10,10,0,5831.8996,5244.9062,0.100652178580029,0,18
rc_201.1,20,LateOnly,10,10,10,0,5831.8996,5045.3986,0.134861889597688,0,18
rc_201.1,20,Propagation,10,10,10,0,5831.8996,5045.3986,0.134861889597688,0,18
rc_201.3,1,Global,9,18,18,0,22861.3478,22627.3459,0.0102357001016361,0,30
rc_201.3,1,LateOnly,18,18,18,0,22861.3478,21184.2188,0.0733608978207313,0,30
rc_201.3,1,Propagation,18,18,18,0,22861.3478,21184.2188,0.0733608978207313,0,30
rc_201.3,2,Global,15,31,31,0,20984.9486,18413.6146,0.122532299173704,0,30
rc_201.3,2,LateOnly,31,31,31,0,20984.9486,19467.3253,0.0723196100656639,0,30
rc_201.3,2,Propagation,31,31,31,0,20984.9486,19467.3253,0.0723196100656639,0,30
rc_201.3,3,Global,28,13,13,0,20475.3929,20475.3929,0,0,30
rc_201.3,3,LateOnly,13,13,13,0,20475.3929,18713.8915,0.0860301635530521,0,30
rc_201.3,3,Propagation,13,13,13,0,20475.3929,18713.8915,0.0860301635530521,0,30
rc_201.3,4,Global,22,26,26,0,21691.2158,21229.9992,0.0212628284302994,0,30
rc_201.3,4,LateOnly,26,26,26,0,21691.2158,20309.8632,0.0636825806693602,0,30
rc_201.3,4,Propagation,26,26,26,0,21691.2158,20309.8632,0.0636825806693602,0,30
rc_201.3,5,Global,30,11,11,0,22043.8158,21191.6261,0.0386589013323184,0,30
rc_201.3,5,LateOnly,11,11,11,0,22043.8158,20547.6285,0.0678733352507871,0,30
rc_201.3,5,Propagation,11,11,11,0,22043.8158,20547.6285,0.0678733352507871,0,30
rc_201.3,6,Global,21,16,16,0,13454.0142,13451.9323,0.000154741920816408,0,30
rc_201.3,6,LateOnly,16,16,16,0,13454.0142,12138.655,0.097767044128733,0,30
rc_201.3,6,Propagation,16,16,16,0,13454.0142,12138.655,0.097767044128733,0,30
rc_201.3,7,Global,21,15,15,0,21274.8164,20068.5313,0.0567001414874724,0,30
rc_201.3,7,LateOnly,15,15,15,0,21274.8164,19444.4479,0.0860345144976199,0,30
rc_201.3,7,Propagation,15,15,15,0,21274.8164,19444.4479,0.0860345144976199,0,30
rc_201.3,8,Global,4,3,3,0,25561.2478,23671.0282,0.073948643461764,0,30
rc_201.3,8,LateOnly,3,3,3,0,25561.2478,23816.0908,0.0682735449245165,0,30
rc_201.3,8,Propagation,3,3,3,0,25561.2478,23816.0908,0.0682735449245165,0,30
rc_201.3,9,Global,17,13,16,1,19778.365,18630.6976,0.0580264041036758,0,30
rc_201.3,9,LateOnly,13,13,16,1,19778.365,18193.0725,0.0801528589446094,0,30
rc_201.3,9,Propagation,16,13,16,1,19778.365,18214.5181,0.0790685630485635,0,30
rc_201.3,10,Global,4,16,16,0,28001.806,26648.3256,0.0483354680765945,0,30
rc_201.3,10,LateOnly,16,16,16,0,28001.806,26021.3673,0.0707253917836585,0,30
rc_201.3,10,Propagation,16,16,16,0,28001.806,26021.3673,0.0707253917836585,0,30
rc_201.3,11,Global,20,15,15,0,22819.5873,21356.4239,0.0641187494219055,0,30
rc_201.3,11,LateOnly,15,15,15,0,22819.5873,21192.4868,0.0713028013438262,0,30
rc_201.3,11,Propagation,15,15,15,0,22819.5873,21192.4868,0.0713028013438262,0,30
rc_201.3,12,Global,21,16,16,0,23909.1357,18602.3367,0.221956956812956,0,30
rc_201.3,12,LateOnly,16,16,16,0,23909.1357,22208.3438,0.0711356496253438,0,30
rc_201.3,12,Propagation,16,16,16,0,23909.1357,22208.3438,0.0711356496253438,0,30
rc_201.3,13,Global,31,18,18,0,27473.2103,24932.9034,0.0924648729529799,0,30
rc_201.3,13,LateOnly,18,18,18,0,27473.2103,25629.0182,0.067126924005674,0,30
rc_201.3,13,Propagation,18,18,18,0,27473.2103,25629.0182,0.067126924005674,0,30
rc_201.3,14,Global,17,13,13,0,19698.6461,18554.442,0.0580854183679151,0,30
rc_201.3,14,LateOnly,13,13,13,0,19698.6461,18080.3774,0.0821512652080186,0,30
rc_201.3,14,Propagation,13,13,13,0,19698.6461,18080.3774,0.0821512652080186,0,30
rc_201.3,15,Global,30,29,29,0,28615.5468,27123.3415,0.0521466638547687,0,30
rc_201.3,15,LateOnly,29,29,29,0,28615.5468,26899.5329,0.0599678878056596,0,30
rc_201.3,15,Propagation,29,29,29,0,28615.5468,26899.5329,0.0599678878056596,0,30
rc_201.3,16,Global,27,18,18,0,18238.2862,17113.9324,0.0616479962903533,0,30
rc_201.3,16,LateOnly,18,18,18,0,18238.2862,16868.9593,0.0750798010835033,0,30
rc_201.3,16,Propagation,18,18,18,0,18238.2862,16868.9593,0.0750798010835033,0,30
rc_201.3,17,Global,20,13,13,0,22929.2317,21571.218,0.0592263063048906,0,30
rc_201.3,17,LateOnly,13,13,13,0,22929.2317,21207.7613,0.0750775439196247,0,30
rc_201.3,17,Propagation,13,13,13,0,22929.2317,21207.7613,0.0750775439196247,0,30
rc_201.3,18,Global,16,31,31,0,19254.9838,17146.2089,0.109518393882004,0,30
rc_201.3,18,LateOnly,31,31,31,0,19254.9838,17736.3498,0.0788696586698765,0,30
rc_201.3,18,Propagation,31,31,31,0,19254.9838,17736.3498,0.0788696586698765,0,30
rc_201.3,19,Global,9,13,13,0,23046.0374,22101.2912,0.0409938673448477,0,30
rc_201.3,19,LateOnly,13,13,13,0,23046.0374,21153.2755,0.0821296028965051,0,30
rc_201.3,19,Propagation,13,13,13,0,23046.0374,21153.2755,0.0821296028965051,0,30
rc_201.3,20,Global,30,15,15,0,15099.3416,14124.465,0.0645641794076639,0,30
rc_201.3,20,LateOnly,15,15,15,0,15099.3416,13723.0871,0.0911466563548704,0,30
rc_201.3,20,Propagation,15,15,15,0,15099.3416,13723.0871,0.0911466563548704,0,30
rc_204.1,1,Global,28,8,8,0,32105.0056,29991.0579,0.0658448008493727,0,44
rc_204.1,1,LateOnly,8,8,8,0,32105.0056,29730.52,0.0739599808697743,0,44
rc_204.1,1,Propagation,8,8,8,0,32105.0056,29730.52,0.0739599808697743,0,44
rc_204.1,2,Global,15,40,40,0,38839.7737,14150.2539,0.635676201172099,0,44
rc_204.1,2,LateOnly,40,40,40,0,38839.7737,36751.7139,0.0537608642143042,0,44
rc_204.1,2,Propagation,40,40,40,0,38839.7737,36751.7139,0.0537608642143042,0,44
rc_204.1,3,Global,5,44,44,0,43877.6509,42789.9151,0.0247902013368728,0,44
rc_204.1,3,LateOnly,44,44,44,0,43877.6509,41172.1182,0.0616608374538119,0,44
rc_204.1,3,Propagation,44,44,44,0,43877.6509,41172.1182,0.0616608374538119,0,44
rc_204.1,4,Global,4,34,32,1,38952.1725,36832.5747,0.0544153936471709,0,44
rc_204.1,4,LateOnly,34,34,32,1,38952.1725,36694.0246,0.0579723223396591,0,44
rc_204.1,4,Propagation,32,34,32,1,38952.1725,37068.7127,0.048353138711326,0,44
rc_204.1,5,Global,25,25,25,0,38015.0385,35670.6055,0.0616711988861985,0,44
rc_204.1,5,LateOnly,25,25,25,0,38015.0385,35670.6055,0.0616711988861985,0,44
rc_204.1,5,Propagation,25,25,25,0,38015.0385,35670.6055,0.0616711988861985,0,44
rc_204.1,6,Global,36,18,18,0,43352.4586,41384.4964,0.0453944773503573,0,44
rc_204.1,6,LateOnly,18,18,18,0,43352.4586,41372.2685,0.0456765351711794,0,44
rc_204.1,6,Propagation,18,18,18,0,43352.4586,41372.2685,0.0456765351711794,0,44
rc_204.1,7,Global,22,8,8,0,39253.2979,37642.2657,0.041041957903873,0,44
rc_204.1,7,LateOnly,8,8,8,0,39253.2979,36817.5554,0.0620519199738374,0,44
rc_204.1,7,Propagation,8,8,8,0,39253.2979,36817.5554,0.0620519199738374,0,44
rc_204.1,8,Global,24,19,19,0,35002.269,32830.4317,0.06204847177193,0,44
rc_204.1,8,LateOnly,19,19,19,0,35002.269,32826.1089,0.0621719723369934,0,44
rc_204.1,8,Propagation,19,19,19,0,35002.269,32826.1089,0.0621719723369934,0,44
rc_204.1,9,Global,24,25,25,0,34566.9518,31716.2757,0.0824682522339161,0,44
rc_204.1,9,LateOnly,25,25,25,0,34566.9518,32280.052,0.066158561311154,0,44
rc_204.1,9,Propagation,25,25,25,0,34566.9518,32280.052,0.066158561311154,0,44
rc_204.1,10,Global,21,25,29,1,45040.9804,43182.5148,0.0412616595708028,0,44
rc_204.1,10,LateOnly,25,25,29,1,45040.9804,42178.4114,0.0635547666719974,0,44
rc_204.1,10,Propagation,29,25,29,1,45040.9804,42887.9891,0.0478007201637201,0,44
rc_204.1,11,Global,7,34,34,0,54472.7925,52127.7244,0.0430502640377762,0,44
rc_204.1,11,LateOnly,34,34,34,0,54472.7925,51543.6487,0.0537726021664852,0,44
rc_204.1,11,Propagation,34,34,34,0,54472.7925,51543.6487,0.0537726021664852,0,44
rc_204.1,12,Global,29,24,24,0,21038.6059,20179.5621,0.0408317834405558,0,44
rc_204.1,12,LateOnly,24,24,24,0,21038.6059,19794.1701,0.059150107469811,0,44
rc_204.1,12,Propagation,24,24,24,0,21038.6059,19794.1701,0.059150107469811,0,44
rc_204.1,13,Global,15,8,8,0,33604.9417,31793.5603,0.0539022330754407,0,44
rc_204.1,13,LateOnly,8,8,8,0,33604.9417,31907.0849,0.0505240215905506,0,44
rc_204.1,13,Propagation,8,8,8,0,33604.9417,31907.0849,0.0505240215905506,0,44
rc_204.1,14,Global,30,44,44,0,49033.5938,48961.3592,0.00147316552595832,0,44
rc_204.1,14,LateOnly,44,44,44,0,49033.5938,46290.7179,0.0559387082902336,0,44
rc_204.1,14,Propagation,44,44,44,0,49033.5938,46290.7179,0.0559387082902336,0,44
rc_204.1,15,Global,29,19,19,0,38541.3477,37205.7317,0.0346541073341867,0,44
rc_204.1,15,LateOnly,19,19,19,0,38541.3477,36262.6787,0.0591227119958756,0,44
rc_204.1,15,Propagation,19,19,19,0,38541.3477,36262.6787,0.0591227119958756,0,44
rc_204.1,16,Global,17,25,25,0,43252.9779,40722.5589,0.058502769586184,0,44
rc_204.1,16,LateOnly,25,25,25,0,43252.9779,40116.5042,0.0725146302585558,0,44
rc_204.1,16,Propagation,25,25,25,0,43252.9779,40116.5042,0.0725146302585558,0,44
rc_204.1,17,Global,3,11,11,0,28413.6688,26762.027,0.0581284244433791,0,44
rc_204.1,17,LateOnly,11,11,11,0,28413.6688,26827.0563,0.0558397618824922,0,44
rc_204.1,17,Propagation,11,11,11,0,28413.6688,26827.0563,0.0558397618824922,0,44
rc_204.1,18,Global,15,25,25,0,26435.4398,23393.1681,0.115083074956067,0,44
rc_204.1,18,LateOnly,25,25,25,0,26435.4398,24346.6198,0.0790158974393154,0,44
rc_204.1,18,Propagation,25,25,25,0,26435.4398,24346.6198,0.0790158974393154,0,44
rc_204.1,19,Global,9,44,44,0,39647.94,37940.0561,0.0430762329644367,0,44
rc_204.1,19,LateOnly,44,44,44,0,39647.94,37093.7232,0.0644224340533207,0,44
rc_204.1,19,Propagation,44,44,44,0,39647.94,37093.7232,0.0644224340533207,0,44
rc_204.1,20,Global,38,12,12,0,24587.6789,22619.6593,0.0800408858438439,0,44
rc_204.1,20,LateOnly,12,12,12,0,24587.6789,23131.4694,0.0592251715146646,0,44
rc_204.1,20,Propagation,12,12,12,0,24587.6789,23131.4694,0.0592251715146646,0,44
