stress_level,instance,scenario_seed,strategy,budget,warm_start_fe,routing_fe,total_fe,response_time,fitness,distance,total_late,is_feasible,gap_to_reference,route_disruption
Near,1,8101,Restart,500,0,480,480,0.0477443,5535.87962179736,5535.87962179736,0,1,0.31766446532786,0.588235294117647
Near,1,8101,Restart,1000,0,990,990,0.0950006,5569.27597001431,5569.27597001431,0,1,0.325613550987875,0.529411764705882
Near,1,8101,Restart,1500,0,1500,1500,0.1376123,5168.83917147837,5168.83917147837,0,1,0.230300542742015,0.588235294117647
Near,1,8101,Restart,2500,0,2490,2490,0.2303909,3472.65736812924,3472.65736812924,0,1,-0.173429061530563,0.117647058823529
Near,1,8101,WarmStart,500,200,300,500,0.0694952,3492.17238466647,3492.17238466647,0,1,-0.168784046539604,0
Near,1,8101,WarmStart,1000,200,780,980,0.0952344,3492.17238466647,3492.17238466647,0,1,-0.168784046539604,0
Near,1,8101,WarmStart,1500,200,1290,1490,0.1781979,3492.17238466647,3492.17238466647,0,1,-0.168784046539604,0
Near,1,8101,WarmStart,2500,200,2280,2480,0.2215501,3492.17238466647,3492.17238466647,0,1,-0.168784046539604,0
Near,1,8101,Repair,500,0,38,38,0.0104834,3492.17238466647,3492.17238466647,0,1,-0.168784046539604,0
Near,1,8101,Repair,1000,0,38,38,0.0049501,3492.17238466647,3492.17238466647,0,1,-0.168784046539604,0
Near,1,8101,Repair,1500,0,38,38,0.0049797,3492.17238466647,3492.17238466647,0,1,-0.168784046539604,0
Near,1,8101,Repair,2500,0,38,38,0.0041825,3492.17238466647,3492.17238466647,0,1,-0.168784046539604,0
Near,2,8102,Restart,500,0,480,480,0.045484,6539.76755511602,6539.76755511602,0,1,0.556612482133895,0.588235294117647
Near,2,8102,Restart,1000,0,990,990,0.0926956,5538.28430555009,5538.28430555009,0,1,0.318236834408801,0.588235294117647
Near,2,8102,Restart,1500,0,1500,1500,0.1400895,5595.42866000899,5595.42866000899,0,1,0.331838482278476,0.647058823529412
Near,2,8102,Restart,2500,0,2490,2490,0.2401811,4570.46324995672,4570.46324995672,0,1,0.0878735496418831,0.470588235294118
Near,2,8102,WarmStart,500,200,300,500,0.0571962,3492.17238466647,3492.17238466647,0,1,-0.168784046539604,0
Near,2,8102,WarmStart,1000,200,780,980,0.0874563,3492.17238466647,3492.17238466647,0,1,-0.168784046539604,0
Near,2,8102,WarmStart,1500,200,1290,1490,0.145376,3492.17238466647,3492.17238466647,0,1,-0.168784046539604,0
Near,2,8102,WarmStart,2500,200,2280,2480,0.2190717,3492.17238466647,3492.17238466647,0,1,-0.168784046539604,0
Near,2,8102,Repair,500,0,38,38,0.0050944,3492.17238466647,3492.17238466647,0,1,-0.168784046539604,0
Near,2,8102,Repair,1000,0,38,38,0.0034617,3492.17238466647,3492.17238466647,0,1,-0.168784046539604,0
Near,2,8102,Repair,1500,0,38,38,0.0031089,3492.17238466647,3492.17238466647,0,1,-0.168784046539604,0
Near,2,8102,Repair,2500,0,38,38,0.0029261,3492.17238466647,3492.17238466647,0,1,-0.168784046539604,0
Near,3,8103,Restart,500,0,480,480,0.0429015,6965.31171691413,6965.31171691413,0,1,0.657901610282792,0.705882352941176
Near,3,8103,Restart,1000,0,990,990,0.0914096,5718.89327048165,5718.89327048165,0,1,0.361225849970649,0.588235294117647
Near,3,8103,Restart,1500,0,1500,1500,0.1398782,5675.77673964818,5675.77673964818,0,1,0.350963141163944,0.647058823529412
Near,3,8103,Restart,2500,0,2490,2490,0.2386354,4477.90651653869,4477.90651653869,0,1,0.0658429552316363,0.647058823529412
Near,3,8103,WarmStart,500,200,300,500,0.0474201,3492.17238466647,3492.17238466647,0,1,-0.168784046539604,0
Near,3,8103,WarmStart,1000,200,780,980,0.091016,3492.17238466647,3492.17238466647,0,1,-0.168784046539604,0
Near,3,8103,WarmStart,1500,200,1290,1490,0.1438821,3492.17238466647,3492.17238466647,0,1,-0.168784046539604,0
Near,3,8103,WarmStart,2500,200,2280,2480,0.220534,3492.17238466647,3492.17238466647,0,1,-0.168784046539604,0
Near,3,8103,Repair,500,0,38,38,0.0028859,3492.17238466647,3492.17238466647,0,1,-0.168784046539604,0
Near,3,8103,Repair,1000,0,38,38,0.0029385,3492.17238466647,3492.17238466647,0,1,-0.168784046539604,0
Near,3,8103,Repair,1500,0,38,38,0.0033122,3492.17238466647,3492.17238466647,0,1,-0.168784046539604,0
Near,3,8103,Repair,2500,0,38,38,0.0035137,3492.17238466647,3492.17238466647,0,1,-0.168784046539604,0
Near,4,8104,Restart,500,0,480,480,0.0515277,5915.752774161,5915.752774161,0,1,0.408082861029741,0.529411764705882
Near,4,8104,Restart,1000,0,990,990,0.0959119,4775.55653567494,4775.55653567494,0,1,0.136690386916335,0.588235294117647
Near,4,8104,Restart,1500,0,1500,1500,0.1468333,4634.56457941325,4634.56457941325,0,1,0.103131114794234,0.705882352941176
Near,4,8104,Restart,2500,0,2490,2490,0.2265659,4672.82528009286,4672.82528009286,0,1,0.112238026278645,0.647058823529412
Near,4,8104,WarmStart,500,200,300,500,0.0468341,3492.17238466647,3492.17238466647,0,1,-0.168784046539604,0
Near,4,8104,WarmStart,1000,200,780,980,0.0912652,3492.17238466647,3492.17238466647,0,1,-0.168784046539604,0
Near,4,8104,WarmStart,1500,200,1290,1490,0.1373162,3492.17238466647,3492.17238466647,0,1,-0.168784046539604,0
Near,4,8104,WarmStart,2500,200,2280,2480,0.2302915,3492.17238466647,3492.17238466647,0,1,-0.168784046539604,0
Near,4,8104,Repair,500,0,38,38,0.00358,3492.17238466647,3492.17238466647,0,1,-0.168784046539604,0
Near,4,8104,Repair,1000,0,38,38,0.0030903,3492.17238466647,3492.17238466647,0,1,-0.168784046539604,0
Near,4,8104,Repair,1500,0,38,38,0.0027931,3492.17238466647,3492.17238466647,0,1,-0.168784046539604,0
Near,4,8104,Repair,2500,0,38,38,0.0027525,3492.17238466647,3492.17238466647,0,1,-0.168784046539604,0
Near,5,8105,Restart,500,0,480,480,0.0434604,5372.99719481513,5372.99719481513,0,1,0.278894766431995,0.529411764705882
Near,5,8105,Restart,1000,0,990,990,0.0912815,6586.18858556331,6586.18858556331,0,1,0.567661736533042,0.588235294117647
Near,5,8105,Restart,1500,0,1500,1500,0.1412694,4804.97488516721,4804.97488516721,0,1,0.143692618973897,0.470588235294118
Near,5,8105,Restart,2500,0,2490,2490,0.2208666,4494.38464010761,4494.38464010761,0,1,0.0697651210599098,0.588235294117647
Near,5,8105,WarmStart,500,200,300,500,0.0480217,3492.17238466647,3492.17238466647,0,1,-0.168784046539604,0
Near,5,8105,WarmStart,1000,200,780,980,0.092547,3492.17238466647,3492.17238466647,0,1,-0.168784046539604,0
Near,5,8105,WarmStart,1500,200,1290,1490,0.1521002,3492.17238466647,3492.17238466647,0,1,-0.168784046539604,0
Near,5,8105,WarmStart,2500,200,2280,2480,0.2266219,3492.17238466647,3492.17238466647,0,1,-0.168784046539604,0
Near,5,8105,Repair,500,0,38,38,0.0030681,3492.17238466647,3492.17238466647,0,1,-0.168784046539604,0
Near,5,8105,Repair,1000,0,38,38,0.0029706,3492.17238466647,3492.17238466647,0,1,-0.168784046539604,0
Near,5,8105,Repair,1500,0,38,38,0.0030173,3492.17238466647,3492.17238466647,0,1,-0.168784046539604,0
Near,5,8105,Repair,2500,0,38,38,0.0037207,3492.17238466647,3492.17238466647,0,1,-0.168784046539604,0
Far,1,8201,Restart,500,0,480,480,0.0560088,6921.96017990606,6921.96017990606,0,1,0.233025282696394,0.529411764705882
Far,1,8201,Restart,1000,0,990,990,0.1046002,4559.40973170692,4559.40973170692,0,1,-0.187821465704688,0.764705882352941
Far,1,8201,Restart,1500,0,1500,1500,0.1352922,5202.78331897603,5202.78331897603,0,1,-0.0732157935101606,0.705882352941176
Far,1,8201,Restart,2500,0,2490,2490,0.259077,5431.55308850962,5431.55308850962,0,1,-0.0324644886167289,0.705882352941176
Far,1,8201,WarmStart,500,200,300,500,0.0456871,4634.60735704447,4634.60735704447,0,1,-0.174426333281204,0.0588235294117647
Far,1,8201,WarmStart,1000,200,780,980,0.0885035,4598.10628105111,4598.10628105111,0,1,-0.180928357039746,0
Far,1,8201,WarmStart,1500,200,1290,1490,0.1396099,4598.10628105111,4598.10628105111,0,1,-0.180928357039746,0
Far,1,8201,WarmStart,2500,200,2280,2480,0.2334137,4598.10628105111,4598.10628105111,0,1,-0.180928357039746,0
Far,1,8201,Repair,500,0,38,38,0.0032102,4598.10628105111,4598.10628105111,0,1,-0.180928357039746,0
Far,1,8201,Repair,1000,0,38,38,0.0029186,4598.10628105111,4598.10628105111,0,1,-0.180928357039746,0
Far,1,8201,Repair,1500,0,38,38,0.002848,4598.10628105111,4598.10628105111,0,1,-0.180928357039746,0
Far,1,8201,Repair,2500,0,38,38,0.0029686,4598.10628105111,4598.10628105111,0,1,-0.180928357039746,0
Far,2,8202,Restart,500,0,480,480,0.0486818,5974.97515945774,5974.97515945774,0,1,0.0643365814904615,0.647058823529412
Far,2,8202,Restart,1000,0,990,990,0.1050225,6410.43383156172,6410.43383156172,0,1,0.141905873760053,0.764705882352941
Far,2,8202,Restart,1500,0,1500,1500,0.1481651,6063.05570888255,6063.05570888255,0,1,0.0800265799203642,0.705882352941176
Far,2,8202,Restart,2500,0,2490,2490,0.2292161,4402.27337958736,4402.27337958736,0,1,-0.215812539036278,0.823529411764706
Far,2,8202,WarmStart,500,200,300,500,0.0496439,4598.10628105111,4598.10628105111,0,1,-0.180928357039746,0
Far,2,8202,WarmStart,1000,200,780,980,0.0938641,4598.10628105111,4598.10628105111,0,1,-0.180928357039746,0
Far,2,8202,WarmStart,1500,200,1290,1490,0.1692336,4598.10628105111,4598.10628105111,0,1,-0.180928357039746,0
Far,2,8202,WarmStart,2500,200,2280,2480,0.2358022,4598.10628105111,4598.10628105111,0,1,-0.180928357039746,0
Far,2,8202,Repair,500,0,38,38,0.0030778,4598.10628105111,4598.10628105111,0,1,-0.180928357039746,0
Far,2,8202,Repair,1000,0,38,38,0.0036181,4598.10628105111,4598.10628105111,0,1,-0.180928357039746,0
Far,2,8202,Repair,1500,0,38,38,0.0029565,4598.10628105111,4598.10628105111,0,1,-0.180928357039746,0
Far,2,8202,Repair,2500,0,38,38,0.0030971,4598.10628105111,4598.10628105111,0,1,-0.180928357039746,0
Far,3,8203,Restart,500,0,480,480,0.0516383,5992.63082370573,5992.63082370573,0,1,0.0674816270895052,0.705882352941176
Far,3,8203,Restart,1000,0,990,990,0.0961236,6036.68816558339,6036.68816558339,0,1,0.0753296665193265,0.705882352941176
Far,3,8203,Restart,1500,0,1500,1500,0.1434533,5137.83160387052,5137.83160387052,0,1,-0.0847857974971922,0.647058823529412
Far,3,8203,Restart,2500,0,2490,2490,0.2308727,5247.44671018047,5247.44671018047,0,1,-0.0652597970677214,0.764705882352941
Far,3,8203,WarmStart,500,200,300,500,0.0498766,4598.10628105111,4598.10628105111,0,1,-0.180928357039746,0
Far,3,8203,WarmStart,1000,200,780,980,0.0996268,4598.10628105111,4598.10628105111,0,1,-0.180928357039746,0
Far,3,8203,WarmStart,1500,200,1290,1490,0.1400961,4598.10628105111,4598.10628105111,0,1,-0.180928357039746,0
Far,3,8203,WarmStart,2500,200,2280,2480,0.2283111,4721.84429976682,4721.84429976682,0,1,-0.158886608526062,0
Far,3,8203,Repair,500,0,38,38,0.0030347,4598.10628105111,4598.10628105111,0,1,-0.180928357039746,0
Far,3,8203,Repair,1000,0,38,38,0.0031425,4598.10628105111,4598.10628105111,0,1,-0.180928357039746,0
Far,3,8203,Repair,1500,0,38,38,0.004103,4598.10628105111,4598.10628105111,0,1,-0.180928357039746,0
Far,3,8203,Repair,2500,0,38,38,0.0038906,4598.10628105111,4598.10628105111,0,1,-0.180928357039746,0
Far,4,8204,Restart,500,0,480,480,0.0595418,6678.45660691496,6678.45660691496,0,1,0.189649410238109,0.705882352941176
Far,4,8204,Restart,1000,0,990,990,0.1066781,4827.33496375874,4827.33496375874,0,1,-0.140095304847652,0.705882352941176
Far,4,8204,Restart,1500,0,1500,1500,0.1506216,5175.70218381953,5175.70218381953,0,1,-0.0780398207313821,0.705882352941176
Far,4,8204,Restart,2500,0,2490,2490,0.2590107,4089.41723957173,4089.41723957173,0,1,-0.271542349734397,0.705882352941176
Far,4,8204,WarmStart,500,200,300,500,0.0513134,4721.84429976682,4721.84429976682,0,1,-0.158886608526062,0
Far,4,8204,WarmStart,1000,200,780,980,0.1023575,4598.10628105111,4598.10628105111,0,1,-0.180928357039746,0
Far,4,8204,WarmStart,1500,200,1290,1490,0.1954423,4598.10628105111,4598.10628105111,0,1,-0.180928357039746,0
Far,4,8204,WarmStart,2500,200,2280,2480,0.2442371,4598.10628105111,4598.10628105111,0,1,-0.180928357039746,0
Far,4,8204,Repair,500,0,38,38,0.0036764,4598.10628105111,4598.10628105111,0,1,-0.180928357039746,0
Far,4,8204,Repair,1000,0,38,38,0.0033793,4598.10628105111,4598.10628105111,0,1,-0.180928357039746,0
Far,4,8204,Repair,1500,0,38,38,0.0036072,4598.10628105111,4598.10628105111,0,1,-0.180928357039746,0
Far,4,8204,Repair,2500,0,38,38,0.0032986,4598.10628105111,4598.10628105111,0,1,-0.180928357039746,0
Far,5,8205,Restart,500,0,480,480,0.0493333,6276.12652621149,6276.12652621149,0,1,0.117981392999763,0.647058823529412
Far,5,8205,Restart,1000,0,990,990,0.1002638,5740.17565172138,5740.17565172138,0,1,0.0225111849439698,0.764705882352941
Far,5,8205,Restart,1500,0,1500,1500,0.1637871,5233.25275919697,5233.25275919697,0,1,-0.0677881994232874,0.411764705882353
Far,5,8205,Restart,2500,0,2490,2490,0.2493263,4766.08204960741,4766.08204960741,0,1,-0.151006432595348,0.647058823529412
Far,5,8205,WarmStart,500,200,300,500,0.0516893,4598.10628105111,4598.10628105111,0,1,-0.180928357039746,0
Far,5,8205,WarmStart,1000,200,780,980,0.0984715,4598.10628105111,4598.10628105111,0,1,-0.180928357039746,0
Far,5,8205,WarmStart,1500,200,1290,1490,0.1439025,4598.10628105111,4598.10628105111,0,1,-0.180928357039746,0
Far,5,8205,WarmStart,2500,200,2280,2480,0.2438981,4721.84429976682,4721.84429976682,0,1,-0.158886608526062,0
Far,5,8205,Repair,500,0,38,38,0.0034171,4598.10628105111,4598.10628105111,0,1,-0.180928357039746,0
Far,5,8205,Repair,1000,0,38,38,0.0038791,4598.10628105111,4598.10628105111,0,1,-0.180928357039746,0
Far,5,8205,Repair,1500,0,38,38,0.0032926,4598.10628105111,4598.10628105111,0,1,-0.180928357039746,0
Far,5,8205,Repair,2500,0,38,38,0.0033195,4598.10628105111,4598.10628105111,0,1,-0.180928357039746,0
Tight,1,8301,Restart,500,0,480,480,0.0489542,5432.0674449601,5432.0674449601,0,1,0.292954821001749,0.470588235294118
Tight,1,8301,Restart,1000,0,990,990,0.0997992,6042.01062707819,6042.01062707819,0,1,0.438135083553243,0.647058823529412
Tight,1,8301,Restart,1500,0,1500,1500,0.1641902,4715.8599026222,4715.8599026222,0,1,0.122481239057774,0.647058823529412
Tight,1,8301,Restart,2500,0,2490,2490,0.2542707,4797.10836403025,4797.10836403025,0,1,0.141820209153586,0.705882352941176
Tight,1,8301,WarmStart,500,200,300,500,0.0557291,3492.17238466647,3492.17238466647,0,1,-0.168784046539604,0
Tight,1,8301,WarmStart,1000,200,780,980,0.0976192,3492.17238466647,3492.17238466647,0,1,-0.168784046539604,0
Tight,1,8301,WarmStart,1500,200,1290,1490,0.1525641,3492.17238466647,3492.17238466647,0,1,-0.168784046539604,0
Tight,1,8301,WarmStart,2500,200,2280,2480,0.2428484,3492.17238466647,3492.17238466647,0,1,-0.168784046539604,0
Tight,1,8301,Repair,500,0,38,38,0.0042584,3492.17238466647,3492.17238466647,0,1,-0.168784046539604,0
Tight,1,8301,Repair,1000,0,38,38,0.0032287,3492.17238466647,3492.17238466647,0,1,-0.168784046539604,0
Tight,1,8301,Repair,1500,0,38,38,0.0032204,3492.17238466647,3492.17238466647,0,1,-0.168784046539604,0
Tight,1,8301,Repair,2500,0,38,38,0.0032134,3492.17238466647,3492.17238466647,0,1,-0.168784046539604,0
Tight,2,8302,Restart,500,0,480,480,0.0572332,5872.70769391709,5872.70769391709,0,1,0.397837159078191,0.588235294117647
Tight,2,8302,Restart,1000,0,990,990,0.1074718,5900.80374591145,5900.80374591145,0,1,0.404524654446264,0.588235294117647
Tight,2,8302,Restart,1500,0,1500,1500,0.1442053,5165.68774943097,5165.68774943097,0,1,0.229550433070055,0.705882352941176
Tight,2,8302,Restart,2500,0,2490,2490,0.2521308,4113.27148095665,4113.27148095665,0,1,-0.0209484242825031,0.352941176470588
Tight,2,8302,WarmStart,500,200,300,500,0.0503835,3492.17238466647,3492.17238466647,0,1,-0.168784046539604,0
Tight,2,8302,WarmStart,1000,200,780,980,0.096571,3492.17238466647,3492.17238466647,0,1,-0.168784046539604,0
Tight,2,8302,WarmStart,1500,200,1290,1490,0.1514931,3492.17238466647,3492.17238466647,0,1,-0.168784046539604,0
Tight,2,8302,WarmStart,2500,200,2280,2480,0.2641934,3492.17238466647,3492.17238466647,0,1,-0.168784046539604,0
Tight,2,8302,Repair,500,0,38,38,0.0034295,3492.17238466647,3492.17238466647,0,1,-0.168784046539604,0
Tight,2,8302,Repair,1000,0,38,38,0.0030276,3492.17238466647,3492.17238466647,0,1,-0.168784046539604,0
Tight,2,8302,Repair,1500,0,38,38,0.0029942,3492.17238466647,3492.17238466647,0,1,-0.168784046539604,0
Tight,2,8302,Repair,2500,0,38,38,0.0034141,3492.17238466647,3492.17238466647,0,1,-0.168784046539604,0
Tight,3,8303,Restart,500,0,480,480,0.0495385,7156.56221134122,7156.56221134122,0,1,0.703423550371718,0.705882352941176
Tight,3,8303,Restart,1000,0,990,990,0.0981607,5533.3917674856,5533.3917674856,0,1,0.31707229977415,0.411764705882353
Tight,3,8303,Restart,1500,0,1500,1500,0.1611163,5089.60476273269,5089.60476273269,0,1,0.21144096269906,0.529411764705882
Tight,3,8303,Restart,2500,0,2490,2490,0.2534248,4457.39621116569,4457.39621116569,0,1,0.0609610390034347,0.705882352941176
Tight,3,8303,WarmStart,500,200,300,500,0.0506856,3492.17238466647,3492.17238466647,0,1,-0.168784046539604,0
Tight,3,8303,WarmStart,1000,200,780,980,0.0959971,3492.17238466647,3492.17238466647,0,1,-0.168784046539604,0
Tight,3,8303,WarmStart,1500,200,1290,1490,0.1477377,3492.17238466647,3492.17238466647,0,1,-0.168784046539604,0
Tight,3,8303,WarmStart,2500,200,2280,2480,0.2607553,3492.17238466647,3492.17238466647,0,1,-0.168784046539604,0
Tight,3,8303,Repair,500,0,38,38,0.0047655,3492.17238466647,3492.17238466647,0,1,-0.168784046539604,0
Tight,3,8303,Repair,1000,0,38,38,0.0029965,3492.17238466647,3492.17238466647,0,1,-0.168784046539604,0
Tight,3,8303,Repair,1500,0,38,38,0.00314,3492.17238466647,3492.17238466647,0,1,-0.168784046539604,0
Tight,3,8303,Repair,2500,0,38,38,0.003092,3492.17238466647,3492.17238466647,0,1,-0.168784046539604,0
Tight,4,8304,Restart,500,0,480,480,0.0495842,4788.32672740209,4788.32672740209,0,1,0.139729981164018,0.352941176470588
Tight,4,8304,Restart,1000,0,990,990,0.10698,5135.50067033749,5135.50067033749,0,1,0.222365225993497,0.588235294117647
Tight,4,8304,Restart,1500,0,1500,1500,0.1610218,4773.30330062025,4773.30330062025,0,1,0.136154066048391,0.411764705882353
Tight,4,8304,Restart,2500,0,2490,2490,0.257529,5033.09820149109,5033.09820149109,0,1,0.197991124029744,0.411764705882353
Tight,4,8304,WarmStart,500,200,300,500,0.0558233,3492.17238466647,3492.17238466647,0,1,-0.168784046539604,0
Tight,4,8304,WarmStart,1000,200,780,980,0.0995494,3492.17238466647,3492.17238466647,0,1,-0.168784046539604,0
Tight,4,8304,WarmStart,1500,200,1290,1490,0.1463733,3492.17238466647,3492.17238466647,0,1,-0.168784046539604,0
Tight,4,8304,WarmStart,2500,200,2280,2480,0.2366765,3492.17238466647,3492.17238466647,0,1,-0.168784046539604,0
Tight,4,8304,Repair,500,0,38,38,0.003934,3492.17238466647,3492.17238466647,0,1,-0.168784046539604,0
Tight,4,8304,Repair,1000,0,38,38,0.0037536,3492.17238466647,3492.17238466647,0,1,-0.168784046539604,0
Tight,4,8304,Repair,1500,0,38,38,0.0036189,3492.17238466647,3492.17238466647,0,1,-0.168784046539604,0
Tight,4,8304,Repair,2500,0,38,38,0.0036799,3492.17238466647,3492.17238466647,0,1,-0.168784046539604,0
Tight,5,8305,Restart,500,0,480,480,0.0511986,5204.13721491929,5204.13721491929,0,1,0.238702274845176,0.352941176470588
Tight,5,8305,Restart,1000,0,990,990,0.1043526,6349.67348783527,6349.67348783527,0,1,0.511365797841984,0.529411764705882
Tight,5,8305,Restart,1500,0,1500,1500,0.1461484,5367.33748782026,5367.33748782026,0,1,0.277547628253277,0.705882352941176
Tight,5,8305,Restart,2500,0,2490,2490,0.2561541,4620.76210491144,4620.76210491144,0,1,0.0998458139157572,0.470588235294118
Tight,5,8305,WarmStart,500,200,300,500,0.0537043,3492.17238466647,3492.17238466647,0,1,-0.168784046539604,0
Tight,5,8305,WarmStart,1000,200,780,980,0.0967828,3492.17238466647,3492.17238466647,0,1,-0.168784046539604,0
Tight,5,8305,WarmStart,1500,200,1290,1490,0.1565076,3492.17238466647,3492.17238466647,0,1,-0.168784046539604,0
Tight,5,8305,WarmStart,2500,200,2280,2480,0.2350517,3492.17238466647,3492.17238466647,0,1,-0.168784046539604,0
Tight,5,8305,Repair,500,0,38,38,0.0029541,3492.17238466647,3492.17238466647,0,1,-0.168784046539604,0
Tight,5,8305,Repair,1000,0,38,38,0.0030977,3492.17238466647,3492.17238466647,0,1,-0.168784046539604,0
Tight,5,8305,Repair,1500,0,38,38,0.003919,3492.17238466647,3492.17238466647,0,1,-0.168784046539604,0
Tight,5,8305,Repair,2500,0,38,38,0.0034944,3492.17238466647,3492.17238466647,0,1,-0.168784046539604,0
