dataset,level,instance,strategy,algorithm_seed,checkpoint_fe,actual_fe,cost,gap_to_witness_bks,is_feasible,warm_start_fe,response_time,bks_cost,gap_to_bks
addition_instances,M1,1,Restart,1000101,500,480,5410.49907861168,0.550321138194286,1,0,0.2887314,3489.9215042075,0.550321138194284
addition_instances,M1,1,Restart,1000101,1000,990,4785.75582844596,0.371307584619363,1,0,0.2887314,3489.9215042075,0.371307584619363
addition_instances,M1,1,Restart,1000101,1500,1500,4403.44208730492,0.261759636139685,1,0,0.2887314,3489.9215042075,0.261759636139686
addition_instances,M1,1,Restart,1000101,2500,2490,4353.27484048428,0.247384743535323,1,0,0.2887314,3489.9215042075,0.247384743535322
addition_instances,M1,1,WarmStart,1000102,500,497,3489.9215042075,0,1,77,0.3075482,3489.9215042075,0
addition_instances,M1,1,WarmStart,1000102,1000,977,3489.9215042075,0,1,77,0.3075482,3489.9215042075,0
addition_instances,M1,1,WarmStart,1000102,1500,1487,3489.9215042075,0,1,77,0.3075482,3489.9215042075,0
addition_instances,M1,1,WarmStart,1000102,2500,2477,3489.9215042075,0,1,77,0.3075482,3489.9215042075,0
addition_instances,M1,1,Repair,1000103,500,19,3489.9215042075,0,1,0,0.0097395,3489.9215042075,0
addition_instances,M1,1,Repair,1000103,1000,19,3489.9215042075,0,1,0,0.0097395,3489.9215042075,0
addition_instances,M1,1,Repair,1000103,1500,19,3489.9215042075,0,1,0,0.0097395,3489.9215042075,0
addition_instances,M1,1,Repair,1000103,2500,19,3489.9215042075,0,1,0,0.0097395,3489.9215042075,0
addition_instances,M1,2,Restart,1000201,500,480,6137.70543287604,0.758351061678392,1,0,0.3164395,3490.60296697375,0.758351061678392
addition_instances,M1,2,Restart,1000201,1000,990,4991.0937148571,0.429865774503777,1,0,0.3164395,3490.60296697375,0.429865774503776
addition_instances,M1,2,Restart,1000201,1500,1500,4245.19661252491,0.216178595128327,1,0,0.3164395,3490.60296697375,0.216178595128328
addition_instances,M1,2,Restart,1000201,2500,2490,3858.16731072848,0.105301103343014,1,0,0.3164395,3490.60296697375,0.105301103343013
addition_instances,M1,2,WarmStart,1000202,500,498,3490.60296697375,0,1,78,0.4150347,3490.60296697375,0
addition_instances,M1,2,WarmStart,1000202,1000,978,3490.60296697375,0,1,78,0.4150347,3490.60296697375,0
addition_instances,M1,2,WarmStart,1000202,1500,1488,3490.60296697375,0,1,78,0.4150347,3490.60296697375,0
addition_instances,M1,2,WarmStart,1000202,2500,2478,3490.60296697375,0,1,78,0.4150347,3490.60296697375,0
addition_instances,M1,2,Repair,1000203,500,19,3490.60296697375,0,1,0,0.0048225,3490.60296697375,0
addition_instances,M1,2,Repair,1000203,1000,19,3490.60296697375,0,1,0,0.0048225,3490.60296697375,0
addition_instances,M1,2,Repair,1000203,1500,19,3490.60296697375,0,1,0,0.0048225,3490.60296697375,0
addition_instances,M1,2,Repair,1000203,2500,19,3490.60296697375,0,1,0,0.0048225,3490.60296697375,0
addition_instances,M1,3,Restart,1000301,500,480,5208.81985581144,0.492545315469266,1,0,0.31408,3489.89059281845,0.492545315469267
addition_instances,M1,3,Restart,1000301,1000,990,4457.24145685273,0.277186587460623,1,0,0.31408,3489.89059281845,0.277186587460624
addition_instances,M1,3,Restart,1000301,1500,1500,4278.36838613642,0.225931951832677,1,0,0.31408,3489.89059281845,0.225931951832677
addition_instances,M1,3,Restart,1000301,2500,2490,4234.51580375142,0.213366348064112,1,0,0.31408,3489.89059281845,0.213366348064112
addition_instances,M1,3,WarmStart,1000302,500,497,3489.89059281845,0,1,77,0.309218,3489.89059281845,0
addition_instances,M1,3,WarmStart,1000302,1000,977,3489.89059281845,0,1,77,0.309218,3489.89059281845,0
addition_instances,M1,3,WarmStart,1000302,1500,1487,3489.89059281845,0,1,77,0.309218,3489.89059281845,0
addition_instances,M1,3,WarmStart,1000302,2500,2477,3489.89059281845,0,1,77,0.309218,3489.89059281845,0
addition_instances,M1,3,Repair,1000303,500,19,3489.89059281845,0,1,0,0.0029517,3489.89059281845,0
addition_instances,M1,3,Repair,1000303,1000,19,3489.89059281845,0,1,0,0.0029517,3489.89059281845,0
addition_instances,M1,3,Repair,1000303,1500,19,3489.89059281845,0,1,0,0.0029517,3489.89059281845,0
addition_instances,M1,3,Repair,1000303,2500,19,3489.89059281845,0,1,0,0.0029517,3489.89059281845,0
addition_instances,M1,4,Restart,1000401,500,480,5804.1424672716,0.663116559302592,1,0,0.3095808,3489.91923314473,0.663116559302591
addition_instances,M1,4,Restart,1000401,1000,990,4834.60612038658,0.385306019254252,1,0,0.3095808,3489.91923314473,0.385306019254253
addition_instances,M1,4,Restart,1000401,1500,1500,4481.3264661065,0.284077414613524,1,0,0.3095808,3489.91923314473,0.284077414613525
addition_instances,M1,4,Restart,1000401,2500,2490,4341.50886300772,0.244014136996411,1,0,0.3095808,3489.91923314473,0.244014136996412
addition_instances,M1,4,WarmStart,1000402,500,498,3489.91923314473,0,1,78,0.2869829,3489.91923314473,0
addition_instances,M1,4,WarmStart,1000402,1000,978,3489.91923314473,0,1,78,0.2869829,3489.91923314473,0
addition_instances,M1,4,WarmStart,1000402,1500,1488,3489.91923314473,0,1,78,0.2869829,3489.91923314473,0
addition_instances,M1,4,WarmStart,1000402,2500,2478,3489.91923314473,0,1,78,0.2869829,3489.91923314473,0
addition_instances,M1,4,Repair,1000403,500,19,3489.91923314473,0,1,0,0.0028808,3489.91923314473,0
addition_instances,M1,4,Repair,1000403,1000,19,3489.91923314473,0,1,0,0.0028808,3489.91923314473,0
addition_instances,M1,4,Repair,1000403,1500,19,3489.91923314473,0,1,0,0.0028808,3489.91923314473,0
addition_instances,M1,4,Repair,1000403,2500,19,3489.91923314473,0,1,0,0.0028808,3489.91923314473,0
addition_instances,M1,5,Restart,1000501,500,480,5819.25669159741,0.667399746864778,1,0,0.2112834,3490.01893669433,0.667399746864779
addition_instances,M1,5,Restart,1000501,1000,990,5591.16133120954,0.602043264700838,1,0,0.2112834,3490.01893669433,0.60204326470084
addition_instances,M1,5,Restart,1000501,1500,1500,5305.16046753019,0.520095037809486,1,0,0.2112834,3490.01893669433,0.520095037809486
addition_instances,M1,5,Restart,1000501,2500,2490,5214.80763669021,0.494206115004509,1,0,0.2112834,3490.01893669433,0.494206115004511
addition_instances,M1,5,WarmStart,1000502,500,496,3490.01893669433,0,1,76,0.2209062,3490.01893669433,0
addition_instances,M1,5,WarmStart,1000502,1000,976,3490.01893669433,0,1,76,0.2209062,3490.01893669433,0
addition_instances,M1,5,WarmStart,1000502,1500,1486,3490.01893669433,0,1,76,0.2209062,3490.01893669433,0
addition_instances,M1,5,WarmStart,1000502,2500,2476,3490.01893669433,0,1,76,0.2209062,3490.01893669433,0
addition_instances,M1,5,Repair,1000503,500,19,3490.01893669433,0,1,0,0.004123,3490.01893669433,0
addition_instances,M1,5,Repair,1000503,1000,19,3490.01893669433,0,1,0,0.004123,3490.01893669433,0
addition_instances,M1,5,Repair,1000503,1500,19,3490.01893669433,0,1,0,0.004123,3490.01893669433,0
addition_instances,M1,5,Repair,1000503,2500,19,3490.01893669433,0,1,0,0.004123,3490.01893669433,0
addition_instances,M1,6,Restart,1000601,500,480,4516.06080369612,0.29389681541502,1,0,0.2077223,3490.27893870161,0.293896815415017
addition_instances,M1,6,Restart,1000601,1000,990,3964.68707118248,0.135922698676156,1,0,0.2077223,3490.27893870161,0.135922698676155
addition_instances,M1,6,Restart,1000601,1500,1500,3726.17707965186,0.0675871886153644,1,0,0.2077223,3490.27893870161,0.0675871886153616
addition_instances,M1,6,Restart,1000601,2500,2490,3726.17707965186,0.0675871886153644,1,0,0.2077223,3490.27893870161,0.0675871886153616
addition_instances,M1,6,WarmStart,1000602,500,495,3490.27893870161,0,1,75,0.2050354,3490.27893870161,0
addition_instances,M1,6,WarmStart,1000602,1000,975,3490.27893870161,0,1,75,0.2050354,3490.27893870161,0
addition_instances,M1,6,WarmStart,1000602,1500,1485,3490.27893870161,0,1,75,0.2050354,3490.27893870161,0
addition_instances,M1,6,WarmStart,1000602,2500,2475,3490.27893870161,0,1,75,0.2050354,3490.27893870161,0
addition_instances,M1,6,Repair,1000603,500,19,3490.27893870161,0,1,0,0.0016482,3490.27893870161,0
addition_instances,M1,6,Repair,1000603,1000,19,3490.27893870161,0,1,0,0.0016482,3490.27893870161,0
addition_instances,M1,6,Repair,1000603,1500,19,3490.27893870161,0,1,0,0.0016482,3490.27893870161,0
addition_instances,M1,6,Repair,1000603,2500,19,3490.27893870161,0,1,0,0.0016482,3490.27893870161,0
addition_instances,M1,7,Restart,1000701,500,480,5486.43872577097,0.571577493802385,1,0,0.2108388,3491.03925667496,0.571577493802384
addition_instances,M1,7,Restart,1000701,1000,990,5301.9940628408,0.518743753082481,1,0,0.2108388,3491.03925667496,0.51874375308248
addition_instances,M1,7,Restart,1000701,1500,1500,4667.44280124255,0.33697803378128,1,0,0.2108388,3491.03925667496,0.33697803378128
addition_instances,M1,7,Restart,1000701,2500,2490,4624.75703556909,0.324750796407241,1,0,0.2108388,3491.03925667496,0.324750796407239
addition_instances,M1,7,WarmStart,1000702,500,498,3491.03925667496,0,1,78,0.2058894,3491.03925667496,0
addition_instances,M1,7,WarmStart,1000702,1000,978,3491.03925667496,0,1,78,0.2058894,3491.03925667496,0
addition_instances,M1,7,WarmStart,1000702,1500,1488,3491.03925667496,0,1,78,0.2058894,3491.03925667496,0
addition_instances,M1,7,WarmStart,1000702,2500,2478,3491.03925667496,0,1,78,0.2058894,3491.03925667496,0
addition_instances,M1,7,Repair,1000703,500,19,3491.03925667496,0,1,0,0.0014501,3491.03925667496,0
addition_instances,M1,7,Repair,1000703,1000,19,3491.03925667496,0,1,0,0.0014501,3491.03925667496,0
addition_instances,M1,7,Repair,1000703,1500,19,3491.03925667496,0,1,0,0.0014501,3491.03925667496,0
addition_instances,M1,7,Repair,1000703,2500,19,3491.03925667496,0,1,0,0.0014501,3491.03925667496,0
addition_instances,M1,8,Restart,1000801,500,480,5401.47040923995,0.54696605345773,1,0,0.2081943,3491.65412981542,0.546966053457731
addition_instances,M1,8,Restart,1000801,1000,990,4046.66274293632,0.158952918154651,1,0,0.2081943,3491.65412981542,0.158952918154651
addition_instances,M1,8,Restart,1000801,1500,1500,3657.93346535173,0.0476219377275777,1,0,0.2081943,3491.65412981542,0.0476219377275778
addition_instances,M1,8,Restart,1000801,2500,2490,3657.93346535173,0.0476219377275777,1,0,0.2081943,3491.65412981542,0.0476219377275778
addition_instances,M1,8,WarmStart,1000802,500,497,3491.65412981542,0,1,77,0.2090621,3491.65412981542,0
addition_instances,M1,8,WarmStart,1000802,1000,977,3491.65412981542,0,1,77,0.2090621,3491.65412981542,0
addition_instances,M1,8,WarmStart,1000802,1500,1487,3491.65412981542,0,1,77,0.2090621,3491.65412981542,0
addition_instances,M1,8,WarmStart,1000802,2500,2477,3491.65412981542,0,1,77,0.2090621,3491.65412981542,0
addition_instances,M1,8,Repair,1000803,500,19,3491.65412981542,0,1,0,0.0015058,3491.65412981542,0
addition_instances,M1,8,Repair,1000803,1000,19,3491.65412981542,0,1,0,0.0015058,3491.65412981542,0
addition_instances,M1,8,Repair,1000803,1500,19,3491.65412981542,0,1,0,0.0015058,3491.65412981542,0
addition_instances,M1,8,Repair,1000803,2500,19,3491.65412981542,0,1,0,0.0015058,3491.65412981542,0
addition_instances,M1,9,Restart,1000901,500,480,5533.70295354366,0.585643980245434,1,0,0.2178181,3251.1452136787,0.702078064757441
addition_instances,M1,9,Restart,1000901,1000,990,5387.2502097539,0.543678968113376,1,0,0.2178181,3251.1452136787,0.657031555246398
addition_instances,M1,9,Restart,1000901,1500,1500,5157.28343755695,0.477783593704628,1,0,0.2178181,3251.1452136787,0.586297473228345
addition_instances,M1,9,Restart,1000901,2500,2490,4827.95065263177,0.383415581489648,1,0,0.2178181,3251.1452136787,0.485000003173928
addition_instances,M1,9,WarmStart,1000902,500,498,3489.87731324602,0,1,78,0.2042617,3251.1452136787,0.073430155799529
addition_instances,M1,9,WarmStart,1000902,1000,978,3489.87731324602,0,1,78,0.2042617,3251.1452136787,0.073430155799529
addition_instances,M1,9,WarmStart,1000902,1500,1488,3489.87731324602,0,1,78,0.2042617,3251.1452136787,0.073430155799529
addition_instances,M1,9,WarmStart,1000902,2500,2478,3489.87731324602,0,1,78,0.2042617,3251.1452136787,0.073430155799529
addition_instances,M1,9,Repair,1000903,500,19,3489.87731324602,0,1,0,0.0014855,3251.1452136787,0.073430155799529
addition_instances,M1,9,Repair,1000903,1000,19,3489.87731324602,0,1,0,0.0014855,3251.1452136787,0.073430155799529
addition_instances,M1,9,Repair,1000903,1500,19,3489.87731324602,0,1,0,0.0014855,3251.1452136787,0.073430155799529
addition_instances,M1,9,Repair,1000903,2500,19,3489.87731324602,0,1,0,0.0014855,3251.1452136787,0.073430155799529
addition_instances,M1,10,Restart,1001001,500,480,5589.39212110001,0.601368103309233,1,0,0.2135093,3442.96743994192,0.623422881162738
addition_instances,M1,10,Restart,1001001,1000,990,5179.91258824795,0.484051685233664,1,0,0.2135093,3442.96743994192,0.504490727433464
addition_instances,M1,10,Restart,1001001,1500,1500,5004.17556479793,0.433702799733037,1,0,0.2135093,3442.96743994192,0.453448413930498
addition_instances,M1,10,Restart,1001001,2500,2490,4893.61358017129,0.402026647517613,1,0,0.2135093,3442.96743994192,0.421336003181558
addition_instances,M1,10,WarmStart,1001002,500,497,3490.38557065644,0,1,77,0.2105966,3442.96743994192,0.0137724598160359
addition_instances,M1,10,WarmStart,1001002,1000,977,3490.38557065644,0,1,77,0.2105966,3442.96743994192,0.0137724598160359
addition_instances,M1,10,WarmStart,1001002,1500,1487,3490.38557065644,0,1,77,0.2105966,3442.96743994192,0.0137724598160359
addition_instances,M1,10,WarmStart,1001002,2500,2477,3490.38557065644,0,1,77,0.2105966,3442.96743994192,0.0137724598160359
addition_instances,M1,10,Repair,1001003,500,19,3490.38557065644,0,1,0,0.0014781,3442.96743994192,0.0137724598160359
addition_instances,M1,10,Repair,1001003,1000,19,3490.38557065644,0,1,0,0.0014781,3442.96743994192,0.0137724598160359
addition_instances,M1,10,Repair,1001003,1500,19,3490.38557065644,0,1,0,0.0014781,3442.96743994192,0.0137724598160359
addition_instances,M1,10,Repair,1001003,2500,19,3490.38557065644,0,1,0,0.0014781,3442.96743994192,0.0137724598160359
addition_instances,M2,1,Restart,1001101,500,480,6315.17575987982,0.808209207200379,1,0,0.2728238,3492.50282253429,0.808209207200381
addition_instances,M2,1,Restart,1001101,1000,990,6275.77407648693,0.796927417207638,1,0,0.2728238,3492.50282253429,0.796927417207639
addition_instances,M2,1,Restart,1001101,1500,1500,5586.70599049746,0.599628196275452,1,0,0.2728238,3492.50282253429,0.599628196275455
addition_instances,M2,1,Restart,1001101,2500,2490,4745.06299509558,0.358642565577767,1,0,0.2728238,3492.50282253429,0.358642565577767
addition_instances,M2,1,WarmStart,1001102,500,500,3492.50282253429,0,1,200,0.2357928,3492.50282253429,0
addition_instances,M2,1,WarmStart,1001102,1000,980,3492.50282253429,0,1,200,0.2357928,3492.50282253429,0
addition_instances,M2,1,WarmStart,1001102,1500,1490,3492.50282253429,0,1,200,0.2357928,3492.50282253429,0
addition_instances,M2,1,WarmStart,1001102,2500,2480,3492.50282253429,0,1,200,0.2357928,3492.50282253429,0
addition_instances,M2,1,Repair,1001103,500,38,3492.50282253429,0,1,0,0.0058762,3492.50282253429,0
addition_instances,M2,1,Repair,1001103,1000,38,3492.50282253429,0,1,0,0.0058762,3492.50282253429,0
addition_instances,M2,1,Repair,1001103,1500,38,3492.50282253429,0,1,0,0.0058762,3492.50282253429,0
addition_instances,M2,1,Repair,1001103,2500,38,3492.50282253429,0,1,0,0.0058762,3492.50282253429,0
addition_instances,M2,2,Restart,1001201,500,480,5553.8862101842,0.590174509241157,1,0,0.232703,3492.62686447826,0.590174509241157
addition_instances,M2,2,Restart,1001201,1000,990,5095.29289763026,0.458871243719705,1,0,0.232703,3492.62686447826,0.458871243719707
addition_instances,M2,2,Restart,1001201,1500,1500,4715.51362272753,0.350133812084716,1,0,0.232703,3492.62686447826,0.350133812084718
addition_instances,M2,2,Restart,1001201,2500,2490,4184.68142575368,0.198147293750143,1,0,0.232703,3492.62686447826,0.198147293750145
addition_instances,M2,2,WarmStart,1001202,500,500,3492.62686447826,0,1,200,0.2152177,3492.62686447826,0
addition_instances,M2,2,WarmStart,1001202,1000,980,3492.62686447826,0,1,200,0.2152177,3492.62686447826,0
addition_instances,M2,2,WarmStart,1001202,1500,1490,3492.62686447826,0,1,200,0.2152177,3492.62686447826,0
addition_instances,M2,2,WarmStart,1001202,2500,2480,3492.62686447826,0,1,200,0.2152177,3492.62686447826,0
addition_instances,M2,2,Repair,1001203,500,38,3492.62686447826,0,1,0,0.0030001,3492.62686447826,0
addition_instances,M2,2,Repair,1001203,1000,38,3492.62686447826,0,1,0,0.0030001,3492.62686447826,0
addition_instances,M2,2,Repair,1001203,1500,38,3492.62686447826,0,1,0,0.0030001,3492.62686447826,0
addition_instances,M2,2,Repair,1001203,2500,38,3492.62686447826,0,1,0,0.0030001,3492.62686447826,0
addition_instances,M2,3,Restart,1001301,500,480,5800.08370420377,0.661606004443337,1,0,0.2109742,3490.64922050934,0.661606004443336
addition_instances,M2,3,Restart,1001301,1000,990,5163.14088326954,0.47913484200402,1,0,0.2109742,3490.64922050934,0.47913484200402
addition_instances,M2,3,Restart,1001301,1500,1500,4763.46488181948,0.364635797212652,1,0,0.2109742,3490.64922050934,0.36463579721265
addition_instances,M2,3,Restart,1001301,2500,2490,4763.46488181948,0.364635797212652,1,0,0.2109742,3490.64922050934,0.36463579721265
addition_instances,M2,3,WarmStart,1001302,500,500,3490.64922050934,0,1,200,0.2201543,3490.64922050934,0
addition_instances,M2,3,WarmStart,1001302,1000,980,3490.64922050934,0,1,200,0.2201543,3490.64922050934,0
addition_instances,M2,3,WarmStart,1001302,1500,1490,3490.64922050934,0,1,200,0.2201543,3490.64922050934,0
addition_instances,M2,3,WarmStart,1001302,2500,2480,3490.64922050934,0,1,200,0.2201543,3490.64922050934,0
addition_instances,M2,3,Repair,1001303,500,38,3490.64922050934,0,1,0,0.0030872,3490.64922050934,0
addition_instances,M2,3,Repair,1001303,1000,38,3490.64922050934,0,1,0,0.0030872,3490.64922050934,0
addition_instances,M2,3,Repair,1001303,1500,38,3490.64922050934,0,1,0,0.0030872,3490.64922050934,0
addition_instances,M2,3,Repair,1001303,2500,38,3490.64922050934,0,1,0,0.0030872,3490.64922050934,0
addition_instances,M2,4,Restart,1001401,500,480,6673.33958639776,0.909712136972993,1,0,0.230769,3494.42172838436,0.909712136972994
addition_instances,M2,4,Restart,1001401,1000,990,6462.68106979696,0.849427908858889,1,0,0.230769,3494.42172838436,0.849427908858892
addition_instances,M2,4,Restart,1001401,1500,1500,5867.91721956215,0.679224110787328,1,0,0.230769,3494.42172838436,0.67922411078733
addition_instances,M2,4,Restart,1001401,2500,2490,4615.35540251614,0.320778017440396,1,0,0.230769,3494.42172838436,0.320778017440397
addition_instances,M2,4,WarmStart,1001402,500,500,3494.42172838436,0,1,200,0.2171896,3494.42172838436,0
addition_instances,M2,4,WarmStart,1001402,1000,980,3494.42172838436,0,1,200,0.2171896,3494.42172838436,0
addition_instances,M2,4,WarmStart,1001402,1500,1490,3494.42172838436,0,1,200,0.2171896,3494.42172838436,0
addition_instances,M2,4,WarmStart,1001402,2500,2480,3494.42172838436,0,1,200,0.2171896,3494.42172838436,0
addition_instances,M2,4,Repair,1001403,500,38,3494.42172838436,0,1,0,0.003074,3494.42172838436,0
addition_instances,M2,4,Repair,1001403,1000,38,3494.42172838436,0,1,0,0.003074,3494.42172838436,0
addition_instances,M2,4,Repair,1001403,1500,38,3494.42172838436,0,1,0,0.003074,3494.42172838436,0
addition_instances,M2,4,Repair,1001403,2500,38,3494.42172838436,0,1,0,0.003074,3494.42172838436,0
addition_instances,M2,5,Restart,1001501,500,480,6135.53452593139,0.756654630451628,1,0,0.2312561,3492.73808270097,0.756654630451625
addition_instances,M2,5,Restart,1001501,1000,990,6108.34802776788,0.748870909622927,1,0,0.2312561,3492.73808270097,0.748870909622926
addition_instances,M2,5,Restart,1001501,1500,1500,5837.69063696349,0.671379444647378,1,0,0.2312561,3492.73808270097,0.671379444647376
addition_instances,M2,5,Restart,1001501,2500,2490,5750.22087636881,0.646336123755982,1,0,0.2312561,3492.73808270097,0.64633612375598
addition_instances,M2,5,WarmStart,1001502,500,500,3492.73808270097,0,1,200,0.2331612,3492.73808270097,0
addition_instances,M2,5,WarmStart,1001502,1000,980,3492.73808270097,0,1,200,0.2331612,3492.73808270097,0
addition_instances,M2,5,WarmStart,1001502,1500,1490,3492.73808270097,0,1,200,0.2331612,3492.73808270097,0
addition_instances,M2,5,WarmStart,1001502,2500,2480,3492.73808270097,0,1,200,0.2331612,3492.73808270097,0
addition_instances,M2,5,Repair,1001503,500,38,3492.73808270097,0,1,0,0.0029012,3492.73808270097,0
addition_instances,M2,5,Repair,1001503,1000,38,3492.73808270097,0,1,0,0.0029012,3492.73808270097,0
addition_instances,M2,5,Repair,1001503,1500,38,3492.73808270097,0,1,0,0.0029012,3492.73808270097,0
addition_instances,M2,5,Repair,1001503,2500,38,3492.73808270097,0,1,0,0.0029012,3492.73808270097,0
addition_instances,M2,6,Restart,1001601,500,480,5366.07219811614,0.537058524413815,1,0,0.2636667,3491.13069729247,0.537058524413816
addition_instances,M2,6,Restart,1001601,1000,990,4774.24286345315,0.367534841120613,1,0,0.2636667,3491.13069729247,0.367534841120612
addition_instances,M2,6,Restart,1001601,1500,1500,4477.83175513474,0.282630798843338,1,0,0.2636667,3491.13069729247,0.282630798843338
addition_instances,M2,6,Restart,1001601,2500,2490,4417.0887523568,0.265231564026649,1,0,0.2636667,3491.13069729247,0.26523156402665
addition_instances,M2,6,WarmStart,1001602,500,500,3491.13069729247,0,1,200,0.2295844,3491.13069729247,0
addition_instances,M2,6,WarmStart,1001602,1000,980,3491.13069729247,0,1,200,0.2295844,3491.13069729247,0
addition_instances,M2,6,WarmStart,1001602,1500,1490,3491.13069729247,0,1,200,0.2295844,3491.13069729247,0
addition_instances,M2,6,WarmStart,1001602,2500,2480,3491.13069729247,0,1,200,0.2295844,3491.13069729247,0
addition_instances,M2,6,Repair,1001603,500,38,3491.13069729247,0,1,0,0.0029525,3491.13069729247,0
addition_instances,M2,6,Repair,1001603,1000,38,3491.13069729247,0,1,0,0.0029525,3491.13069729247,0
addition_instances,M2,6,Repair,1001603,1500,38,3491.13069729247,0,1,0,0.0029525,3491.13069729247,0
addition_instances,M2,6,Repair,1001603,2500,38,3491.13069729247,0,1,0,0.0029525,3491.13069729247,0
addition_instances,M2,7,Restart,1001701,500,480,5932.36686964149,0.699280961946157,1,0,0.222001,3491.10418023353,0.699280961946159
addition_instances,M2,7,Restart,1001701,1000,990,5703.5601658833,0.63374103762832,1,0,0.222001,3491.10418023353,0.633741037628322
addition_instances,M2,7,Restart,1001701,1500,1500,5556.31056599529,0.591562519805297,1,0,0.222001,3491.10418023353,0.591562519805299
addition_instances,M2,7,Restart,1001701,2500,2490,5355.98512880059,0.534180835715508,1,0,0.222001,3491.10418023353,0.534180835715511
addition_instances,M2,7,WarmStart,1001702,500,500,3491.10418023353,0,1,200,0.2220213,3491.10418023353,0
addition_instances,M2,7,WarmStart,1001702,1000,980,3491.10418023353,0,1,200,0.2220213,3491.10418023353,0
addition_instances,M2,7,WarmStart,1001702,1500,1490,3491.10418023353,0,1,200,0.2220213,3491.10418023353,0
addition_instances,M2,7,WarmStart,1001702,2500,2480,3491.10418023353,0,1,200,0.2220213,3491.10418023353,0
addition_instances,M2,7,Repair,1001703,500,38,3491.10418023353,0,1,0,0.0029965,3491.10418023353,0
addition_instances,M2,7,Repair,1001703,1000,38,3491.10418023353,0,1,0,0.0029965,3491.10418023353,0
addition_instances,M2,7,Repair,1001703,1500,38,3491.10418023353,0,1,0,0.0029965,3491.10418023353,0
addition_instances,M2,7,Repair,1001703,2500,38,3491.10418023353,0,1,0,0.0029965,3491.10418023353,0
addition_instances,M2,8,Restart,1001801,500,480,5021.58563340594,0.438393393938691,1,0,0.2248429,3491.1072691008,0.438393393938693
addition_instances,M2,8,Restart,1001801,1000,990,4630.15875618387,0.326272268161054,1,0,0.2248429,3491.1072691008,0.326272268161056
addition_instances,M2,8,Restart,1001801,1500,1500,4524.3632310652,0.295967978729721,1,0,0.2248429,3491.1072691008,0.295967978729721
addition_instances,M2,8,Restart,1001801,2500,2490,4294.8745322466,0.230232760322149,1,0,0.2248429,3491.1072691008,0.23023276032215
addition_instances,M2,8,WarmStart,1001802,500,500,3491.1072691008,0,1,200,0.2120618,3491.1072691008,0
addition_instances,M2,8,WarmStart,1001802,1000,980,3491.1072691008,0,1,200,0.2120618,3491.1072691008,0
addition_instances,M2,8,WarmStart,1001802,1500,1490,3491.1072691008,0,1,200,0.2120618,3491.1072691008,0
addition_instances,M2,8,WarmStart,1001802,2500,2480,3491.1072691008,0,1,200,0.2120618,3491.1072691008,0
addition_instances,M2,8,Repair,1001803,500,38,3491.1072691008,0,1,0,0.0029345,3491.1072691008,0
addition_instances,M2,8,Repair,1001803,1000,38,3491.1072691008,0,1,0,0.0029345,3491.1072691008,0
addition_instances,M2,8,Repair,1001803,1500,38,3491.1072691008,0,1,0,0.0029345,3491.1072691008,0
addition_instances,M2,8,Repair,1001803,2500,38,3491.1072691008,0,1,0,0.0029345,3491.1072691008,0
addition_instances,M2,9,Restart,1001901,500,480,5772.57540788322,0.653755807538171,1,0,0.2329708,3487.17063082967,0.655375093162506
addition_instances,M2,9,Restart,1001901,1000,990,4894.72340296674,0.40226444558782,1,0,0.2329708,3487.17063082967,0.403637481829269
addition_instances,M2,9,Restart,1001901,1500,1500,4206.86115642149,0.205202284484309,1,0,0.2329708,3487.17063082967,0.206382366044586
addition_instances,M2,9,Restart,1001901,2500,2490,3814.40320980312,0.0927690007980859,1,0,0.2329708,3487.17063082967,0.0938389925862603
addition_instances,M2,9,WarmStart,1001902,500,500,3490.58511635792,0,1,200,0.2122682,3487.17063082967,0.000979156425000588
addition_instances,M2,9,WarmStart,1001902,1000,980,3490.58511635792,0,1,200,0.2122682,3487.17063082967,0.000979156425000588
addition_instances,M2,9,WarmStart,1001902,1500,1490,3490.58511635792,0,1,200,0.2122682,3487.17063082967,0.000979156425000588
addition_instances,M2,9,WarmStart,1001902,2500,2480,3490.58511635792,0,1,200,0.2122682,3487.17063082967,0.000979156425000588
addition_instances,M2,9,Repair,1001903,500,38,3490.58511635792,0,1,0,0.0031,3487.17063082967,0.000979156425000588
addition_instances,M2,9,Repair,1001903,1000,38,3490.58511635792,0,1,0,0.0031,3487.17063082967,0.000979156425000588
addition_instances,M2,9,Repair,1001903,1500,38,3490.58511635792,0,1,0,0.0031,3487.17063082967,0.000979156425000588
addition_instances,M2,9,Repair,1001903,2500,38,3490.58511635792,0,1,0,0.0031,3487.17063082967,0.000979156425000588
addition_instances,M2,10,Restart,1002001,500,480,5700.83310022182,0.632857943393569,0,0,0.221939,3491.32214672256,0.632857943393569
addition_instances,M2,10,Restart,1002001,1000,990,5082.01522234591,0.455613377618732,1,0,0.221939,3491.32214672256,0.455613377618733
addition_instances,M2,10,Restart,1002001,1500,1500,4780.33748146647,0.36920549882627,1,0,0.221939,3491.32214672256,0.369205498826271
addition_instances,M2,10,Restart,1002001,2500,2490,4078.07509294553,0.16806038559741,1,0,0.221939,3491.32214672256,0.16806038559741
addition_instances,M2,10,WarmStart,1002002,500,500,3491.32214672256,0,1,200,0.2177662,3491.32214672256,0
addition_instances,M2,10,WarmStart,1002002,1000,980,3491.32214672256,0,1,200,0.2177662,3491.32214672256,0
addition_instances,M2,10,WarmStart,1002002,1500,1490,3491.32214672256,0,1,200,0.2177662,3491.32214672256,0
addition_instances,M2,10,WarmStart,1002002,2500,2480,3491.32214672256,0,1,200,0.2177662,3491.32214672256,0
addition_instances,M2,10,Repair,1002003,500,38,3491.32214672256,0,1,0,0.0029445,3491.32214672256,0
addition_instances,M2,10,Repair,1002003,1000,38,3491.32214672256,0,1,0,0.0029445,3491.32214672256,0
addition_instances,M2,10,Repair,1002003,1500,38,3491.32214672256,0,1,0,0.0029445,3491.32214672256,0
addition_instances,M2,10,Repair,1002003,2500,38,3491.32214672256,0,1,0,0.0029445,3491.32214672256,0
addition_instances,M4,1,Restart,1002101,500,480,6882.80111211794,0.970664967840305,1,0,0.2428841,3492.62874432733,0.970664967840304
addition_instances,M4,1,Restart,1002101,1000,990,6814.68382377788,0.951161810383132,1,0,0.2428841,3492.62874432733,0.951161810383133
addition_instances,M4,1,Restart,1002101,1500,1500,6384.96012112233,0.828124484027305,1,0,0.2428841,3492.62874432733,0.828124484027304
addition_instances,M4,1,Restart,1002101,2500,2490,5999.22146755143,0.717680837763037,1,0,0.2428841,3492.62874432733,0.717680837763036
addition_instances,M4,1,WarmStart,1002102,500,500,3543.53753500754,0.0145760670277074,1,200,1.5120419,3492.62874432733,0.0145760670277067
addition_instances,M4,1,WarmStart,1002102,1000,980,3543.53753500754,0.0145760670277074,1,200,1.5120419,3492.62874432733,0.0145760670277067
addition_instances,M4,1,WarmStart,1002102,1500,1490,3543.53753500754,0.0145760670277074,1,200,1.5120419,3492.62874432733,0.0145760670277067
addition_instances,M4,1,WarmStart,1002102,2500,2480,3514.23699174231,0.00618681485974494,1,200,1.5120419,3492.62874432733,0.00618681485974585
addition_instances,M4,1,Repair,1002103,500,79,3492.62874432733,0,1,0,0.00631,3492.62874432733,0
addition_instances,M4,1,Repair,1002103,1000,79,3492.62874432733,0,1,0,0.00631,3492.62874432733,0
addition_instances,M4,1,Repair,1002103,1500,79,3492.62874432733,0,1,0,0.00631,3492.62874432733,0
addition_instances,M4,1,Repair,1002103,2500,79,3492.62874432733,0,1,0,0.00631,3492.62874432733,0
addition_instances,M4,2,Restart,1002201,500,480,6689.08508482001,0.913631279617915,1,0,0.2370077,3495.49317889264,0.913631279617913
addition_instances,M4,2,Restart,1002201,1000,990,6241.10508026396,0.78547196657415,1,0,0.2370077,3495.49317889264,0.785471966574147
addition_instances,M4,2,Restart,1002201,1500,1500,5392.01970939031,0.542563361859711,1,0,0.2370077,3495.49317889264,0.542563361859708
addition_instances,M4,2,Restart,1002201,2500,2490,4698.36003380242,0.344119354079485,1,0,0.2370077,3495.49317889264,0.344119354079485
addition_instances,M4,2,WarmStart,1002202,500,500,3955.78563800979,0.131681692842831,1,200,1.5020563,3495.49317889264,0.131681692842831
addition_instances,M4,2,WarmStart,1002202,1000,980,3643.24921036433,0.0422704390796451,1,200,1.5020563,3495.49317889264,0.0422704390796432
addition_instances,M4,2,WarmStart,1002202,1500,1490,3643.24921036433,0.0422704390796451,1,200,1.5020563,3495.49317889264,0.0422704390796432
addition_instances,M4,2,WarmStart,1002202,2500,2480,3495.49317889264,0,1,200,1.5020563,3495.49317889264,0
addition_instances,M4,2,Repair,1002203,500,79,3495.49317889264,0,1,0,0.0064832,3495.49317889264,0
addition_instances,M4,2,Repair,1002203,1000,79,3495.49317889264,0,1,0,0.0064832,3495.49317889264,0
addition_instances,M4,2,Repair,1002203,1500,79,3495.49317889264,0,1,0,0.0064832,3495.49317889264,0
addition_instances,M4,2,Repair,1002203,2500,79,3495.49317889264,0,1,0,0.0064832,3495.49317889264,0
addition_instances,M4,3,Restart,1002301,500,480,7454.55393468459,1.13523612741051,1,0,0.2870468,3491.20822703812,1.13523612741051
addition_instances,M4,3,Restart,1002301,1000,990,6319.44964033739,0.810103903684571,1,0,0.2870468,3491.20822703812,0.810103903684571
addition_instances,M4,3,Restart,1002301,1500,1500,5334.92597106779,0.528103058921195,1,0,0.2870468,3491.20822703812,0.528103058921194
addition_instances,M4,3,Restart,1002301,2500,2490,4739.01460051087,0.357413907256792,1,0,0.2870468,3491.20822703812,0.357413907256791
addition_instances,M4,3,WarmStart,1002302,500,500,3892.28865968986,0.114882987942546,1,200,1.4887538,3491.20822703812,0.114882987942547
addition_instances,M4,3,WarmStart,1002302,1000,980,3758.62230743337,0.0765964282291225,1,200,1.4887538,3491.20822703812,0.0765964282291233
addition_instances,M4,3,WarmStart,1002302,1500,1490,3491.20822703812,0,1,200,1.4887538,3491.20822703812,0
addition_instances,M4,3,WarmStart,1002302,2500,2480,3491.20822703812,0,1,200,1.4887538,3491.20822703812,0
addition_instances,M4,3,Repair,1002303,500,79,3491.20822703812,0,1,0,0.0063791,3491.20822703812,0
addition_instances,M4,3,Repair,1002303,1000,79,3491.20822703812,0,1,0,0.0063791,3491.20822703812,0
addition_instances,M4,3,Repair,1002303,1500,79,3491.20822703812,0,1,0,0.0063791,3491.20822703812,0
addition_instances,M4,3,Repair,1002303,2500,79,3491.20822703812,0,1,0,0.0063791,3491.20822703812,0
addition_instances,M4,4,Restart,1002401,500,480,6501.05982641304,0.861893540940016,1,0,0.2377098,3491.63885231099,0.861893540940015
addition_instances,M4,4,Restart,1002401,1000,990,5660.26521096005,0.621091255532835,1,0,0.2377098,3491.63885231099,0.621091255532835
addition_instances,M4,4,Restart,1002401,1500,1500,5550.25097935723,0.589583348714235,1,0,0.2377098,3491.63885231099,0.589583348714234
addition_instances,M4,4,Restart,1002401,2500,2490,5456.30649211187,0.562677791977409,1,0,0.2377098,3491.63885231099,0.562677791977408
addition_instances,M4,4,WarmStart,1002402,500,500,3612.67126270482,0.0346634962873454,1,200,1.4809284,3491.63885231099,0.0346634962873446
addition_instances,M4,4,WarmStart,1002402,1000,980,3601.71364592328,0.0315252516850179,1,200,1.4809284,3491.63885231099,0.0315252516850177
addition_instances,M4,4,WarmStart,1002402,1500,1490,3491.63885231099,0,1,200,1.4809284,3491.63885231099,0
addition_instances,M4,4,WarmStart,1002402,2500,2480,3491.63885231099,0,1,200,1.4809284,3491.63885231099,0
addition_instances,M4,4,Repair,1002403,500,79,3491.63885231099,0,1,0,0.0063507,3491.63885231099,0
addition_instances,M4,4,Repair,1002403,1000,79,3491.63885231099,0,1,0,0.0063507,3491.63885231099,0
addition_instances,M4,4,Repair,1002403,1500,79,3491.63885231099,0,1,0,0.0063507,3491.63885231099,0
addition_instances,M4,4,Repair,1002403,2500,79,3491.63885231099,0,1,0,0.0063507,3491.63885231099,0
addition_instances,M4,5,Restart,1002501,500,480,7351.06331031805,1.10443788094211,1,0,0.248299,3493.12440005459,1.10443788094211
addition_instances,M4,5,Restart,1002501,1000,990,6836.82024063651,0.957222090495733,1,0,0.248299,3493.12440005459,0.957222090495737
addition_instances,M4,5,Restart,1002501,1500,1500,6836.82024063651,0.957222090495733,1,0,0.248299,3493.12440005459,0.957222090495737
addition_instances,M4,5,Restart,1002501,2500,2490,5753.6739003975,0.647142569645553,1,0,0.248299,3493.12440005459,0.647142569645554
addition_instances,M4,5,WarmStart,1002502,500,500,4053.91028561619,0.160539912507219,1,200,1.5177732,3493.12440005459,0.16053991250722
addition_instances,M4,5,WarmStart,1002502,1000,980,3957.64117725072,0.132980313323185,1,200,1.5177732,3493.12440005459,0.132980313323187
addition_instances,M4,5,WarmStart,1002502,1500,1490,3686.44135030519,0.0553421316021761,1,200,1.5177732,3493.12440005459,0.055342131602178
addition_instances,M4,5,WarmStart,1002502,2500,2480,3493.12440005459,0,1,200,1.5177732,3493.12440005459,0
addition_instances,M4,5,Repair,1002503,500,79,3493.12440005459,0,1,0,0.0060976,3493.12440005459,0
addition_instances,M4,5,Repair,1002503,1000,79,3493.12440005459,0,1,0,0.0060976,3493.12440005459,0
addition_instances,M4,5,Repair,1002503,1500,79,3493.12440005459,0,1,0,0.0060976,3493.12440005459,0
addition_instances,M4,5,Repair,1002503,2500,79,3493.12440005459,0,1,0,0.0060976,3493.12440005459,0
addition_instances,M4,6,Restart,1002601,500,480,6857.85114638593,0.963770168430092,1,0,0.2381418,3492.18623270377,0.963770168430092
addition_instances,M4,6,Restart,1002601,1000,990,6658.36621277927,0.906646945235834,1,0,0.2381418,3492.18623270377,0.906646945235832
addition_instances,M4,6,Restart,1002601,1500,1500,6073.26634226672,0.73910150764342,1,0,0.2381418,3492.18623270377,0.73910150764342
addition_instances,M4,6,Restart,1002601,2500,2490,5644.76439152225,0.616398443662579,1,0,0.2381418,3492.18623270377,0.616398443662576
addition_instances,M4,6,WarmStart,1002602,500,500,3704.666325755,0.0608444335131364,1,200,1.473291,3492.18623270377,0.0608444335131349
addition_instances,M4,6,WarmStart,1002602,1000,980,3590.02571385441,0.0280166848590129,1,200,1.473291,3492.18623270377,0.0280166848590113
addition_instances,M4,6,WarmStart,1002602,1500,1490,3492.18623270377,0,1,200,1.473291,3492.18623270377,0
addition_instances,M4,6,WarmStart,1002602,2500,2480,3492.18623270377,0,1,200,1.473291,3492.18623270377,0
addition_instances,M4,6,Repair,1002603,500,79,3492.18623270377,0,1,0,0.0065367,3492.18623270377,0
addition_instances,M4,6,Repair,1002603,1000,79,3492.18623270377,0,1,0,0.0065367,3492.18623270377,0
addition_instances,M4,6,Repair,1002603,1500,79,3492.18623270377,0,1,0,0.0065367,3492.18623270377,0
addition_instances,M4,6,Repair,1002603,2500,79,3492.18623270377,0,1,0,0.0065367,3492.18623270377,0
addition_instances,M4,7,Restart,1002701,500,480,5760.97691451942,0.649017318513284,1,0,0.2444213,3493.58181375159,0.649017318513283
addition_instances,M4,7,Restart,1002701,1000,990,5263.73694141924,0.506687755443393,1,0,0.2444213,3493.58181375159,0.506687755443393
addition_instances,M4,7,Restart,1002701,1500,1500,4570.81328090291,0.308345853791394,1,0,0.2444213,3493.58181375159,0.308345853791394
addition_instances,M4,7,Restart,1002701,2500,2490,4223.10158502894,0.208817142454137,1,0,0.2444213,3493.58181375159,0.208817142454137
addition_instances,M4,7,WarmStart,1002702,500,500,3627.79268168497,0.0384164090290076,1,200,1.4993609,3493.58181375159,0.0384164090290067
addition_instances,M4,7,WarmStart,1002702,1000,980,3582.39595543527,0.0254220872498498,1,200,1.4993609,3493.58181375159,0.0254220872498494
addition_instances,M4,7,WarmStart,1002702,1500,1490,3582.39595543527,0.0254220872498498,1,200,1.4993609,3493.58181375159,0.0254220872498494
addition_instances,M4,7,WarmStart,1002702,2500,2480,3493.58181375159,0,1,200,1.4993609,3493.58181375159,0
addition_instances,M4,7,Repair,1002703,500,79,3493.58181375159,0,1,0,0.0062555,3493.58181375159,0
addition_instances,M4,7,Repair,1002703,1000,79,3493.58181375159,0,1,0,0.0062555,3493.58181375159,0
addition_instances,M4,7,Repair,1002703,1500,79,3493.58181375159,0,1,0,0.0062555,3493.58181375159,0
addition_instances,M4,7,Repair,1002703,2500,79,3493.58181375159,0,1,0,0.0062555,3493.58181375159,0
addition_instances,M4,8,Restart,1002801,500,480,6019.06830012689,0.724144287049304,1,0,0.236676,3491.04674436958,0.724144287049306
addition_instances,M4,8,Restart,1002801,1000,990,5757.87095785223,0.649325081979673,1,0,0.236676,3491.04674436958,0.649325081979674
addition_instances,M4,8,Restart,1002801,1500,1500,5458.96846665534,0.563705348677916,1,0,0.236676,3491.04674436958,0.563705348677917
addition_instances,M4,8,Restart,1002801,2500,2490,4985.21848883753,0.428001070704016,1,0,0.236676,3491.04674436958,0.428001070704016
addition_instances,M4,8,WarmStart,1002802,500,500,4051.1840321595,0.160449667049953,1,200,1.4773282,3491.04674436958,0.160449667049953
addition_instances,M4,8,WarmStart,1002802,1000,980,3709.351261384,0.0625326823155561,1,200,1.4773282,3491.04674436958,0.0625326823155562
addition_instances,M4,8,WarmStart,1002802,1500,1490,3691.48644651593,0.0574153590093355,1,200,1.4773282,3491.04674436958,0.057415359009335
addition_instances,M4,8,WarmStart,1002802,2500,2480,3491.04674436958,0,1,200,1.4773282,3491.04674436958,0
addition_instances,M4,8,Repair,1002803,500,79,3491.04674436958,0,1,0,0.0062841,3491.04674436958,0
addition_instances,M4,8,Repair,1002803,1000,79,3491.04674436958,0,1,0,0.0062841,3491.04674436958,0
addition_instances,M4,8,Repair,1002803,1500,79,3491.04674436958,0,1,0,0.0062841,3491.04674436958,0
addition_instances,M4,8,Repair,1002803,2500,79,3491.04674436958,0,1,0,0.0062841,3491.04674436958,0
addition_instances,M4,9,Restart,1002901,500,480,6123.98382321339,0.75426727784548,1,0,0.2413362,3490.90694476991,0.75426727784548
addition_instances,M4,9,Restart,1002901,1000,990,5660.12367266998,0.621390590531207,1,0,0.2413362,3490.90694476991,0.621390590531208
addition_instances,M4,9,Restart,1002901,1500,1500,5290.11217562205,0.515397648610402,1,0,0.2413362,3490.90694476991,0.515397648610404
addition_instances,M4,9,Restart,1002901,2500,2490,4778.63496338462,0.368880648779249,1,0,0.2413362,3490.90694476991,0.368880648779249
addition_instances,M4,9,WarmStart,1002902,500,500,4071.02524223542,0.166179822792081,1,200,1.4943704,3490.90694476991,0.166179822792082
addition_instances,M4,9,WarmStart,1002902,1000,980,3682.07333871969,0.0547612402662828,1,200,1.4943704,3490.90694476991,0.0547612402662828
addition_instances,M4,9,WarmStart,1002902,1500,1490,3638.02794606937,0.0421440627398788,1,200,1.4943704,3490.90694476991,0.0421440627398784
addition_instances,M4,9,WarmStart,1002902,2500,2480,3490.90694476991,0,1,200,1.4943704,3490.90694476991,0
addition_instances,M4,9,Repair,1002903,500,79,3490.90694476991,0,1,0,0.0065334,3490.90694476991,0
addition_instances,M4,9,Repair,1002903,1000,79,3490.90694476991,0,1,0,0.0065334,3490.90694476991,0
addition_instances,M4,9,Repair,1002903,1500,79,3490.90694476991,0,1,0,0.0065334,3490.90694476991,0
addition_instances,M4,9,Repair,1002903,2500,79,3490.90694476991,0,1,0,0.0065334,3490.90694476991,0
addition_instances,M4,10,Restart,1003001,500,480,6414.70512910424,0.837074713396087,1,0,0.2389483,3486.02972557265,0.840117736818924
addition_instances,M4,10,Restart,1003001,1000,990,6029.9997971482,0.726900913787037,1,0,0.2389483,3486.02972557265,0.729761439758708
addition_instances,M4,10,Restart,1003001,1500,1500,5772.48591031855,0.653152823996172,1,0,0.2389483,3486.02972557265,0.655891189903811
addition_instances,M4,10,Restart,1003001,2500,2490,5712.50631344998,0.635975572897441,1,0,0.2389483,3486.02972557265,0.638685485538017
addition_instances,M4,10,WarmStart,1003002,500,500,4020.13780258175,0.151306779166316,1,200,1.5244158,3486.02972557265,0.15321386191604
addition_instances,M4,10,WarmStart,1003002,1000,980,3856.90469763605,0.104559282056227,1,200,1.5244158,3486.02972557265,0.106388929888564
addition_instances,M4,10,WarmStart,1003002,1500,1490,3491.80416143542,0,1,200,1.5244158,3486.02972557265,0.0016564505518729
addition_instances,M4,10,WarmStart,1003002,2500,2480,3491.80416143542,0,1,200,1.5244158,3486.02972557265,0.0016564505518729
addition_instances,M4,10,Repair,1003003,500,79,3491.80416143542,0,1,0,0.0064422,3486.02972557265,0.0016564505518729
addition_instances,M4,10,Repair,1003003,1000,79,3491.80416143542,0,1,0,0.0064422,3486.02972557265,0.0016564505518729
addition_instances,M4,10,Repair,1003003,1500,79,3491.80416143542,0,1,0,0.0064422,3486.02972557265,0.0016564505518729
addition_instances,M4,10,Repair,1003003,2500,79,3491.80416143542,0,1,0,0.0064422,3486.02972557265,0.0016564505518729
addition_stress_instances,Near,1,Restart,1010101,500,480,5158.220059343,0.199178183124711,1,0,0.2307913,3491.91538451284,0.477189304821207
addition_stress_instances,Near,1,Restart,1010101,1000,990,4461.79682016324,0.0372743587361516,1,0,0.2307913,3491.91538451284,0.277750554882277
addition_stress_instances,Near,1,Restart,1010101,1500,1500,4085.93025924233,-0.0501067483971258,1,0,0.2307913,3491.91538451284,0.170111474454402
addition_stress_instances,Near,1,Restart,1010101,2500,2490,3552.58281657252,-0.174098863878227,1,0,0.2307913,3491.91538451284,0.0173736833168264
addition_stress_instances,Near,1,WarmStart,1010102,500,500,3491.91538451284,-0.188202771837795,1,200,0.2284729,3491.91538451284,0
addition_stress_instances,Near,1,WarmStart,1010102,1000,980,3491.91538451284,-0.188202771837795,1,200,0.2284729,3491.91538451284,0
addition_stress_instances,Near,1,WarmStart,1010102,1500,1490,3491.91538451284,-0.188202771837795,1,200,0.2284729,3491.91538451284,0
addition_stress_instances,Near,1,WarmStart,1010102,2500,2480,3491.91538451284,-0.188202771837795,1,200,0.2284729,3491.91538451284,0
addition_stress_instances,Near,1,Repair,1010103,500,38,3491.91538451284,-0.188202771837795,1,0,0.0033558,3491.91538451284,0
addition_stress_instances,Near,1,Repair,1010103,1000,38,3491.91538451284,-0.188202771837795,1,0,0.0033558,3491.91538451284,0
addition_stress_instances,Near,1,Repair,1010103,1500,38,3491.91538451284,-0.188202771837795,1,0,0.0033558,3491.91538451284,0
addition_stress_instances,Near,1,Repair,1010103,2500,38,3491.91538451284,-0.188202771837795,1,0,0.0033558,3491.91538451284,0
addition_stress_instances,Near,2,Restart,1010201,500,480,5817.75246123261,0.0794909601894157,1,0,0.2355778,4092.1691718509,0.421679362928494
addition_stress_instances,Near,2,Restart,1010201,1000,990,5195.62833178451,-0.0359449196164161,1,0,0.2355778,4092.1691718509,0.269651403349611
addition_stress_instances,Near,2,Restart,1010201,1500,1500,4792.72271998159,-0.110704540045281,1,0,0.2355778,4092.1691718509,0.171193691832107
addition_stress_instances,Near,2,Restart,1010201,2500,2490,4792.72271998159,-0.110704540045281,1,0,0.2355778,4092.1691718509,0.171193691832107
addition_stress_instances,Near,2,WarmStart,1010202,500,500,4443.97965136658,-0.175414235500226,1,200,0.2168882,4092.1691718509,0.0859716362499634
addition_stress_instances,Near,2,WarmStart,1010202,1000,980,4443.97965136658,-0.175414235500226,1,200,0.2168882,4092.1691718509,0.0859716362499634
addition_stress_instances,Near,2,WarmStart,1010202,1500,1490,4443.97965136658,-0.175414235500226,1,200,0.2168882,4092.1691718509,0.0859716362499634
addition_stress_instances,Near,2,WarmStart,1010202,2500,2480,4443.97965136658,-0.175414235500226,1,200,0.2168882,4092.1691718509,0.0859716362499634
addition_stress_instances,Near,2,Repair,1010203,500,38,4746.79702247549,-0.119226108404984,0,0,0.0029404,4092.1691718509,0.159970867071583
addition_stress_instances,Near,2,Repair,1010203,1000,38,4746.79702247549,-0.119226108404984,0,0,0.0029404,4092.1691718509,0.159970867071583
addition_stress_instances,Near,2,Repair,1010203,1500,38,4746.79702247549,-0.119226108404984,0,0,0.0029404,4092.1691718509,0.159970867071583
addition_stress_instances,Near,2,Repair,1010203,2500,38,4746.79702247549,-0.119226108404984,0,0,0.0029404,4092.1691718509,0.159970867071583
addition_stress_instances,Near,3,Restart,1010301,500,480,6052.74115151046,0.289552232397627,1,0,0.245107,3492.79997102167,0.732919492020034
addition_stress_instances,Near,3,Restart,1010301,1000,990,4450.92831573794,-0.0517181551090562,1,0,0.245107,3492.79997102167,0.274315263589518
addition_stress_instances,Near,3,Restart,1010301,1500,1500,4267.72852822349,-0.0907493459448111,1,0,0.245107,3492.79997102167,0.221864568149074
addition_stress_instances,Near,3,Restart,1010301,2500,2490,4237.95916357472,-0.0970917864488637,1,0,0.245107,3492.79997102167,0.21334150215739
addition_stress_instances,Near,3,WarmStart,1010302,500,500,3492.79997102167,-0.255849888967191,1,200,0.2171354,3492.79997102167,0
addition_stress_instances,Near,3,WarmStart,1010302,1000,980,3492.79997102167,-0.255849888967191,1,200,0.2171354,3492.79997102167,0
addition_stress_instances,Near,3,WarmStart,1010302,1500,1490,3492.79997102167,-0.255849888967191,1,200,0.2171354,3492.79997102167,0
addition_stress_instances,Near,3,WarmStart,1010302,2500,2480,3492.79997102167,-0.255849888967191,1,200,0.2171354,3492.79997102167,0
addition_stress_instances,Near,3,Repair,1010303,500,38,3492.79997102167,-0.255849888967191,1,0,0.002994,3492.79997102167,0
addition_stress_instances,Near,3,Repair,1010303,1000,38,3492.79997102167,-0.255849888967191,1,0,0.002994,3492.79997102167,0
addition_stress_instances,Near,3,Repair,1010303,1500,38,3492.79997102167,-0.255849888967191,1,0,0.002994,3492.79997102167,0
addition_stress_instances,Near,3,Repair,1010303,2500,38,3492.79997102167,-0.255849888967191,1,0,0.002994,3492.79997102167,0
addition_stress_instances,Near,4,Restart,1010401,500,480,6411.5911100297,0.314779463884356,1,0,0.2267796,3728.2273394107,0.719742528105366
addition_stress_instances,Near,4,Restart,1010401,1000,990,5597.77093184759,0.147895138417197,1,0,0.2267796,3728.2273394107,0.501456435522089
addition_stress_instances,Near,4,Restart,1010401,1500,1500,5183.11707369327,0.0628650159458972,1,0,0.2267796,3728.2273394107,0.390236324620841
addition_stress_instances,Near,4,Restart,1010401,2500,2490,4718.68191108934,-0.0323734051602491,1,0,0.2267796,3728.2273394107,0.265663673781008
addition_stress_instances,Near,4,WarmStart,1010402,500,500,3728.2273394107,-0.235478891521718,1,200,0.2402999,3728.2273394107,0
addition_stress_instances,Near,4,WarmStart,1010402,1000,980,3728.2273394107,-0.235478891521718,1,200,0.2402999,3728.2273394107,0
addition_stress_instances,Near,4,WarmStart,1010402,1500,1490,3728.2273394107,-0.235478891521718,1,200,0.2402999,3728.2273394107,0
addition_stress_instances,Near,4,WarmStart,1010402,2500,2480,3728.2273394107,-0.235478891521718,1,200,0.2402999,3728.2273394107,0
addition_stress_instances,Near,4,Repair,1010403,500,38,3748.57443156662,-0.231306457806393,1,0,0.0038102,3728.2273394107,0.00545757817417225
addition_stress_instances,Near,4,Repair,1010403,1000,38,3748.57443156662,-0.231306457806393,1,0,0.0038102,3728.2273394107,0.00545757817417225
addition_stress_instances,Near,4,Repair,1010403,1500,38,3748.57443156662,-0.231306457806393,1,0,0.0038102,3728.2273394107,0.00545757817417225
addition_stress_instances,Near,4,Repair,1010403,2500,38,3748.57443156662,-0.231306457806393,1,0,0.0038102,3728.2273394107,0.00545757817417225
addition_stress_instances,Near,5,Restart,1010501,500,480,6072.47233773438,0.457337540955673,1,0,0.2179791,3659.26861720757,0.659477063033529
addition_stress_instances,Near,5,Restart,1010501,1000,990,6014.88390663018,0.443516846861873,1,0,0.2179791,3659.26861720757,0.643739374132147
addition_stress_instances,Near,5,Restart,1010501,1500,1500,6014.88390663018,0.443516846861873,1,0,0.2179791,3659.26861720757,0.643739374132147
addition_stress_instances,Near,5,Restart,1010501,2500,2490,5816.57661842944,0.395924920597474,1,0,0.2179791,3659.26861720757,0.589546225460796
addition_stress_instances,Near,5,WarmStart,1010502,500,500,3659.26861720757,-0.121809169033253,1,200,0.2323784,3659.26861720757,0
addition_stress_instances,Near,5,WarmStart,1010502,1000,980,3659.26861720757,-0.121809169033253,1,200,0.2323784,3659.26861720757,0
addition_stress_instances,Near,5,WarmStart,1010502,1500,1490,3659.26861720757,-0.121809169033253,1,200,0.2323784,3659.26861720757,0
addition_stress_instances,Near,5,WarmStart,1010502,2500,2480,3659.26861720757,-0.121809169033253,1,200,0.2323784,3659.26861720757,0
addition_stress_instances,Near,5,Repair,1010503,500,38,3659.26861720757,-0.121809169033253,1,0,0.0030111,3659.26861720757,0
addition_stress_instances,Near,5,Repair,1010503,1000,38,3659.26861720757,-0.121809169033253,1,0,0.0030111,3659.26861720757,0
addition_stress_instances,Near,5,Repair,1010503,1500,38,3659.26861720757,-0.121809169033253,1,0,0.0030111,3659.26861720757,0
addition_stress_instances,Near,5,Repair,1010503,2500,38,3659.26861720757,-0.121809169033253,1,0,0.0030111,3659.26861720757,0
addition_stress_instances,Far,1,Restart,1010601,500,480,7102.15461634916,0.387422650957598,1,0,0.231537,4118.96025347346,0.724259079790832
addition_stress_instances,Far,1,Restart,1010601,1000,990,5980.60400038439,0.168325093548343,1,0,0.231537,4118.96025347346,0.451969339918013
addition_stress_instances,Far,1,Restart,1010601,1500,1500,5486.06169945001,0.0717150889458585,1,0,0.231537,4118.96025347346,0.331904500613642
addition_stress_instances,Far,1,Restart,1010601,2500,2490,5303.7838875703,0.0361066885898969,1,0,0.231537,4118.96025347346,0.287651145236882
addition_stress_instances,Far,1,WarmStart,1010602,500,500,4118.96025347346,-0.195351402107213,1,200,0.2194102,4118.96025347346,0
addition_stress_instances,Far,1,WarmStart,1010602,1000,980,4118.96025347346,-0.195351402107213,1,200,0.2194102,4118.96025347346,0
addition_stress_instances,Far,1,WarmStart,1010602,1500,1490,4118.96025347346,-0.195351402107213,1,200,0.2194102,4118.96025347346,0
addition_stress_instances,Far,1,WarmStart,1010602,2500,2480,4118.96025347346,-0.195351402107213,1,200,0.2194102,4118.96025347346,0
addition_stress_instances,Far,1,Repair,1010603,500,38,4118.96025347346,-0.195351402107213,1,0,0.0031253,4118.96025347346,0
addition_stress_instances,Far,1,Repair,1010603,1000,38,4118.96025347346,-0.195351402107213,1,0,0.0031253,4118.96025347346,0
addition_stress_instances,Far,1,Repair,1010603,1500,38,4118.96025347346,-0.195351402107213,1,0,0.0031253,4118.96025347346,0
addition_stress_instances,Far,1,Repair,1010603,2500,38,4118.96025347346,-0.195351402107213,1,0,0.0031253,4118.96025347346,0
addition_stress_instances,Far,2,Restart,1010701,500,480,6550.15354931008,0.336939639343768,1,0,0.2346313,4103.05605311279,0.596408497597978
addition_stress_instances,Far,2,Restart,1010701,1000,990,5747.72608318505,0.173157663992406,1,0,0.2346313,4103.05605311279,0.400840253894296
addition_stress_instances,Far,2,Restart,1010701,1500,1500,5338.2541420234,0.0895811088449762,1,0,0.2346313,4103.05605311279,0.301043435166703
addition_stress_instances,Far,2,Restart,1010701,2500,2490,5089.18166108193,0.0387433887314644,1,0,0.2346313,4103.05605311279,0.240339297149259
addition_stress_instances,Far,2,WarmStart,1010702,500,500,4103.05605311279,-0.162532872159361,1,200,0.220105,4103.05605311279,0
addition_stress_instances,Far,2,WarmStart,1010702,1000,980,4103.05605311279,-0.162532872159361,1,200,0.220105,4103.05605311279,0
addition_stress_instances,Far,2,WarmStart,1010702,1500,1490,4103.05605311279,-0.162532872159361,1,200,0.220105,4103.05605311279,0
addition_stress_instances,Far,2,WarmStart,1010702,2500,2480,4103.05605311279,-0.162532872159361,1,200,0.220105,4103.05605311279,0
addition_stress_instances,Far,2,Repair,1010703,500,38,4103.05605311279,-0.162532872159361,1,0,0.003151,4103.05605311279,0
addition_stress_instances,Far,2,Repair,1010703,1000,38,4103.05605311279,-0.162532872159361,1,0,0.003151,4103.05605311279,0
addition_stress_instances,Far,2,Repair,1010703,1500,38,4103.05605311279,-0.162532872159361,1,0,0.003151,4103.05605311279,0
addition_stress_instances,Far,2,Repair,1010703,2500,38,4103.05605311279,-0.162532872159361,1,0,0.003151,4103.05605311279,0
addition_stress_instances,Far,3,Restart,1010801,500,480,5882.34635317558,0.346008075593165,1,0,0.228362,4137.06127770897,0.421865899079241
addition_stress_instances,Far,3,Restart,1010801,1000,990,4832.1979882147,0.105711415903071,1,0,0.228362,4137.06127770897,0.168026689440453
addition_stress_instances,Far,3,Restart,1010801,1500,1500,4492.27237156492,0.0279290825209856,1,0,0.228362,4137.06127770897,0.085860728186424
addition_stress_instances,Far,3,Restart,1010801,2500,2490,4392.62236617192,0.00512700594494785,1,0,0.228362,4137.06127770897,0.0617735806428458
addition_stress_instances,Far,3,WarmStart,1010802,500,500,4137.06127770897,-0.0533508986573199,1,200,0.2152846,4137.06127770897,0
addition_stress_instances,Far,3,WarmStart,1010802,1000,980,4137.06127770897,-0.0533508986573199,1,200,0.2152846,4137.06127770897,0
addition_stress_instances,Far,3,WarmStart,1010802,1500,1490,4137.06127770897,-0.0533508986573199,1,200,0.2152846,4137.06127770897,0
addition_stress_instances,Far,3,WarmStart,1010802,2500,2480,4137.06127770897,-0.0533508986573199,1,200,0.2152846,4137.06127770897,0
addition_stress_instances,Far,3,Repair,1010803,500,38,4137.06127770897,-0.0533508986573199,1,0,0.0028841,4137.06127770897,0
addition_stress_instances,Far,3,Repair,1010803,1000,38,4137.06127770897,-0.0533508986573199,1,0,0.0028841,4137.06127770897,0
addition_stress_instances,Far,3,Repair,1010803,1500,38,4137.06127770897,-0.0533508986573199,1,0,0.0028841,4137.06127770897,0
addition_stress_instances,Far,3,Repair,1010803,2500,38,4137.06127770897,-0.0533508986573199,1,0,0.0028841,4137.06127770897,0
addition_stress_instances,Far,4,Restart,1010901,500,480,6905.21202697287,0.158527291384474,1,0,0.224284,4118.27412241278,0.676724720531061
addition_stress_instances,Far,4,Restart,1010901,1000,990,6673.48655815583,0.119649371534259,1,0,0.224284,4118.27412241278,0.620457104066211
addition_stress_instances,Far,4,Restart,1010901,1500,1500,6352.31705263521,0.0657649092103385,1,0,0.224284,4118.27412241278,0.54247067189242
addition_stress_instances,Far,4,Restart,1010901,2500,2490,5868.59466134107,-0.0153919893148599,1,0,0.224284,4118.27412241278,0.425013121249643
addition_stress_instances,Far,4,WarmStart,1010902,500,500,4118.27412241278,-0.30905337220916,1,200,0.2179354,4118.27412241278,0
addition_stress_instances,Far,4,WarmStart,1010902,1000,980,4118.27412241278,-0.30905337220916,1,200,0.2179354,4118.27412241278,0
addition_stress_instances,Far,4,WarmStart,1010902,1500,1490,4118.27412241278,-0.30905337220916,1,200,0.2179354,4118.27412241278,0
addition_stress_instances,Far,4,WarmStart,1010902,2500,2480,4118.27412241278,-0.30905337220916,1,200,0.2179354,4118.27412241278,0
addition_stress_instances,Far,4,Repair,1010903,500,38,4118.27412241278,-0.30905337220916,1,0,0.0039277,4118.27412241278,0
addition_stress_instances,Far,4,Repair,1010903,1000,38,4118.27412241278,-0.30905337220916,1,0,0.0039277,4118.27412241278,0
addition_stress_instances,Far,4,Repair,1010903,1500,38,4118.27412241278,-0.30905337220916,1,0,0.0039277,4118.27412241278,0
addition_stress_instances,Far,4,Repair,1010903,2500,38,4118.27412241278,-0.30905337220916,1,0,0.0039277,4118.27412241278,0
addition_stress_instances,Far,5,Restart,1011001,500,480,7234.53771956434,0.223021168580116,1,0,0.2237965,4031.37481224937,0.794558446310209
addition_stress_instances,Far,5,Restart,1011001,1000,990,6829.66630986139,0.15457639383238,1,0,0.2237965,4031.37481224937,0.694128337833879
addition_stress_instances,Far,5,Restart,1011001,1500,1500,5865.23124021629,-0.00846436310599469,1,0,0.2237965,4031.37481224937,0.45489603754896
addition_stress_instances,Far,5,Restart,1011001,2500,2490,5643.51527645628,-0.0459461383903136,1,0,0.2237965,4031.37481224937,0.399898431499945
addition_stress_instances,Far,5,WarmStart,1011002,500,500,4031.37481224937,-0.318483512702097,1,200,0.2185613,4031.37481224937,0
addition_stress_instances,Far,5,WarmStart,1011002,1000,980,4031.37481224937,-0.318483512702097,1,200,0.2185613,4031.37481224937,0
addition_stress_instances,Far,5,WarmStart,1011002,1500,1490,4031.37481224937,-0.318483512702097,1,200,0.2185613,4031.37481224937,0
addition_stress_instances,Far,5,WarmStart,1011002,2500,2480,4031.37481224937,-0.318483512702097,1,200,0.2185613,4031.37481224937,0
addition_stress_instances,Far,5,Repair,1011003,500,38,4031.37481224937,-0.318483512702097,1,0,0.0043858,4031.37481224937,0
addition_stress_instances,Far,5,Repair,1011003,1000,38,4031.37481224937,-0.318483512702097,1,0,0.0043858,4031.37481224937,0
addition_stress_instances,Far,5,Repair,1011003,1500,38,4031.37481224937,-0.318483512702097,1,0,0.0043858,4031.37481224937,0
addition_stress_instances,Far,5,Repair,1011003,2500,38,4031.37481224937,-0.318483512702097,1,0,0.0043858,4031.37481224937,0
addition_stress_instances,Tight,1,Restart,1011101,500,480,5375.32834014202,0.0218560492020394,1,0,0.2313748,4251.83316513849,0.264237831393588
addition_stress_instances,Tight,1,Restart,1011101,1000,990,4704.42275911889,-0.105683867065435,1,0,0.2313748,4251.83316513849,0.106445755607548
addition_stress_instances,Tight,1,Restart,1011101,1500,1500,4503.0189165733,-0.143970967278611,1,0,0.2313748,4251.83316513849,0.059077047870628
addition_stress_instances,Tight,1,Restart,1011101,2500,2490,4404.23713594268,-0.16274949645878,1,0,0.2313748,4251.83316513849,0.0358442970090587
addition_stress_instances,Tight,1,WarmStart,1011102,500,500,4282.33743278659,-0.185922769082103,1,200,0.212995,4251.83316513849,0.00717438019398561
addition_stress_instances,Tight,1,WarmStart,1011102,1000,980,4282.33743278659,-0.185922769082103,1,200,0.212995,4251.83316513849,0.00717438019398561
addition_stress_instances,Tight,1,WarmStart,1011102,1500,1490,4282.33743278659,-0.185922769082103,1,200,0.212995,4251.83316513849,0.00717438019398561
addition_stress_instances,Tight,1,WarmStart,1011102,2500,2480,4282.33743278659,-0.185922769082103,1,200,0.212995,4251.83316513849,0.00717438019398561
addition_stress_instances,Tight,1,Repair,1011103,500,38,4293.90625809938,-0.183723522193359,1,0,0.0030018,4251.83316513849,0.00989528312301959
addition_stress_instances,Tight,1,Repair,1011103,1000,38,4293.90625809938,-0.183723522193359,1,0,0.0030018,4251.83316513849,0.00989528312301959
addition_stress_instances,Tight,1,Repair,1011103,1500,38,4293.90625809938,-0.183723522193359,1,0,0.0030018,4251.83316513849,0.00989528312301959
addition_stress_instances,Tight,1,Repair,1011103,2500,38,4293.90625809938,-0.183723522193359,1,0,0.0030018,4251.83316513849,0.00989528312301959
addition_stress_instances,Tight,2,Restart,1011201,500,480,6240.06115655698,0.15061271978717,1,0,0.221935,3730.95937775339,0.67250846893821
addition_stress_instances,Tight,2,Restart,1011201,1000,990,6240.06115655698,0.15061271978717,1,0,0.221935,3730.95937775339,0.67250846893821
addition_stress_instances,Tight,2,Restart,1011201,1500,1500,5439.137345674,0.00292937161773566,1,0,0.221935,3730.95937775339,0.457838800954514
addition_stress_instances,Tight,2,Restart,1011201,2500,2490,4202.9674163194,-0.225009555397302,1,0,0.221935,3730.95937775339,0.126511170660408
addition_stress_instances,Tight,2,WarmStart,1011202,500,500,3730.95937775339,-0.312043710895148,1,200,0.2310677,3730.95937775339,0
addition_stress_instances,Tight,2,WarmStart,1011202,1000,980,3730.95937775339,-0.312043710895148,1,200,0.2310677,3730.95937775339,0
addition_stress_instances,Tight,2,WarmStart,1011202,1500,1490,3730.95937775339,-0.312043710895148,1,200,0.2310677,3730.95937775339,0
addition_stress_instances,Tight,2,WarmStart,1011202,2500,2480,3730.95937775339,-0.312043710895148,1,200,0.2310677,3730.95937775339,0
addition_stress_instances,Tight,2,Repair,1011203,500,38,3730.95937775339,-0.312043710895148,1,0,0.0029543,3730.95937775339,0
addition_stress_instances,Tight,2,Repair,1011203,1000,38,3730.95937775339,-0.312043710895148,1,0,0.0029543,3730.95937775339,0
addition_stress_instances,Tight,2,Repair,1011203,1500,38,3730.95937775339,-0.312043710895148,1,0,0.0029543,3730.95937775339,0
addition_stress_instances,Tight,2,Repair,1011203,2500,38,3730.95937775339,-0.312043710895148,1,0,0.0029543,3730.95937775339,0
addition_stress_instances,Tight,3,Restart,1011301,500,480,6637.09860697223,0.276456241708718,1,0,0.215054,3493.42532072633,0.899882779114994
addition_stress_instances,Tight,3,Restart,1011301,1000,990,6043.67491413931,0.162328153284857,1,0,0.215054,3493.42532072633,0.730014057630621
addition_stress_instances,Tight,3,Restart,1011301,1500,1500,5679.39088112532,0.0922685300622848,1,0,0.215054,3493.42532072633,0.625737023038609
addition_stress_instances,Tight,3,Restart,1011301,2500,2490,5143.88280371183,-0.0107211448510605,1,0,0.215054,3493.42532072633,0.47244676254947
addition_stress_instances,Tight,3,WarmStart,1011302,500,500,3493.42532072633,-0.328139474845221,1,200,0.218661,3493.42532072633,0
addition_stress_instances,Tight,3,WarmStart,1011302,1000,980,3493.42532072633,-0.328139474845221,1,200,0.218661,3493.42532072633,0
addition_stress_instances,Tight,3,WarmStart,1011302,1500,1490,3493.42532072633,-0.328139474845221,1,200,0.218661,3493.42532072633,0
addition_stress_instances,Tight,3,WarmStart,1011302,2500,2480,3493.42532072633,-0.328139474845221,1,200,0.218661,3493.42532072633,0
addition_stress_instances,Tight,3,Repair,1011303,500,38,3493.42532072633,-0.328139474845221,1,0,0.0032926,3493.42532072633,0
addition_stress_instances,Tight,3,Repair,1011303,1000,38,3493.42532072633,-0.328139474845221,1,0,0.0032926,3493.42532072633,0
addition_stress_instances,Tight,3,Repair,1011303,1500,38,3493.42532072633,-0.328139474845221,1,0,0.0032926,3493.42532072633,0
addition_stress_instances,Tight,3,Repair,1011303,2500,38,3493.42532072633,-0.328139474845221,1,0,0.0032926,3493.42532072633,0
addition_stress_instances,Tight,4,Restart,1011401,500,480,6792.50093201226,0.195195368585575,1,0,0.2237686,3780.39012615327,0.796772477269154
addition_stress_instances,Tight,4,Restart,1011401,1000,990,6194.09487783267,0.0899009929722712,1,0,0.2237686,3780.39012615327,0.638480334339319
addition_stress_instances,Tight,4,Restart,1011401,1500,1500,6112.84257423604,0.075603994279504,1,0,0.2237686,3780.39012615327,0.616987234186899
addition_stress_instances,Tight,4,Restart,1011401,2500,2490,5902.74204033134,0.0386351093910539,1,0,0.2237686,3780.39012615327,0.561410818289716
addition_stress_instances,Tight,4,WarmStart,1011402,500,500,3780.39012615327,-0.334809841698985,1,200,0.224339,3780.39012615327,0
addition_stress_instances,Tight,4,WarmStart,1011402,1000,980,3780.39012615327,-0.334809841698985,1,200,0.224339,3780.39012615327,0
addition_stress_instances,Tight,4,WarmStart,1011402,1500,1490,3780.39012615327,-0.334809841698985,1,200,0.224339,3780.39012615327,0
addition_stress_instances,Tight,4,WarmStart,1011402,2500,2480,3780.39012615327,-0.334809841698985,1,200,0.224339,3780.39012615327,0
addition_stress_instances,Tight,4,Repair,1011403,500,38,3780.39012615327,-0.334809841698985,1,0,0.0033655,3780.39012615327,0
addition_stress_instances,Tight,4,Repair,1011403,1000,38,3780.39012615327,-0.334809841698985,1,0,0.0033655,3780.39012615327,0
addition_stress_instances,Tight,4,Repair,1011403,1500,38,3780.39012615327,-0.334809841698985,1,0,0.0033655,3780.39012615327,0
addition_stress_instances,Tight,4,Repair,1011403,2500,38,3780.39012615327,-0.334809841698985,1,0,0.0033655,3780.39012615327,0
addition_stress_instances,Tight,5,Restart,1011501,500,480,6243.6431006008,0.736434141825092,1,0,0.2240798,3491.68912925503,0.788144038450787
addition_stress_instances,Tight,5,Restart,1011501,1000,990,5911.98512153082,0.644195967895769,1,0,0.2240798,3491.68912925503,0.693159070776777
addition_stress_instances,Tight,5,Restart,1011501,1500,1500,5609.46776072567,0.56006215926306,1,0,0.2240798,3491.68912925503,0.606519811207385
addition_stress_instances,Tight,5,Restart,1011501,2500,2490,5087.57813067996,0.414918217292925,1,0,0.2240798,3491.68912925503,0.457053575604373
addition_stress_instances,Tight,5,WarmStart,1011502,500,500,3491.68912925503,-0.0289181942359039,1,200,0.2118174,3491.68912925503,0
addition_stress_instances,Tight,5,WarmStart,1011502,1000,980,3491.68912925503,-0.0289181942359039,1,200,0.2118174,3491.68912925503,0
addition_stress_instances,Tight,5,WarmStart,1011502,1500,1490,3491.68912925503,-0.0289181942359039,1,200,0.2118174,3491.68912925503,0
addition_stress_instances,Tight,5,WarmStart,1011502,2500,2480,3491.68912925503,-0.0289181942359039,1,200,0.2118174,3491.68912925503,0
addition_stress_instances,Tight,5,Repair,1011503,500,38,3491.68912925503,-0.0289181942359039,1,0,0.0029238,3491.68912925503,0
addition_stress_instances,Tight,5,Repair,1011503,1000,38,3491.68912925503,-0.0289181942359039,1,0,0.0029238,3491.68912925503,0
addition_stress_instances,Tight,5,Repair,1011503,1500,38,3491.68912925503,-0.0289181942359039,1,0,0.0029238,3491.68912925503,0
addition_stress_instances,Tight,5,Repair,1011503,2500,38,3491.68912925503,-0.0289181942359039,1,0,0.0029238,3491.68912925503,0
