instance,nCustomers,method,seed,checkpoint_fe,actual_fe,total_late,is_feasible,first_feasible_fe,tour_cost
rc_201.1,19,RandomKeyPSO,930101,475,460,894.8605,0,NaN,523.6548
rc_201.1,19,RandomKeyPSO,930101,950,950,894.8605,0,NaN,507.323
rc_201.1,19,PSO_GlobalRelocate,930101,475,470,899.9649,0,NaN,660.1161
rc_201.1,19,PSO_GlobalRelocate,930101,950,950,123.9772,0,NaN,512.8498
rc_201.1,19,PSO_FeasibilityRelocate,930101,475,470,36.4151,0,560,499.4552
rc_201.1,19,PSO_FeasibilityRelocate,930101,950,950,0,1,560,457.0792
rc_201.1,19,RandomKeyPSO,930102,475,460,1304.7903,0,NaN,609.0936
rc_201.1,19,RandomKeyPSO,930102,950,950,1096.1256,0,NaN,640.705
rc_201.1,19,PSO_GlobalRelocate,930102,475,470,1293.7408,0,NaN,608.8837
rc_201.1,19,PSO_GlobalRelocate,930102,950,950,153.1403,0,NaN,504.4391
rc_201.1,19,PSO_FeasibilityRelocate,930102,475,470,0,1,380,488.8536
rc_201.1,19,PSO_FeasibilityRelocate,930102,950,950,0,1,380,474.2826
rc_201.1,19,RandomKeyPSO,930103,475,460,2404.5165,0,NaN,695.8566
rc_201.1,19,RandomKeyPSO,930103,950,950,2404.5165,0,NaN,695.8566
rc_201.1,19,PSO_GlobalRelocate,930103,475,470,850.6161,0,NaN,697.3665
rc_201.1,19,PSO_GlobalRelocate,930103,950,950,731.6578,0,NaN,703.7415
rc_201.1,19,PSO_FeasibilityRelocate,930103,475,470,202.0826,0,605,596.3072
rc_201.1,19,PSO_FeasibilityRelocate,930103,950,950,0,1,605,539.0608
rc_201.1,19,RandomKeyPSO,930104,475,460,1075.0165,0,NaN,693.8817
rc_201.1,19,RandomKeyPSO,930104,950,950,760.6734,0,NaN,660.5135
rc_201.1,19,PSO_GlobalRelocate,930104,475,470,1241.6022,0,695,730.75
rc_201.1,19,PSO_GlobalRelocate,930104,950,950,0,1,695,522.9343
rc_201.1,19,PSO_FeasibilityRelocate,930104,475,470,0,1,470,538.8485
rc_201.1,19,PSO_FeasibilityRelocate,930104,950,950,0,1,470,459.846
rc_201.1,19,RandomKeyPSO,930105,475,460,770.3351,0,NaN,649.136
rc_201.1,19,RandomKeyPSO,930105,950,950,509.7971,0,NaN,573.2155
rc_201.1,19,PSO_GlobalRelocate,930105,475,470,542.7497,0,NaN,637.7108
rc_201.1,19,PSO_GlobalRelocate,930105,950,950,259.8433,0,NaN,555.007
rc_201.1,19,PSO_FeasibilityRelocate,930105,475,470,0,1,425,555.9823
rc_201.1,19,PSO_FeasibilityRelocate,930105,950,950,0,1,425,465.4905
rc_201.1,19,RandomKeyPSO,930106,475,460,715.2204,0,NaN,511.2339
rc_201.1,19,RandomKeyPSO,930106,950,950,450.7937,0,NaN,527.3901
rc_201.1,19,PSO_GlobalRelocate,930106,475,470,656.7176,0,NaN,550.5379
rc_201.1,19,PSO_GlobalRelocate,930106,950,950,19.3759,0,NaN,530.9156
rc_201.1,19,PSO_FeasibilityRelocate,930106,475,470,125.512,0,605,539.7237
rc_201.1,19,PSO_FeasibilityRelocate,930106,950,950,0,1,605,451.6345
rc_201.1,19,RandomKeyPSO,930107,475,460,433.3393,0,NaN,649.3645
rc_201.1,19,RandomKeyPSO,930107,950,950,354.9369,0,NaN,567.2976
rc_201.1,19,PSO_GlobalRelocate,930107,475,470,668.1402,0,NaN,630.9927
rc_201.1,19,PSO_GlobalRelocate,930107,950,950,114.9643,0,NaN,525.9717
rc_201.1,19,PSO_FeasibilityRelocate,930107,475,470,0,1,380,511.5723
rc_201.1,19,PSO_FeasibilityRelocate,930107,950,950,0,1,380,483.0965
rc_201.1,19,RandomKeyPSO,930108,475,460,1238.7783,0,NaN,607.2628
rc_201.1,19,RandomKeyPSO,930108,950,950,1173.9894,0,NaN,570.0943
rc_201.1,19,PSO_GlobalRelocate,930108,475,470,806.4383,0,NaN,650.3587
rc_201.1,19,PSO_GlobalRelocate,930108,950,950,102.4392,0,NaN,559.5498
rc_201.1,19,PSO_FeasibilityRelocate,930108,475,470,0,1,425,534.7118
rc_201.1,19,PSO_FeasibilityRelocate,930108,950,950,0,1,425,460.2322
rc_201.1,19,RandomKeyPSO,930109,475,460,769.2313,0,NaN,694.5087
rc_201.1,19,RandomKeyPSO,930109,950,950,555.8507,0,NaN,689.2174
rc_201.1,19,PSO_GlobalRelocate,930109,475,470,579.8023,0,NaN,636.3053
rc_201.1,19,PSO_GlobalRelocate,930109,950,950,216.4023,0,NaN,568.0211
rc_201.1,19,PSO_FeasibilityRelocate,930109,475,470,57.4037000000001,0,560,632.1481
rc_201.1,19,PSO_FeasibilityRelocate,930109,950,950,0,1,560,556.264
rc_201.1,19,RandomKeyPSO,930110,475,460,1332.1191,0,NaN,586.0455
rc_201.1,19,RandomKeyPSO,930110,950,950,707.7594,0,NaN,557.2638
rc_201.1,19,PSO_GlobalRelocate,930110,475,470,900.9037,0,NaN,677.5351
rc_201.1,19,PSO_GlobalRelocate,930110,950,950,348.8495,0,NaN,629.4354
rc_201.1,19,PSO_FeasibilityRelocate,930110,475,470,32.1507,0,515,558.2512
rc_201.1,19,PSO_FeasibilityRelocate,930110,950,950,0,1,515,490.0341
rc_201.3,31,RandomKeyPSO,930201,775,760,5231,0,NaN,1152.1015
rc_201.3,31,RandomKeyPSO,930201,1550,1550,3811.104,0,NaN,993.0853
rc_201.3,31,PSO_GlobalRelocate,930201,775,740,4845.6004,0,NaN,1007.1654
rc_201.3,31,PSO_GlobalRelocate,930201,1550,1550,2871.5887,0,NaN,1012.4391
rc_201.3,31,PSO_FeasibilityRelocate,930201,775,740,906.4836,0,NaN,931.3912
rc_201.3,31,PSO_FeasibilityRelocate,930201,1550,1550,79.8439000000001,0,NaN,879.9005
rc_201.3,31,RandomKeyPSO,930202,775,760,6565.2625,0,NaN,1039.1592
rc_201.3,31,RandomKeyPSO,930202,1550,1550,6010.7806,0,NaN,1026.9302
rc_201.3,31,PSO_GlobalRelocate,930202,775,740,4344.3104,0,NaN,1177.4579
rc_201.3,31,PSO_GlobalRelocate,930202,1550,1550,2333.1344,0,NaN,1050.4734
rc_201.3,31,PSO_FeasibilityRelocate,930202,775,740,655.2472,0,NaN,919.8706
rc_201.3,31,PSO_FeasibilityRelocate,930202,1550,1550,11.2693999999999,0,NaN,881.0186
rc_201.3,31,RandomKeyPSO,930203,775,760,5087.8343,0,NaN,926.3561
rc_201.3,31,RandomKeyPSO,930203,1550,1550,4500.8183,0,NaN,890.9863
rc_201.3,31,PSO_GlobalRelocate,930203,775,740,7618.4535,0,NaN,1155.8292
rc_201.3,31,PSO_GlobalRelocate,930203,1550,1550,2712.7019,0,NaN,992.8111
rc_201.3,31,PSO_FeasibilityRelocate,930203,775,740,1810.0659,0,1511,1026.9612
rc_201.3,31,PSO_FeasibilityRelocate,930203,1550,1550,0,1,1511,859.2481
rc_201.3,31,RandomKeyPSO,930204,775,760,4311.2366,0,NaN,917.3357
rc_201.3,31,RandomKeyPSO,930204,1550,1550,3856.5798,0,NaN,871.6174
rc_201.3,31,PSO_GlobalRelocate,930204,775,740,3326.8432,0,NaN,1018.6389
rc_201.3,31,PSO_GlobalRelocate,930204,1550,1550,1518.884,0,NaN,947.3996
rc_201.3,31,PSO_FeasibilityRelocate,930204,775,740,394.585699999999,0,NaN,875.5271
rc_201.3,31,PSO_FeasibilityRelocate,930204,1550,1550,285.895699999999,0,NaN,866.4431
rc_201.3,31,RandomKeyPSO,930205,775,760,4452.3457,0,NaN,857.3417
rc_201.3,31,RandomKeyPSO,930205,1550,1550,3353.6337,0,NaN,893.1956
rc_201.3,31,PSO_GlobalRelocate,930205,775,740,4805.6681,0,NaN,904.1327
rc_201.3,31,PSO_GlobalRelocate,930205,1550,1550,3073.2463,0,NaN,866.0759
rc_201.3,31,PSO_FeasibilityRelocate,930205,775,740,810.7731,0,NaN,941.5744
rc_201.3,31,PSO_FeasibilityRelocate,930205,1550,1550,331.2592,0,NaN,909.6418
rc_201.3,31,RandomKeyPSO,930206,775,760,7772.1925,0,NaN,1119.5942
rc_201.3,31,RandomKeyPSO,930206,1550,1550,5235.8776,0,NaN,924.3503
rc_201.3,31,PSO_GlobalRelocate,930206,775,740,5531.1391,0,NaN,1030.233
rc_201.3,31,PSO_GlobalRelocate,930206,1550,1550,2523.1348,0,NaN,1074.667
rc_201.3,31,PSO_FeasibilityRelocate,930206,775,740,1037.3741,0,NaN,1018.2044
rc_201.3,31,PSO_FeasibilityRelocate,930206,1550,1550,24.8278999999997,0,NaN,883.0435
rc_201.3,31,RandomKeyPSO,930207,775,760,5614.6061,0,NaN,980.0322
rc_201.3,31,RandomKeyPSO,930207,1550,1550,5546.4582,0,NaN,967.153
rc_201.3,31,PSO_GlobalRelocate,930207,775,740,6025.4374,0,NaN,1171.0587
rc_201.3,31,PSO_GlobalRelocate,930207,1550,1550,2609.9878,0,NaN,1025.8775
rc_201.3,31,PSO_FeasibilityRelocate,930207,775,740,2002.041,0,NaN,971.7862
rc_201.3,31,PSO_FeasibilityRelocate,930207,1550,1550,1717.2635,0,NaN,908.9985
rc_201.3,31,RandomKeyPSO,930208,775,760,4679.9159,0,NaN,994.8259
rc_201.3,31,RandomKeyPSO,930208,1550,1550,3952.3324,0,NaN,945.8504
rc_201.3,31,PSO_GlobalRelocate,930208,775,740,7145.2906,0,NaN,1109.3362
rc_201.3,31,PSO_GlobalRelocate,930208,1550,1550,4563.1603,0,NaN,1027.6784
rc_201.3,31,PSO_FeasibilityRelocate,930208,775,740,2385.1992,0,NaN,1004.1852
rc_201.3,31,PSO_FeasibilityRelocate,930208,1550,1550,1991.5148,0,NaN,1028.8213
rc_201.3,31,RandomKeyPSO,930209,775,760,6718.8671,0,NaN,1123.2895
rc_201.3,31,RandomKeyPSO,930209,1550,1550,4454.0305,0,NaN,930.9869
rc_201.3,31,PSO_GlobalRelocate,930209,775,740,4455.4722,0,NaN,1127.1511
rc_201.3,31,PSO_GlobalRelocate,930209,1550,1550,2102.9993,0,NaN,1017.8918
rc_201.3,31,PSO_FeasibilityRelocate,930209,775,740,2215.8221,0,NaN,1048.9975
rc_201.3,31,PSO_FeasibilityRelocate,930209,1550,1550,194.6159,0,NaN,860.4963
rc_201.3,31,RandomKeyPSO,930210,775,760,6521.4391,0,NaN,1056.3829
rc_201.3,31,RandomKeyPSO,930210,1550,1550,5656.2084,0,NaN,1055.2587
rc_201.3,31,PSO_GlobalRelocate,930210,775,740,4691.1731,0,NaN,954.9285
rc_201.3,31,PSO_GlobalRelocate,930210,1550,1550,2365.959,0,NaN,855.1699
rc_201.3,31,PSO_FeasibilityRelocate,930210,775,740,2082.9588,0,NaN,1028.7601
rc_201.3,31,PSO_FeasibilityRelocate,930210,1550,1550,93.9012,0,NaN,830.3157
rc_204.1,45,RandomKeyPSO,930301,1125,1120,7908.9724,0,NaN,1727.0155
rc_204.1,45,RandomKeyPSO,930301,2250,2250,6995.0122,0,NaN,1674.0024
rc_204.1,45,PSO_GlobalRelocate,930301,1125,1100,4850.9699,0,NaN,1534.3801
rc_204.1,45,PSO_GlobalRelocate,930301,2250,2250,3619.1035,0,NaN,1413.9436
rc_204.1,45,PSO_FeasibilityRelocate,930301,1125,1100,5082.1659,0,NaN,1568.3435
rc_204.1,45,PSO_FeasibilityRelocate,930301,2250,2250,1591.8596,0,NaN,1148.5652
rc_204.1,45,RandomKeyPSO,930302,1125,1120,12244.7652,0,NaN,1991.2689
rc_204.1,45,RandomKeyPSO,930302,2250,2250,7685.0347,0,NaN,1693.1464
rc_204.1,45,PSO_GlobalRelocate,930302,1125,1100,6443.3418,0,NaN,1584.3509
rc_204.1,45,PSO_GlobalRelocate,930302,2250,2250,2999.8906,0,NaN,1312.5114
rc_204.1,45,PSO_FeasibilityRelocate,930302,1125,1100,3833.2599,0,NaN,1326.8031
rc_204.1,45,PSO_FeasibilityRelocate,930302,2250,2250,3712.4128,0,NaN,1319.4667
rc_204.1,45,RandomKeyPSO,930303,1125,1120,8457.7852,0,NaN,1744.5986
rc_204.1,45,RandomKeyPSO,930303,2250,2250,7169.4866,0,NaN,1717.195
rc_204.1,45,PSO_GlobalRelocate,930303,1125,1100,7554.3158,0,NaN,1721.1155
rc_204.1,45,PSO_GlobalRelocate,930303,2250,2250,3899.0379,0,NaN,1535.4616
rc_204.1,45,PSO_FeasibilityRelocate,930303,1125,1100,3836.7165,0,NaN,1404.7832
rc_204.1,45,PSO_FeasibilityRelocate,930303,2250,2250,1548.4911,0,NaN,1187.841
rc_204.1,45,RandomKeyPSO,930304,1125,1120,7347.2721,0,NaN,1701.0317
rc_204.1,45,RandomKeyPSO,930304,2250,2250,6999.90179999999,0,NaN,1661.4312
rc_204.1,45,PSO_GlobalRelocate,930304,1125,1100,5576.0398,0,NaN,1583.4957
rc_204.1,45,PSO_GlobalRelocate,930304,2250,2250,2933.627,0,NaN,1313.2359
rc_204.1,45,PSO_FeasibilityRelocate,930304,1125,1100,3885.3991,0,NaN,1412.0496
rc_204.1,45,PSO_FeasibilityRelocate,930304,2250,2250,3026.9867,0,NaN,1330.7328
rc_204.1,45,RandomKeyPSO,930305,1125,1120,8939.3963,0,NaN,1638.9729
rc_204.1,45,RandomKeyPSO,930305,2250,2250,8222.0172,0,NaN,1563.1546
rc_204.1,45,PSO_GlobalRelocate,930305,1125,1100,7461.6752,0,NaN,1796.7368
rc_204.1,45,PSO_GlobalRelocate,930305,2250,2250,3687.5241,0,NaN,1611.8803
rc_204.1,45,PSO_FeasibilityRelocate,930305,1125,1100,3960.7326,0,NaN,1384.4417
rc_204.1,45,PSO_FeasibilityRelocate,930305,2250,2250,3062.3614,0,NaN,1271.0594
rc_204.1,45,RandomKeyPSO,930306,1125,1120,8258.5817,0,NaN,1699.161
rc_204.1,45,RandomKeyPSO,930306,2250,2250,6804.0178,0,NaN,1578.1964
rc_204.1,45,PSO_GlobalRelocate,930306,1125,1100,6853.06870000001,0,NaN,1661.3804
rc_204.1,45,PSO_GlobalRelocate,930306,2250,2250,2683.584,0,NaN,1375.931
rc_204.1,45,PSO_FeasibilityRelocate,930306,1125,1100,4051.4886,0,NaN,1381.1359
rc_204.1,45,PSO_FeasibilityRelocate,930306,2250,2250,3925.0789,0,NaN,1371.003
rc_204.1,45,RandomKeyPSO,930307,1125,1120,8790.2891,0,NaN,1744.7337
rc_204.1,45,RandomKeyPSO,930307,2250,2250,5497.1686,0,NaN,1478.8774
rc_204.1,45,PSO_GlobalRelocate,930307,1125,1100,3999.2889,0,NaN,1464.0594
rc_204.1,45,PSO_GlobalRelocate,930307,2250,2250,2679.1442,0,NaN,1375.8376
rc_204.1,45,PSO_FeasibilityRelocate,930307,1125,1100,3515.1422,0,NaN,1354.9687
rc_204.1,45,PSO_FeasibilityRelocate,930307,2250,2250,3201.6667,0,NaN,1337.9282
rc_204.1,45,RandomKeyPSO,930308,1125,1120,9458.1855,0,NaN,1798.1175
rc_204.1,45,RandomKeyPSO,930308,2250,2250,6149.76550000001,0,NaN,1545.1122
rc_204.1,45,PSO_GlobalRelocate,930308,1125,1100,4635.4481,0,NaN,1527.7793
rc_204.1,45,PSO_GlobalRelocate,930308,2250,2250,3163.7848,0,NaN,1413.8516
rc_204.1,45,PSO_FeasibilityRelocate,930308,1125,1100,5596.5931,0,NaN,1445.4735
rc_204.1,45,PSO_FeasibilityRelocate,930308,2250,2250,5418.3049,0,NaN,1455.6996
rc_204.1,45,RandomKeyPSO,930309,1125,1120,8894.7269,0,NaN,1919.5615
rc_204.1,45,RandomKeyPSO,930309,2250,2250,5309.8842,0,NaN,1591.7028
rc_204.1,45,PSO_GlobalRelocate,930309,1125,1100,6288.4489,0,NaN,1642.1115
rc_204.1,45,PSO_GlobalRelocate,930309,2250,2250,3048.0533,0,NaN,1481.462
rc_204.1,45,PSO_FeasibilityRelocate,930309,1125,1100,2435.2657,0,NaN,1233.5703
rc_204.1,45,PSO_FeasibilityRelocate,930309,2250,2250,1404.8882,0,NaN,1103.2733
rc_204.1,45,RandomKeyPSO,930310,1125,1120,8807.5039,0,NaN,1738.559
rc_204.1,45,RandomKeyPSO,930310,2250,2250,7380.4943,0,NaN,1654.2218
rc_204.1,45,PSO_GlobalRelocate,930310,1125,1100,6228.1798,0,NaN,1509.6705
rc_204.1,45,PSO_GlobalRelocate,930310,2250,2250,3039.2056,0,NaN,1321.4634
rc_204.1,45,PSO_FeasibilityRelocate,930310,1125,1100,2629.3777,0,NaN,1388.0864
rc_204.1,45,PSO_FeasibilityRelocate,930310,2250,2250,1494.6898,0,NaN,1201.187
